reaction,reactor,k_M,delta_um,xk_um,D_S_m2s,i_fick_mAcm2,i_k0_mAcm2,i_saveant_mAcm2,i_subcap_mAcm2,i_ec_mAcm2,amplification,limiter,path
"Ni-catalyzed aryl amination (ArBr + amine)","Unstirred batch",0.0,228.0,Inf,1.9148936170212767e-10,0.10657397373192981,0.10696393502927198,NaN,0.8103471332586786,0.10696393502927198,1.0,"newton-wall (no collapse); plateau (c-control; c_red/cb 1.42e-03, c_sub/cb 1.0e+00)","direct-ramp"
"Ni-catalyzed aryl amination (ArBr + amine)","Unstirred batch",1.0,228.0,70.97041637189399,1.9148936170212767e-10,0.10657397373192981,0.10696393502927198,0.34238020929102136,0.8103471332586786,0.3024892659137073,2.8279556640369243,"newton-wall (no collapse); plateau (c-control; c_red/cb 1.93e-03, c_sub/cb 7.6e-01)","direct-ramp"
"Ni-catalyzed aryl amination (ArBr + amine)","Unstirred batch",10.0,228.0,22.442816222568858,1.9148936170212767e-10,0.10657397373192981,0.10696393502927198,1.082701287124771,0.8103471332586786,0.642071494710768,6.002691416831826,"plateau (c-control; c_red/cb 3.09e-03, c_sub/cb 3.4e-01)","c-control"
"Ni-catalyzed aryl amination (ArBr + amine)","Unstirred batch",100.0,228.0,7.0970416371894,1.9148936170212767e-10,0.10657397373192981,0.10696393502927198,3.4238020929102144,0.8103471332586786,0.873793579540342,8.16904856109882,"plateau (c-control; c_red/cb 6.33e-03, c_sub/cb 5.3e-02)","c-control"
"Ni-catalyzed aryl amination (ArBr + amine)","Unstirred batch",1000.0,228.0,2.244281622256886,1.9148936170212767e-10,0.10657397373192981,0.10696393502927198,10.827012871247712,0.8103471332586786,0.9139461938618608,8.544433164428257,"plateau (c-control; c_red/cb 1.32e-02, c_sub/cb 2.0e-03)","c-control"
"Ni-catalyzed aryl amination (ArBr + amine)","Unstirred batch",10000.0,228.0,0.70970416371894,1.9148936170212767e-10,0.10657397373192981,0.10696393502927198,34.23802092910214,0.8103471332586786,0.9156361292514927,8.56023227829939,"plateau (c-control; c_red/cb 1.24e-02, c_sub/cb 1.8e-06)","c-control"
"Ni-catalyzed aryl amination (ArBr + amine)","Stirred batch",0.0,200.0,Inf,1.9148936170212767e-10,0.12149433005439998,0.12193888593336998,NaN,0.9237957319148935,0.12193888593336998,1.0,"newton-wall (no collapse); plateau (c-control; c_red/cb 1.42e-03, c_sub/cb 1.0e+00)","direct-ramp"
"Ni-catalyzed aryl amination (ArBr + amine)","Stirred batch",1.0,200.0,70.97041637189399,1.9148936170212767e-10,0.12149433005439998,0.12193888593336998,0.34238020929102136,0.9237957319148935,0.3110706584504659,2.551037399344796,"newton-wall (no collapse); plateau (c-control; c_red/cb 1.80e-03, c_sub/cb 8.0e-01)","direct-ramp"
"Ni-catalyzed aryl amination (ArBr + amine)","Stirred batch",10.0,200.0,22.442816222568858,1.9148936170212767e-10,0.12149433005439998,0.12193888593336998,1.082701287124771,0.9237957319148935,0.6861110789109603,5.6266799032907855,"plateau (c-control; c_red/cb 2.28e-03, c_sub/cb 3.9e-01)","c-control"
"Ni-catalyzed aryl amination (ArBr + amine)","Stirred batch",100.0,200.0,7.0970416371894,1.9148936170212767e-10,0.12149433005439998,0.12193888593336998,3.4238020929102144,0.9237957319148935,0.9808545625616519,8.04382092762117,"plateau (c-control; c_red/cb 6.33e-03, c_sub/cb 6.9e-02)","c-control"
"Ni-catalyzed aryl amination (ArBr + amine)","Stirred batch",1000.0,200.0,2.244281622256886,1.9148936170212767e-10,0.12149433005439998,0.12193888593336998,10.827012871247712,0.9237957319148935,1.0408511868801944,8.535843007856721,"plateau (c-control; c_red/cb 1.24e-02, c_sub/cb 3.3e-03)","c-control"
"Ni-catalyzed aryl amination (ArBr + amine)","Stirred batch",10000.0,200.0,0.70970416371894,1.9148936170212767e-10,0.12149433005439998,0.12193888593336998,34.23802092910214,0.9237957319148935,1.0438334599439496,8.560300120458068,"plateau (c-control; c_red/cb 1.24e-02, c_sub/cb 5.8e-06)","c-control"
"Ni-catalyzed aryl amination (ArBr + amine)","Recirculating flow cell",0.0,106.89999999999999,Inf,1.9148936170212767e-10,0.2273046399521048,0.22813636283137528,NaN,1.7283362617678084,0.22813636283137528,1.0,"newton-wall (no collapse); plateau (c-control; c_red/cb 1.42e-03, c_sub/cb 1.0e+00)","direct-ramp"
"Ni-catalyzed aryl amination (ArBr + amine)","Recirculating flow cell",1.0,106.89999999999999,70.97041637189399,1.9148936170212767e-10,0.2273046399521048,0.22813636283137528,0.34238020929102136,1.7283362617678084,0.36806074700515157,1.6133366134060791,"newton-wall (no collapse); plateau (c-control; c_red/cb 1.70e-03, c_sub/cb 9.2e-01)","direct-ramp"
"Ni-catalyzed aryl amination (ArBr + amine)","Recirculating flow cell",10.0,106.89999999999999,22.442816222568858,1.9148936170212767e-10,0.2273046399521048,0.22813636283137528,1.082701287124771,1.7283362617678084,0.8682361940417131,3.8057773134722113,"newton-wall; mediator; plateau (c-control; c_red/cb 2.08e-03, c_sub/cb 6.3e-01)","direct-ramp"
"Ni-catalyzed aryl amination (ArBr + amine)","Recirculating flow cell",100.0,106.89999999999999,7.0970416371894,1.9148936170212767e-10,0.2273046399521048,0.22813636283137528,3.4238020929102144,1.7283362617678084,1.6010748230155796,7.018060615786173,"plateau (c-control; c_red/cb 3.38e-03, c_sub/cb 2.1e-01)","c-control"
"Ni-catalyzed aryl amination (ArBr + amine)","Recirculating flow cell",1000.0,106.89999999999999,2.244281622256886,1.9148936170212767e-10,0.2273046399521048,0.22813636283137528,10.827012871247712,1.7283362617678084,1.9176477680228814,8.405708516709769,"plateau (c-control; c_red/cb 8.60e-03, c_sub/cb 2.1e-02)","c-control"
"Ni-catalyzed aryl amination (ArBr + amine)","Recirculating flow cell",10000.0,106.89999999999999,0.70970416371894,1.9148936170212767e-10,0.2273046399521048,0.22813636283137528,34.23802092910214,1.7283362617678084,1.9518281846322574,8.555533017219757,"plateau (c-control; c_red/cb 1.48e-02, c_sub/cb 3.7e-04)","c-control"
"Ni-catalyzed aryl amination (ArBr + amine)","ANEC flow cell",0.0,36.199999999999996,Inf,1.9148936170212767e-10,0.6712393925657458,0.6736955023943096,NaN,5.103843822734219,0.6736955023943096,1.0,"newton-wall (no collapse); plateau (c-control; c_red/cb 1.42e-03, c_sub/cb 1.0e+00)","direct-ramp"
"Ni-catalyzed aryl amination (ArBr + amine)","ANEC flow cell",1.0,36.199999999999996,70.97041637189399,1.9148936170212767e-10,0.6712393925657458,0.6736955023943096,0.34238020929102136,5.103843822734219,0.7304056460097309,1.0841777084957132,"newton-wall; mediator; plateau (c-control; c_red/cb 1.73e-03, c_sub/cb 9.9e-01)","direct-ramp"
"Ni-catalyzed aryl amination (ArBr + amine)","ANEC flow cell",10.0,36.199999999999996,22.442816222568858,1.9148936170212767e-10,0.6712393925657458,0.6736955023943096,1.082701287124771,5.103843822734219,1.1372095601078864,1.6880171473109895,"newton-wall; mediator; plateau (c-control; c_red/cb 1.77e-03, c_sub/cb 9.1e-01)","direct-ramp"
"Ni-catalyzed aryl amination (ArBr + amine)","ANEC flow cell",100.0,36.199999999999996,7.0970416371894,1.9148936170212767e-10,0.6712393925657458,0.6736955023943096,3.4238020929102144,5.103843822734219,2.691392925976347,3.9949694133494336,"newton-wall; mediator; plateau (c-control; c_red/cb 2.02e-03, c_sub/cb 6.1e-01)","direct-ramp"
"Ni-catalyzed aryl amination (ArBr + amine)","ANEC flow cell",1000.0,36.199999999999996,2.244281622256886,1.9148936170212767e-10,0.6712393925657458,0.6736955023943096,10.827012871247712,5.103843822734219,4.828812124028897,7.167647857032335,"plateau (c-control; c_red/cb 3.66e-03, c_sub/cb 1.9e-01)","c-control"
"Ni-catalyzed aryl amination (ArBr + amine)","ANEC flow cell",10000.0,36.199999999999996,0.70970416371894,1.9148936170212767e-10,0.6712393925657458,0.6736955023943096,34.23802092910214,5.103843822734219,5.679957894719118,8.43104618411817,"plateau (c-control; c_red/cb 9.64e-03, c_sub/cb 1.8e-02)","c-control"
"Ni-catalyzed aryl amination (ArBr + amine)","Microfluidic cell (25 um gap)",0.0,12.499999999999998,Inf,1.9148936170212767e-10,1.9439092808704002,1.9510221749339216,NaN,14.7807317106383,1.9510221749339216,1.0,"newton-wall (no collapse); plateau (c-control; c_red/cb 1.42e-03, c_sub/cb 1.0e+00)","direct-ramp"
"Ni-catalyzed aryl amination (ArBr + amine)","Microfluidic cell (25 um gap)",1.0,12.499999999999998,70.97041637189399,1.9148936170212767e-10,1.9439092808704002,1.9510221749339216,0.34238020929102136,14.7807317106383,1.9704212579732248,1.0099430356499972,"plateau (c-control; c_red/cb 1.59e-03, c_sub/cb 1.0e+00)","c-control"
"Ni-catalyzed aryl amination (ArBr + amine)","Microfluidic cell (25 um gap)",10.0,12.499999999999998,22.442816222568858,1.9148936170212767e-10,1.9439092808704002,1.9510221749339216,1.082701287124771,14.7807317106383,2.143504275057367,1.0986570540285965,"plateau (c-control; c_red/cb 1.58e-03, c_sub/cb 9.9e-01)","c-control"
"Ni-catalyzed aryl amination (ArBr + amine)","Microfluidic cell (25 um gap)",100.0,12.499999999999998,7.0970416371894,1.9148936170212767e-10,1.9439092808704002,1.9510221749339216,3.4238020929102144,14.7807317106383,3.4924062362639603,1.7900392323230478,"plateau (c-control; c_red/cb 1.57e-03, c_sub/cb 9.0e-01)","c-control"
"Ni-catalyzed aryl amination (ArBr + amine)","Microfluidic cell (25 um gap)",1000.0,12.499999999999998,2.244281622256886,1.9148936170212767e-10,1.9439092808704002,1.9510221749339216,10.827012871247712,14.7807317106383,8.280546733633505,4.24420944057899,"newton-wall; mediator; plateau (c-control; c_red/cb 2.24e-03, c_sub/cb 5.7e-01)","direct-ramp"
"Ni-catalyzed aryl amination (ArBr + amine)","Microfluidic cell (25 um gap)",10000.0,12.499999999999998,0.70970416371894,1.9148936170212767e-10,1.9439092808704002,1.9510221749339216,34.23802092910214,14.7807317106383,14.339410960806966,7.349691431002121,"plateau (c-control; c_red/cb 4.58e-03, c_sub/cb 1.6e-01)","c-control"
"Ni-catalyzed aryl amination (ArBr + amine)","RDE 1600 rpm",0.0,8.85764188710124,Inf,1.9148936170212767e-10,2.7432657947331025,2.7533035877402323,NaN,20.858728399488633,2.7533035877402323,1.0,"newton-wall (no collapse); plateau (c-control; c_red/cb 1.42e-03, c_sub/cb 1.0e+00)","direct-ramp"
"Ni-catalyzed aryl amination (ArBr + amine)","RDE 1600 rpm",1.0,8.85764188710124,70.97041637189399,1.9148936170212767e-10,2.7432657947331025,2.7533035877402323,0.34238020929102136,20.858728399488633,2.766622302285191,1.0048373577851217,"plateau (c-control; c_red/cb 1.64e-03, c_sub/cb 1.0e+00)","c-control"
"Ni-catalyzed aryl amination (ArBr + amine)","RDE 1600 rpm",10.0,8.85764188710124,22.442816222568858,1.9148936170212767e-10,2.7432657947331025,2.7533035877402323,1.082701287124771,20.858728399488633,2.894938846345731,1.0514419329696025,"newton-wall; mediator; plateau (c-control; c_red/cb 1.41e-03, c_sub/cb 9.9e-01)","direct-ramp"
"Ni-catalyzed aryl amination (ArBr + amine)","RDE 1600 rpm",100.0,8.85764188710124,7.0970416371894,1.9148936170212767e-10,2.7432657947331025,2.7533035877402323,3.4238020929102144,20.858728399488633,3.9818124120696794,1.4461944660950896,"newton-wall; mediator; plateau (c-control; c_red/cb 1.51e-03, c_sub/cb 9.4e-01)","direct-ramp"
"Ni-catalyzed aryl amination (ArBr + amine)","RDE 1600 rpm",1000.0,8.85764188710124,2.244281622256886,1.9148936170212767e-10,2.7432657947331025,2.7533035877402323,10.827012871247712,20.858728399488633,9.114469298442971,3.310375702493328,"plateau (c-control; c_red/cb 2.02e-03, c_sub/cb 7.0e-01)","c-control"
"Ni-catalyzed aryl amination (ArBr + amine)","RDE 1600 rpm",10000.0,8.85764188710124,0.70970416371894,1.9148936170212767e-10,2.7432657947331025,2.7533035877402323,34.23802092910214,20.858728399488633,18.089223973710787,6.570007046900876,"newton-wall (no collapse); plateau (c-control; c_red/cb 3.49e-03, c_sub/cb 2.7e-01)","direct-ramp"
"Ni-catalyzed aryl amination (ArBr + amine)","Rotating cylinder 3000 rpm",0.0,9.10732936801866,Inf,1.9148936170212767e-10,2.668056136874549,2.677818732713703,NaN,20.28686335115756,2.677818732713703,1.0,"newton-wall (no collapse); plateau (c-control; c_red/cb 1.42e-03, c_sub/cb 1.0e+00)","direct-ramp"
"Ni-catalyzed aryl amination (ArBr + amine)","Rotating cylinder 3000 rpm",1.0,9.10732936801866,70.97041637189399,1.9148936170212767e-10,2.668056136874549,2.677818732713703,0.34238020929102136,20.28686335115756,2.6914091073810056,1.0050751660302004,"plateau (c-control; c_red/cb 1.69e-03, c_sub/cb 1.0e+00)","c-control"
"Ni-catalyzed aryl amination (ArBr + amine)","Rotating cylinder 3000 rpm",10.0,9.10732936801866,22.442816222568858,1.9148936170212767e-10,2.668056136874549,2.677818732713703,1.082701287124771,20.28686335115756,2.821832366819116,1.053780202650039,"newton-wall; mediator; plateau (c-control; c_red/cb 1.48e-03, c_sub/cb 9.9e-01)","direct-ramp"
"Ni-catalyzed aryl amination (ArBr + amine)","Rotating cylinder 3000 rpm",100.0,9.10732936801866,7.0970416371894,1.9148936170212767e-10,2.668056136874549,2.677818732713703,3.4238020929102144,20.28686335115756,3.9306121201837514,1.4678409976617302,"newton-wall; mediator; plateau (c-control; c_red/cb 1.75e-03, c_sub/cb 9.4e-01)","direct-ramp"
"Ni-catalyzed aryl amination (ArBr + amine)","Rotating cylinder 3000 rpm",1000.0,9.10732936801866,2.244281622256886,1.9148936170212767e-10,2.668056136874549,2.677818732713703,10.827012871247712,20.28686335115756,9.053436767109234,3.38089978104473,"newton-wall (no collapse); plateau (c-control; c_red/cb 1.97e-03, c_sub/cb 6.9e-01)","direct-ramp"
"Ni-catalyzed aryl amination (ArBr + amine)","Rotating cylinder 3000 rpm",10000.0,9.10732936801866,0.70970416371894,1.9148936170212767e-10,2.668056136874549,2.677818732713703,34.23802092910214,20.28686335115756,17.78591518451773,6.6419414306260665,"newton-wall (no collapse); plateau (c-control; c_red/cb 3.18e-03, c_sub/cb 2.6e-01)","direct-ramp"
"Electrochemical amination of ArX with NH3","Unstirred batch",0.0,228.0,Inf,2.3806451612903226e-10,0.13779358026190877,0.13829777618744976,NaN,2.095484493962649,0.13829777618744976,1.0,"newton-wall (no collapse); plateau (c-control; c_red/cb 1.42e-03, c_sub/cb 1.0e+00)","direct-ramp"
"Electrochemical amination of ArX with NH3","Unstirred batch",1.0,228.0,54.867848228546094,2.3806451612903226e-10,0.13779358026190877,0.13829777618744976,0.5725928264737364,2.095484493962649,0.5183673249092985,3.7481971091617545,"newton-wall (no collapse); plateau (c-control; c_red/cb 1.96e-03, c_sub/cb 8.2e-01)","direct-ramp"
"Electrochemical amination of ArX with NH3","Unstirred batch",10.0,228.0,17.350737071464053,2.3806451612903226e-10,0.13779358026190877,0.13829777618744976,1.810697503530566,2.095484493962649,1.2463792886258827,9.012287275946733,"newton-wall; mediator; plateau (c-control; c_red/cb 2.43e-03, c_sub/cb 4.7e-01)","direct-ramp"
"Electrochemical amination of ArX with NH3","Unstirred batch",100.0,228.0,5.4867848228546094,2.3806451612903226e-10,0.13779358026190877,0.13829777618744976,5.725928264737364,2.095484493962649,1.9910072943389097,14.396524291470056,"plateau (c-control; c_red/cb 6.46e-03, c_sub/cb 1.2e-01)","c-control"
"Electrochemical amination of ArX with NH3","Unstirred batch",1000.0,228.0,1.735073707146405,2.3806451612903226e-10,0.13779358026190877,0.13829777618744976,18.10697503530566,2.095484493962649,2.209849912516735,15.978925861551735,"plateau (c-control; c_red/cb 1.75e-02, c_sub/cb 1.0e-02)","c-control"
"Electrochemical amination of ArX with NH3","Unstirred batch",10000.0,228.0,0.5486784822854609,2.3806451612903226e-10,0.13779358026190877,0.13829777618744976,57.259282647373645,2.095484493962649,2.229741040116456,16.122754114963133,"plateau (c-control; c_red/cb 2.39e-02, c_sub/cb 1.6e-04)","c-control"
"Electrochemical amination of ArX with NH3","Stirred batch",0.0,200.0,Inf,2.3806451612903226e-10,0.15708468149857602,0.15765946485369275,NaN,2.3888523231174195,0.15765946485369275,1.0,"newton-wall (no collapse); plateau (c-control; c_red/cb 1.42e-03, c_sub/cb 1.0e+00)","direct-ramp"
"Electrochemical amination of ArX with NH3","Stirred batch",1.0,200.0,54.867848228546094,2.3806451612903226e-10,0.15708468149857602,0.15765946485369275,0.5725928264737364,2.3888523231174195,0.5273923010123279,3.345135678988544,"newton-wall (no collapse); plateau (c-control; c_red/cb 1.64e-03, c_sub/cb 8.5e-01)","direct-ramp"
"Electrochemical amination of ArX with NH3","Stirred batch",10.0,200.0,17.350737071464053,2.3806451612903226e-10,0.15708468149857602,0.15765946485369275,1.810697503530566,2.3888523231174195,1.306882626647989,8.289274785124826,"newton-wall (no collapse); plateau (c-control; c_red/cb 2.17e-03, c_sub/cb 5.2e-01)","direct-ramp"
"Electrochemical amination of ArX with NH3","Stirred batch",100.0,200.0,5.4867848228546094,2.3806451612903226e-10,0.15708468149857602,0.15765946485369275,5.725928264737364,2.3888523231174195,2.20441165193955,13.98210791838748,"plateau (c-control; c_red/cb 5.09e-03, c_sub/cb 1.4e-01)","c-control"
"Electrochemical amination of ArX with NH3","Stirred batch",1000.0,200.0,1.735073707146405,2.3806451612903226e-10,0.15708468149857602,0.15765946485369275,18.10697503530566,2.3888523231174195,2.509946272453852,15.92004815431202,"plateau (c-control; c_red/cb 1.63e-02, c_sub/cb 1.4e-02)","c-control"
"Electrochemical amination of ArX with NH3","Stirred batch",10000.0,200.0,0.5486784822854609,2.3806451612903226e-10,0.15708468149857602,0.15765946485369275,57.259282647373645,2.3888523231174195,2.541643686070026,16.12109801608587,"plateau (c-control; c_red/cb 2.34e-02, c_sub/cb 3.1e-04)","c-control"
"Electrochemical amination of ArX with NH3","Recirculating flow cell",0.0,106.89999999999999,Inf,2.3806451612903226e-10,0.29389089148470726,0.29496625791149234,NaN,4.469321465140168,0.29496625791149234,1.0,"newton-wall (no collapse); plateau (c-control; c_red/cb 1.42e-03, c_sub/cb 1.0e+00)","direct-ramp"
"Electrochemical amination of ArX with NH3","Recirculating flow cell",1.0,106.89999999999999,54.867848228546094,2.3806451612903226e-10,0.29389089148470726,0.29496625791149234,0.5725928264737364,4.469321465140168,0.5810384741738274,1.9698472574045196,"newton-wall (no collapse); plateau (c-control; c_red/cb 1.58e-03, c_sub/cb 9.4e-01)","direct-ramp"
"Electrochemical amination of ArX with NH3","Recirculating flow cell",10.0,106.89999999999999,17.350737071464053,2.3806451612903226e-10,0.29389089148470726,0.29496625791149234,1.810697503530566,4.469321465140168,1.5391562847609803,5.218075774696982,"newton-wall; mediator; plateau (c-control; c_red/cb 1.72e-03, c_sub/cb 7.2e-01)","direct-ramp"
"Electrochemical amination of ArX with NH3","Recirculating flow cell",100.0,106.89999999999999,5.4867848228546094,2.3806451612903226e-10,0.29389089148470726,0.29496625791149234,5.725928264737364,4.469321465140168,3.2955113092671127,11.172502687598813,"plateau (c-control; c_red/cb 3.30e-03, c_sub/cb 3.3e-01)","c-control"
"Electrochemical amination of ArX with NH3","Recirculating flow cell",1000.0,106.89999999999999,1.735073707146405,2.3806451612903226e-10,0.29389089148470726,0.29496625791149234,18.10697503530566,4.469321465140168,4.51122589372798,15.294040496935821,"plateau (c-control; c_red/cb 8.58e-03, c_sub/cb 5.6e-02)","c-control"
"Electrochemical amination of ArX with NH3","Recirculating flow cell",10000.0,106.89999999999999,0.5486784822854609,2.3806451612903226e-10,0.29389089148470726,0.29496625791149234,57.259282647373645,4.469321465140168,4.742931534952269,16.079573197743297,"plateau (c-control; c_red/cb 2.04e-02, c_sub/cb 3.3e-03)","c-control"
"Electrochemical amination of ArX with NH3","ANEC flow cell",0.0,36.199999999999996,Inf,2.3806451612903226e-10,0.8678711685004199,0.8710467671474733,NaN,13.198079133245413,0.8710467671474733,1.0,"newton-wall (no collapse); plateau (c-control; c_red/cb 1.42e-03, c_sub/cb 1.0e+00)","direct-ramp"
"Electrochemical amination of ArX with NH3","ANEC flow cell",1.0,36.199999999999996,54.867848228546094,2.3806451612903226e-10,0.8678711685004199,0.8710467671474733,0.5725928264737364,13.198079133245413,0.991214559653399,1.1379579111457518,"newton-wall (no collapse); plateau (c-control; c_red/cb 1.66e-03, c_sub/cb 9.9e-01)","direct-ramp"
"Electrochemical amination of ArX with NH3","ANEC flow cell",10.0,36.199999999999996,17.350737071464053,2.3806451612903226e-10,0.8678711685004199,0.8710467671474733,1.810697503530566,13.198079133245413,1.8134354180802348,2.0819036204208876,"newton-wall; mediator; plateau (c-control; c_red/cb 1.66e-03, c_sub/cb 9.3e-01)","direct-ramp"
"Electrochemical amination of ArX with NH3","ANEC flow cell",100.0,36.199999999999996,5.4867848228546094,2.3806451612903226e-10,0.8678711685004199,0.8710467671474733,5.725928264737364,13.198079133245413,4.801980103208075,5.51288436433066,"newton-wall; mediator; plateau (c-control; c_red/cb 1.70e-03, c_sub/cb 7.0e-01)","direct-ramp"
"Electrochemical amination of ArX with NH3","ANEC flow cell",1000.0,36.199999999999996,1.735073707146405,2.3806451612903226e-10,0.8678711685004199,0.8710467671474733,18.10697503530566,13.198079133245413,10.053019773125342,11.54130886226377,"newton-wall (no collapse); plateau (c-control; c_red/cb 2.83e-03, c_sub/cb 3.0e-01)","direct-ramp"
"Electrochemical amination of ArX with NH3","ANEC flow cell",10000.0,36.199999999999996,0.5486784822854609,2.3806451612903226e-10,0.8678711685004199,0.8710467671474733,57.259282647373645,13.198079133245413,13.418933013208653,15.405525305091626,"plateau (c-control; c_red/cb 9.66e-03, c_sub/cb 4.9e-02)","c-control"
"Electrochemical amination of ArX with NH3","Microfluidic cell (25 um gap)",0.0,12.5,Inf,2.3806451612903226e-10,2.5133549039772163,2.522551437659084,NaN,38.22163716987871,2.522551437659084,1.0,"newton-wall (no collapse); plateau (c-control; c_red/cb 1.42e-03, c_sub/cb 1.0e+00)","direct-ramp"
"Electrochemical amination of ArX with NH3","Microfluidic cell (25 um gap)",1.0,12.5,54.867848228546094,2.3806451612903226e-10,2.5133549039772163,2.522551437659084,0.5725928264737364,38.22163716987871,2.5651916974537485,1.0169036235131184,"plateau (c-control; c_red/cb 1.45e-03, c_sub/cb 1.0e+00)","c-control"
"Electrochemical amination of ArX with NH3","Microfluidic cell (25 um gap)",10.0,12.5,17.350737071464053,2.3806451612903226e-10,2.5133549039772163,2.522551437659084,1.810697503530566,38.22163716987871,2.9352638401627407,1.1636091127190857,"plateau (c-control; c_red/cb 1.40e-03, c_sub/cb 9.9e-01)","c-control"
"Electrochemical amination of ArX with NH3","Microfluidic cell (25 um gap)",100.0,12.5,5.4867848228546094,2.3806451612903226e-10,2.5133549039772163,2.522551437659084,5.725928264737364,38.22163716987871,5.631502397467713,2.232462860180057,"plateau (c-control; c_red/cb 1.81e-03, c_sub/cb 9.2e-01)","c-control"
"Electrochemical amination of ArX with NH3","Microfluidic cell (25 um gap)",1000.0,12.5,1.735073707146405,2.3806451612903226e-10,2.5133549039772163,2.522551437659084,18.10697503530566,38.22163716987871,14.884830670295152,5.900704520066479,"newton-wall (no collapse); plateau (c-control; c_red/cb 1.98e-03, c_sub/cb 6.8e-01)","direct-ramp"
"Electrochemical amination of ArX with NH3","Microfluidic cell (25 um gap)",10000.0,12.5,0.5486784822854609,2.3806451612903226e-10,2.5133549039772163,2.522551437659084,57.259282647373645,38.22163716987871,30.319556949009776,12.019400871819757,"newton-wall (no collapse); plateau (c-control; c_red/cb 3.44e-03, c_sub/cb 2.7e-01)","direct-ramp"
"Electrochemical amination of ArX with NH3","RDE 1600 rpm",0.0,8.99802898726582,Inf,2.3806451612903226e-10,3.4915353511504623,3.5043111125073154,NaN,53.09723555010032,3.5043111125073154,1.0,"newton-wall (no collapse); plateau (c-control; c_red/cb 1.42e-03, c_sub/cb 1.0e+00)","direct-ramp"
"Electrochemical amination of ArX with NH3","RDE 1600 rpm",1.0,8.99802898726582,54.867848228546094,2.3806451612903226e-10,3.4915353511504623,3.5043111125073154,0.5725928264737364,53.09723555010032,3.5370872102080853,1.009353078721746,"newton-wall; mediator; plateau (c-control; c_red/cb 1.43e-03, c_sub/cb 1.0e+00)","direct-ramp"
"Electrochemical amination of ArX with NH3","RDE 1600 rpm",10.0,8.99802898726582,17.350737071464053,2.3806451612903226e-10,3.4915353511504623,3.5043111125073154,1.810697503530566,53.09723555010032,3.8074900162394374,1.0865159781761498,"newton-wall (no collapse); plateau (c-control; c_red/cb 1.41e-03, c_sub/cb 9.9e-01)","direct-ramp"
"Electrochemical amination of ArX with NH3","RDE 1600 rpm",100.0,8.99802898726582,5.4867848228546094,2.3806451612903226e-10,3.4915353511504623,3.5043111125073154,5.725928264737364,53.09723555010032,6.064882290196774,1.7306917381137954,"newton-wall (no collapse); plateau (c-control; c_red/cb 1.70e-03, c_sub/cb 9.5e-01)","direct-ramp"
"Electrochemical amination of ArX with NH3","RDE 1600 rpm",1000.0,8.99802898726582,1.735073707146405,2.3806451612903226e-10,3.4915353511504623,3.5043111125073154,18.10697503530566,53.09723555010032,15.867512273426918,4.52799759039482,"newton-wall; mediator; plateau (c-control; c_red/cb 1.65e-03, c_sub/cb 7.7e-01)","direct-ramp"
"Electrochemical amination of ArX with NH3","RDE 1600 rpm",10000.0,8.99802898726582,0.5486784822854609,2.3806451612903226e-10,3.4915353511504623,3.5043111125073154,57.259282647373645,53.09723555010032,36.01243092174189,10.276607802660303,"newton-wall (no collapse); plateau (c-control; c_red/cb 2.50e-03, c_sub/cb 3.9e-01)","direct-ramp"
"Electrochemical amination of ArX with NH3","Rotating cylinder 3000 rpm",0.0,8.751810133479612,Inf,2.3806451612903226e-10,3.5897643825168566,3.6028995704688436,NaN,54.59104543365228,3.6028995704688436,1.0,"newton-wall (no collapse); plateau (c-control; c_red/cb 1.42e-03, c_sub/cb 1.0e+00)","direct-ramp"
"Electrochemical amination of ArX with NH3","Rotating cylinder 3000 rpm",1.0,8.751810133479612,54.867848228546094,2.3806451612903226e-10,3.5897643825168566,3.6028995704688436,0.5725928264737364,54.59104543365228,3.636597773777983,1.009353078721746,"newton-wall; mediator; plateau (c-control; c_red/cb 1.75e-03, c_sub/cb 1.0e+00)","direct-ramp"
"Electrochemical amination of ArX with NH3","Rotating cylinder 3000 rpm",10.0,8.751810133479612,17.350737071464053,2.3806451612903226e-10,3.5897643825168566,3.6028995704688436,1.810697503530566,54.59104543365228,3.8977588494238145,1.0818394388152766,"newton-wall (no collapse); plateau (c-control; c_red/cb 1.71e-03, c_sub/cb 9.9e-01)","direct-ramp"
"Electrochemical amination of ArX with NH3","Rotating cylinder 3000 rpm",100.0,8.751810133479612,5.4867848228546094,2.3806451612903226e-10,3.5897643825168566,3.6028995704688436,5.725928264737364,54.59104543365228,6.120194321209145,1.6986857950116905,"newton-wall; mediator; plateau (c-control; c_red/cb 1.46e-03, c_sub/cb 9.5e-01)","direct-ramp"
"Electrochemical amination of ArX with NH3","Rotating cylinder 3000 rpm",1000.0,8.751810133479612,1.735073707146405,2.3806451612903226e-10,3.5897643825168566,3.6028995704688436,18.10697503530566,54.59104543365228,15.939018499056397,4.423941935462348,"newton-wall; mediator; plateau (c-control; c_red/cb 1.69e-03, c_sub/cb 7.7e-01)","direct-ramp"
"Electrochemical amination of ArX with NH3","Rotating cylinder 3000 rpm",10000.0,8.751810133479612,0.5486784822854609,2.3806451612903226e-10,3.5897643825168566,3.6028995704688436,57.259282647373645,54.59104543365228,36.47374956938055,10.123443314473025,"newton-wall (no collapse); plateau (c-control; c_red/cb 2.69e-03, c_sub/cb 4.0e-01)","direct-ramp"
"Mn-catalyzed alkene diazidation","Unstirred batch",0.0,228.0,Inf,1.0e-9,0.16279614596084213,0.16339182794639773,NaN,4.3164490631578945,0.16339182794639773,1.0,"newton-wall (no collapse); plateau (c-control; c_red/cb 1.42e-03, c_sub/cb 1.0e+00)","direct-ramp"
"Mn-catalyzed alkene diazidation","Unstirred batch",1.0,228.0,170.3284025225457,1.0e-9,0.16279614596084213,0.16339182794639773,0.21791739210469552,4.3164490631578945,0.2496881171184312,1.528155479112112,"plateau (c-control; c_red/cb 1.64e-03, c_sub/cb 9.8e-01)","c-control"
"Mn-catalyzed alkene diazidation","Unstirred batch",10.0,228.0,53.86257021892137,1.0e-9,0.16279614596084213,0.16339182794639773,0.6891153008148319,4.3164490631578945,0.654089374299371,4.003195156822356,"newton-wall; mediator; plateau (c-control; c_red/cb 1.74e-03, c_sub/cb 8.9e-01)","direct-ramp"
"Mn-catalyzed alkene diazidation","Unstirred batch",100.0,228.0,17.032840252254566,1.0e-9,0.16279614596084213,0.16339182794639773,2.1791739210469556,4.3164490631578945,1.747040975154375,10.692339984882894,"newton-wall; mediator; plateau (c-control; c_red/cb 2.09e-03, c_sub/cb 6.3e-01)","direct-ramp"
"Mn-catalyzed alkene diazidation","Unstirred batch",1000.0,228.0,5.386257021892137,1.0e-9,0.16279614596084213,0.16339182794639773,6.8911530081483185,4.3164490631578945,3.429094529590197,20.986940244741888,"plateau (c-control; c_red/cb 3.70e-03, c_sub/cb 2.4e-01)","c-control"
"Mn-catalyzed alkene diazidation","Unstirred batch",10000.0,228.0,1.7032840252254569,1.0e-9,0.16279614596084213,0.16339182794639773,21.79173921046955,4.3164490631578945,4.323381173031922,26.460204450679434,"plateau (c-control; c_red/cb 1.29e-02, c_sub/cb 3.6e-02)","c-control"
"Mn-catalyzed alkene diazidation","Stirred batch",0.0,200.0,Inf,1.0e-9,0.18558760639535998,0.18626668385889347,NaN,4.920751932,0.18626668385889347,1.0,"newton-wall (no collapse); plateau (c-control; c_red/cb 1.42e-03, c_sub/cb 1.0e+00)","direct-ramp"
"Mn-catalyzed alkene diazidation","Stirred batch",1.0,200.0,170.3284025225457,1.0e-9,0.18558760639535998,0.18626668385889347,0.21791739210469552,4.920751932,0.2641938118620888,1.4183632112236941,"newton-wall; mediator; plateau (c-control; c_red/cb 1.52e-03, c_sub/cb 9.8e-01)","direct-ramp"
"Mn-catalyzed alkene diazidation","Stirred batch",10.0,200.0,53.86257021892137,1.0e-9,0.18558760639535998,0.18626668385889347,0.6891153008148319,4.920751932,0.6602009718690661,3.544385706513152,"plateau (c-control; c_red/cb 1.77e-03, c_sub/cb 9.0e-01)","c-control"
"Mn-catalyzed alkene diazidation","Stirred batch",100.0,200.0,17.032840252254566,1.0e-9,0.18558760639535998,0.18626668385889347,2.1791739210469556,4.920751932,1.800071891521613,9.663949849911214,"newton-wall; mediator; plateau (c-control; c_red/cb 1.85e-03, c_sub/cb 6.7e-01)","direct-ramp"
"Mn-catalyzed alkene diazidation","Stirred batch",1000.0,200.0,5.386257021892137,1.0e-9,0.18558760639535998,0.18626668385889347,6.8911530081483185,4.920751932,3.70600176871612,19.896213815260737,"plateau (c-control; c_red/cb 3.15e-03, c_sub/cb 2.8e-01)","c-control"
"Mn-catalyzed alkene diazidation","Stirred batch",10000.0,200.0,1.7032840252254569,1.0e-9,0.18558760639535998,0.18626668385889347,21.79173921046955,4.920751932,4.875448153344882,26.17455817830677,"plateau (c-control; c_red/cb 1.30e-02, c_sub/cb 4.7e-02)","c-control"
"Mn-catalyzed alkene diazidation","Recirculating flow cell",0.0,106.89999999999999,Inf,1.0e-9,0.3472172243131151,0.34848771535807943,NaN,9.20627115434986,0.34848771535807943,1.0,"newton-wall (no collapse); plateau (c-control; c_red/cb 1.42e-03, c_sub/cb 1.0e+00)","direct-ramp"
"Mn-catalyzed alkene diazidation","Recirculating flow cell",1.0,106.89999999999999,170.3284025225457,1.0e-9,0.3472172243131151,0.34848771535807943,0.21791739210469552,9.20627115434986,0.39330491959353003,1.128604832424006,"newton-wall; mediator; plateau (c-control; c_red/cb 1.55e-03, c_sub/cb 1.0e+00)","direct-ramp"
"Mn-catalyzed alkene diazidation","Recirculating flow cell",10.0,106.89999999999999,53.86257021892137,1.0e-9,0.3472172243131151,0.34848771535807943,0.6891153008148319,9.20627115434986,0.7091281261193478,2.0348726651402957,"newton-wall; mediator; plateau (c-control; c_red/cb 1.72e-03, c_sub/cb 9.6e-01)","direct-ramp"
"Mn-catalyzed alkene diazidation","Recirculating flow cell",100.0,106.89999999999999,17.032840252254566,1.0e-9,0.3472172243131151,0.34848771535807943,2.1791739210469556,9.20627115434986,1.9876815743929932,5.703734986326858,"plateau (c-control; c_red/cb 1.55e-03, c_sub/cb 8.2e-01)","c-control"
"Mn-catalyzed alkene diazidation","Recirculating flow cell",1000.0,106.89999999999999,5.386257021892137,1.0e-9,0.3472172243131151,0.34848771535807943,6.8911530081483185,9.20627115434986,4.918916768655389,14.11503634669327,"plateau (c-control; c_red/cb 2.33e-03, c_sub/cb 5.0e-01)","c-control"
"Mn-catalyzed alkene diazidation","Recirculating flow cell",10000.0,106.89999999999999,1.7032840252254569,1.0e-9,0.3472172243131151,0.34848771535807943,21.79173921046955,9.20627115434986,8.264980306924706,23.71670490144033,"plateau (c-control; c_red/cb 5.52e-03, c_sub/cb 1.4e-01)","c-control"
"Mn-catalyzed alkene diazidation","ANEC flow cell",0.0,36.199999999999996,Inf,1.0e-9,1.025345891687072,1.0290977008778641,NaN,27.186474762430944,1.0290977008778641,1.0,"newton-wall (no collapse); plateau (c-control; c_red/cb 1.42e-03, c_sub/cb 1.0e+00)","direct-ramp"
"Mn-catalyzed alkene diazidation","ANEC flow cell",1.0,36.199999999999996,170.3284025225457,1.0e-9,1.025345891687072,1.0290977008778641,0.21791739210469552,27.186474762430944,1.0459418565430512,1.0163678877630553,"newton-wall; mediator; plateau (c-control; c_red/cb 1.67e-03, c_sub/cb 1.0e+00)","direct-ramp"
"Mn-catalyzed alkene diazidation","ANEC flow cell",10.0,36.199999999999996,53.86257021892137,1.0e-9,1.025345891687072,1.0290977008778641,0.6891153008148319,27.186474762430944,1.1784967896022243,1.1451748348061768,"plateau (c-control; c_red/cb 1.74e-03, c_sub/cb 9.9e-01)","c-control"
"Mn-catalyzed alkene diazidation","ANEC flow cell",100.0,36.199999999999996,17.032840252254566,1.0e-9,1.025345891687072,1.0290977008778641,2.1791739210469556,27.186474762430944,2.2150814011484576,2.152450053341776,"newton-wall (no collapse); plateau (c-control; c_red/cb 1.51e-03, c_sub/cb 9.6e-01)","direct-ramp"
"Mn-catalyzed alkene diazidation","ANEC flow cell",1000.0,36.199999999999996,5.386257021892137,1.0e-9,1.025345891687072,1.0290977008778641,6.8911530081483185,27.186474762430944,6.239767997033702,6.063338778923434,"newton-wall; mediator; plateau (c-control; c_red/cb 1.76e-03, c_sub/cb 8.1e-01)","direct-ramp"
"Mn-catalyzed alkene diazidation","ANEC flow cell",10000.0,36.199999999999996,1.7032840252254569,1.0e-9,1.025345891687072,1.0290977008778641,21.79173921046955,27.186474762430944,15.193819884923863,14.764215168261371,"newton-wall (no collapse); plateau (c-control; c_red/cb 2.56e-03, c_sub/cb 4.8e-01)","direct-ramp"
"Mn-catalyzed alkene diazidation","Microfluidic cell (25 um gap)",0.0,12.5,Inf,1.0e-9,2.9694017023257597,2.9802669417422956,NaN,78.732030912,2.9802669417422956,1.0,"newton-wall (no collapse); plateau (c-control; c_red/cb 1.42e-03, c_sub/cb 1.0e+00)","direct-ramp"
"Mn-catalyzed alkene diazidation","Microfluidic cell (25 um gap)",1.0,12.5,170.3284025225457,1.0e-9,2.9694017023257597,2.9802669417422956,0.21791739210469552,78.732030912,2.9872356095717785,1.0023382696804364,"newton-wall; mediator; plateau (c-control; c_red/cb 1.65e-03, c_sub/cb 1.0e+00)","direct-ramp"
"Mn-catalyzed alkene diazidation","Microfluidic cell (25 um gap)",10.0,12.5,53.86257021892137,1.0e-9,2.9694017023257597,2.9802669417422956,0.6891153008148319,78.732030912,3.0360162843781606,1.0187061574434917,"newton-wall; mediator; plateau (c-control; c_red/cb 1.51e-03, c_sub/cb 1.0e+00)","direct-ramp"
"Mn-catalyzed alkene diazidation","Microfluidic cell (25 um gap)",100.0,12.5,17.032840252254566,1.0e-9,2.9694017023257597,2.9802669417422956,2.1791739210469556,78.732030912,3.4935137925342263,1.1722150602025874,"plateau (c-control; c_red/cb 1.63e-03, c_sub/cb 9.9e-01)","c-control"
"Mn-catalyzed alkene diazidation","Microfluidic cell (25 um gap)",1000.0,12.5,5.386257021892137,1.0e-9,2.9694017023257597,2.9802669417422956,6.8911530081483185,78.732030912,6.910942295676401,2.3189004309916585,"plateau (c-control; c_red/cb 1.54e-03, c_sub/cb 9.5e-01)","c-control"
"Mn-catalyzed alkene diazidation","Microfluidic cell (25 um gap)",10000.0,12.5,1.7032840252254569,1.0e-9,2.9694017023257597,2.9802669417422956,21.79173921046955,78.732030912,19.494621342576284,6.541233293410799,"newton-wall (no collapse); plateau (c-control; c_red/cb 1.92e-03, c_sub/cb 7.9e-01)","direct-ramp"
"Mn-catalyzed alkene diazidation","RDE 1600 rpm",0.0,12.521638106453118,Inf,1.0e-9,2.964270406436935,2.9751168700986437,NaN,78.59597746183152,2.9751168700986437,1.0,"newton-wall (no collapse); plateau (c-control; c_red/cb 1.42e-03, c_sub/cb 1.0e+00)","direct-ramp"
"Mn-catalyzed alkene diazidation","RDE 1600 rpm",1.0,12.521638106453118,170.3284025225457,1.0e-9,2.964270406436935,2.9751168700986437,0.21791739210469552,78.59597746183152,2.9820734956717505,1.0023382696804366,"newton-wall; mediator; plateau (c-control; c_red/cb 1.65e-03, c_sub/cb 1.0e+00)","direct-ramp"
"Mn-catalyzed alkene diazidation","RDE 1600 rpm",10.0,12.521638106453118,53.86257021892137,1.0e-9,2.964270406436935,2.9751168700986437,0.6891153008148319,78.59597746183152,3.0307698746834975,1.018706157443492,"newton-wall; mediator; plateau (c-control; c_red/cb 1.52e-03, c_sub/cb 1.0e+00)","direct-ramp"
"Mn-catalyzed alkene diazidation","RDE 1600 rpm",100.0,12.521638106453118,17.032840252254566,1.0e-9,2.964270406436935,2.9751168700986437,2.1791739210469556,78.59597746183152,3.493385475295094,1.1742010911925171,"newton-wall; mediator; plateau (c-control; c_red/cb 1.67e-03, c_sub/cb 9.9e-01)","direct-ramp"
"Mn-catalyzed alkene diazidation","RDE 1600 rpm",1000.0,12.521638106453118,5.386257021892137,1.0e-9,2.964270406436935,2.9751168700986437,6.8911530081483185,78.59597746183152,6.913808300722812,2.323877885339535,"newton-wall; mediator; plateau (c-control; c_red/cb 1.50e-03, c_sub/cb 9.5e-01)","direct-ramp"
"Mn-catalyzed alkene diazidation","RDE 1600 rpm",10000.0,12.521638106453118,1.7032840252254569,1.0e-9,2.964270406436935,2.9751168700986437,21.79173921046955,78.59597746183152,19.50373616218957,6.555620170155836,"newton-wall; mediator; plateau (c-control; c_red/cb 1.96e-03, c_sub/cb 7.9e-01)","direct-ramp"
"Mn-catalyzed alkene diazidation","Rotating cylinder 3000 rpm",0.0,10.33676269222064,Inf,1.0e-9,3.590826488355617,3.6039655626238982,NaN,95.20876271452602,3.6039655626238982,1.0,"newton-wall (no collapse); plateau (c-control; c_red/cb 1.42e-03, c_sub/cb 1.0e+00)","direct-ramp"
"Mn-catalyzed alkene diazidation","Rotating cylinder 3000 rpm",1.0,10.33676269222064,170.3284025225457,1.0e-9,3.590826488355617,3.6039655626238982,0.21791739210469552,95.20876271452602,3.6123926060283185,1.0023382696804364,"newton-wall; mediator; plateau (c-control; c_red/cb 1.48e-03, c_sub/cb 1.0e+00)","direct-ramp"
"Mn-catalyzed alkene diazidation","Rotating cylinder 3000 rpm",10.0,10.33676269222064,53.86257021892137,1.0e-9,3.590826488355617,3.6039655626238982,0.6891153008148319,95.20876271452602,3.6478315386598332,1.0121715857917348,"plateau (c-control; c_red/cb 1.43e-03, c_sub/cb 1.0e+00)","c-control"
"Mn-catalyzed alkene diazidation","Rotating cylinder 3000 rpm",100.0,10.33676269222064,17.032840252254566,1.0e-9,3.590826488355617,3.6039655626238982,2.1791739210469556,95.20876271452602,4.034005168104612,1.1193240051848938,"plateau (c-control; c_red/cb 1.47e-03, c_sub/cb 1.0e+00)","c-control"
"Mn-catalyzed alkene diazidation","Rotating cylinder 3000 rpm",1000.0,10.33676269222064,5.386257021892137,1.0e-9,3.590826488355617,3.6039655626238982,6.8911530081483185,95.20876271452602,7.130171672526024,1.9784239190495596,"plateau (c-control; c_red/cb 1.61e-03, c_sub/cb 9.6e-01)","c-control"
"Mn-catalyzed alkene diazidation","Rotating cylinder 3000 rpm",10000.0,10.33676269222064,1.7032840252254569,1.0e-9,3.590826488355617,3.6039655626238982,21.79173921046955,95.20876271452602,19.958418979502113,5.537905019539425,"newton-wall (no collapse); plateau (c-control; c_red/cb 1.81e-03, c_sub/cb 8.3e-01)","direct-ramp"
"Co-catalyzed aza-Wacker cyclization","Unstirred batch",0.0,228.0,Inf,1.0e-9,0.16528953006673683,0.16589433551148863,NaN,2.792996452631579,0.16589433551148863,1.0,"newton-wall (no collapse); plateau (c-control; c_red/cb 1.42e-03, c_sub/cb 1.0e+00)","direct-ramp"
"Co-catalyzed aza-Wacker cyclization","Unstirred batch",1.0,228.0,189.38496948455722,1.0e-9,0.16528953006673683,0.16589433551148863,0.19899157233958306,2.792996452631579,0.23683743828434292,1.4276402961808259,"newton-wall (no collapse); plateau (c-control; c_red/cb 1.68e-03, c_sub/cb 9.7e-01)","direct-ramp"
"Co-catalyzed aza-Wacker cyclization","Unstirred batch",10.0,228.0,59.88878581726855,1.0e-9,0.16528953006673683,0.16589433551148863,0.6292666037712435,2.792996452631579,0.5810445332229909,3.502497728035759,"newton-wall (no collapse); plateau (c-control; c_red/cb 1.86e-03, c_sub/cb 8.5e-01)","direct-ramp"
"Co-catalyzed aza-Wacker cyclization","Unstirred batch",100.0,228.0,18.93849694845572,1.0e-9,0.16528953006673683,0.16589433551148863,1.9899157233958307,2.792996452631579,1.4603668710806303,8.802994186498285,"newton-wall; mediator; plateau (c-control; c_red/cb 2.29e-03, c_sub/cb 5.4e-01)","direct-ramp"
"Co-catalyzed aza-Wacker cyclization","Unstirred batch",1000.0,228.0,5.988878581726855,1.0e-9,0.16528953006673683,0.16589433551148863,6.292666037712435,2.792996452631579,2.5224574384123475,15.205205353365791,"plateau (c-control; c_red/cb 5.03e-03, c_sub/cb 1.6e-01)","c-control"
"Co-catalyzed aza-Wacker cyclization","Unstirred batch",10000.0,228.0,1.893849694845572,1.0e-9,0.16528953006673683,0.16589433551148863,19.899157233958306,2.792996452631579,2.9119247102939756,17.552888115895414,"newton-wall (no collapse); plateau (c-control; c_red/cb 1.63e-02, c_sub/cb 1.7e-02)","direct-ramp"
"Co-catalyzed aza-Wacker cyclization","Stirred batch",0.0,200.0,Inf,1.0e-9,0.18843006427607997,0.18911954248309695,NaN,3.1840159559999996,0.18911954248309695,1.0,"newton-wall (no collapse); plateau (c-control; c_red/cb 1.42e-03, c_sub/cb 1.0e+00)","direct-ramp"
"Co-catalyzed aza-Wacker cyclization","Stirred batch",1.0,200.0,189.38496948455722,1.0e-9,0.18843006427607997,0.18911954248309695,0.19899157233958306,3.1840159559999996,0.25303472503834495,1.3379618082618858,"newton-wall; mediator; plateau (c-control; c_red/cb 1.66e-03, c_sub/cb 9.8e-01)","direct-ramp"
"Co-catalyzed aza-Wacker cyclization","Stirred batch",10.0,200.0,59.88878581726855,1.0e-9,0.18843006427607997,0.18911954248309695,0.6292666037712435,3.1840159559999996,0.590695647321453,3.123398246240195,"newton-wall; mediator; plateau (c-control; c_red/cb 1.77e-03, c_sub/cb 8.7e-01)","direct-ramp"
"Co-catalyzed aza-Wacker cyclization","Stirred batch",100.0,200.0,18.93849694845572,1.0e-9,0.18843006427607997,0.18911954248309695,1.9899157233958307,3.1840159559999996,1.519634234762251,8.035310443383036,"newton-wall (no collapse); plateau (c-control; c_red/cb 2.09e-03, c_sub/cb 5.8e-01)","direct-ramp"
"Co-catalyzed aza-Wacker cyclization","Stirred batch",1000.0,200.0,5.988878581726855,1.0e-9,0.18843006427607997,0.18911954248309695,6.292666037712435,3.1840159559999996,2.769218555041954,14.642688527492924,"plateau (c-control; c_red/cb 4.69e-03, c_sub/cb 1.9e-01)","c-control"
"Co-catalyzed aza-Wacker cyclization","Stirred batch",10000.0,200.0,1.893849694845572,1.0e-9,0.18843006427607997,0.18911954248309695,19.899157233958306,3.1840159559999996,3.2988314170544104,17.44310172149053,"plateau (c-control; c_red/cb 1.43e-02, c_sub/cb 2.2e-02)","c-control"
"Co-catalyzed aza-Wacker cyclization","Recirculating flow cell",0.0,106.89999999999999,Inf,1.0e-9,0.35253519976815717,0.35382514964096745,NaN,5.95699898222638,0.35382514964096745,1.0,"newton-wall (no collapse); plateau (c-control; c_red/cb 1.42e-03, c_sub/cb 1.0e+00)","direct-ramp"
"Co-catalyzed aza-Wacker cyclization","Recirculating flow cell",1.0,106.89999999999999,189.38496948455722,1.0e-9,0.35253519976815717,0.35382514964096745,0.19899157233958306,5.95699898222638,0.3902280489025478,1.1028838659392048,"newton-wall; mediator; plateau (c-control; c_red/cb 1.63e-03, c_sub/cb 9.9e-01)","direct-ramp"
"Co-catalyzed aza-Wacker cyclization","Recirculating flow cell",10.0,106.89999999999999,59.88878581726855,1.0e-9,0.35253519976815717,0.35382514964096745,0.6292666037712435,5.95699898222638,0.6535708881255778,1.8471578088464533,"newton-wall; mediator; plateau (c-control; c_red/cb 1.56e-03, c_sub/cb 9.5e-01)","direct-ramp"
"Co-catalyzed aza-Wacker cyclization","Recirculating flow cell",100.0,106.89999999999999,18.93849694845572,1.0e-9,0.35253519976815717,0.35382514964096745,1.9899157233958307,5.95699898222638,1.7423606587850253,4.924355039637598,"newton-wall; mediator; plateau (c-control; c_red/cb 1.81e-03, c_sub/cb 7.7e-01)","direct-ramp"
"Co-catalyzed aza-Wacker cyclization","Recirculating flow cell",1000.0,106.89999999999999,5.988878581726855,1.0e-9,0.35253519976815717,0.35382514964096745,6.292666037712435,5.95699898222638,3.96201792518672,11.197671870433883,"plateau (c-control; c_red/cb 2.44e-03, c_sub/cb 3.9e-01)","c-control"
"Co-catalyzed aza-Wacker cyclization","Recirculating flow cell",10000.0,106.89999999999999,1.893849694845572,1.0e-9,0.35253519976815717,0.35382514964096745,19.899157233958306,5.95699898222638,5.829530642550625,16.475738506621003,"plateau (c-control; c_red/cb 7.14e-03, c_sub/cb 8.0e-02)","c-control"
"Co-catalyzed aza-Wacker cyclization","ANEC flow cell",0.0,36.199999999999996,Inf,1.0e-9,1.04105007887337,1.0448593507353425,NaN,17.591248375690608,1.0448593507353425,1.0,"newton-wall (no collapse); plateau (c-control; c_red/cb 1.42e-03, c_sub/cb 1.0e+00)","direct-ramp"
"Co-catalyzed aza-Wacker cyclization","ANEC flow cell",1.0,36.199999999999996,189.38496948455722,1.0e-9,1.04105007887337,1.0448593507353425,0.19899157233958306,17.591248375690608,1.0573278120112257,1.0119331480041867,"plateau (c-control; c_red/cb 1.41e-03, c_sub/cb 1.0e+00)","c-control"
"Co-catalyzed aza-Wacker cyclization","ANEC flow cell",10.0,36.199999999999996,59.88878581726855,1.0e-9,1.04105007887337,1.0448593507353425,0.6292666037712435,17.591248375690608,1.1670174977425922,1.1169134840218238,"newton-wall (no collapse); plateau (c-control; c_red/cb 1.44e-03, c_sub/cb 9.9e-01)","direct-ramp"
"Co-catalyzed aza-Wacker cyclization","ANEC flow cell",100.0,36.199999999999996,18.93849694845572,1.0e-9,1.04105007887337,1.0448593507353425,1.9899157233958307,17.591248375690608,2.0325746829069895,1.9453093676929063,"newton-wall; mediator; plateau (c-control; c_red/cb 1.81e-03, c_sub/cb 9.4e-01)","direct-ramp"
"Co-catalyzed aza-Wacker cyclization","ANEC flow cell",1000.0,36.199999999999996,5.988878581726855,1.0e-9,1.04105007887337,1.0448593507353425,6.292666037712435,17.591248375690608,5.442510968782199,5.208845539786684,"plateau (c-control; c_red/cb 1.68e-03, c_sub/cb 7.5e-01)","c-control"
"Co-catalyzed aza-Wacker cyclization","ANEC flow cell",10000.0,36.199999999999996,1.893849694845572,1.0e-9,1.04105007887337,1.0448593507353425,19.899157233958306,17.591248375690608,12.137919048676206,11.61679707429893,"newton-wall (no collapse); plateau (c-control; c_red/cb 2.76e-03, c_sub/cb 3.7e-01)","direct-ramp"
"Co-catalyzed aza-Wacker cyclization","Microfluidic cell (25 um gap)",0.0,12.5,Inf,1.0e-9,3.0148810284172796,3.0259126797295512,NaN,50.944255295999994,3.0259126797295512,1.0,"newton-wall (no collapse); plateau (c-control; c_red/cb 1.42e-03, c_sub/cb 1.0e+00)","direct-ramp"
"Co-catalyzed aza-Wacker cyclization","Microfluidic cell (25 um gap)",1.0,12.5,189.38496948455722,1.0e-9,3.0148810284172796,3.0259126797295512,0.19899157233958306,50.944255295999994,3.0329880796042112,1.0023382696804366,"newton-wall; mediator; plateau (c-control; c_red/cb 1.54e-03, c_sub/cb 1.0e+00)","direct-ramp"
"Co-catalyzed aza-Wacker cyclization","Microfluidic cell (25 um gap)",10.0,12.5,59.88878581726855,1.0e-9,3.0148810284172796,3.0259126797295512,0.6292666037712435,50.944255295999994,3.0683650789775108,1.0140296180826187,"newton-wall (no collapse); plateau (c-control; c_red/cb 1.61e-03, c_sub/cb 1.0e+00)","direct-ramp"
"Co-catalyzed aza-Wacker cyclization","Microfluidic cell (25 um gap)",100.0,12.5,18.93849694845572,1.0e-9,3.0148810284172796,3.0259126797295512,1.9899157233958307,50.944255295999994,3.443509258937843,1.1380068175812712,"plateau (c-control; c_red/cb 1.67e-03, c_sub/cb 9.9e-01)","c-control"
"Co-catalyzed aza-Wacker cyclization","Microfluidic cell (25 um gap)",1000.0,12.5,5.988878581726855,1.0e-9,3.0148810284172796,3.0259126797295512,6.292666037712435,50.944255295999994,6.313889719398757,2.086606715948947,"newton-wall; mediator; plateau (c-control; c_red/cb 1.78e-03, c_sub/cb 9.4e-01)","direct-ramp"
"Co-catalyzed aza-Wacker cyclization","Microfluidic cell (25 um gap)",10000.0,12.5,1.893849694845572,1.0e-9,3.0148810284172796,3.0259126797295512,19.899157233958306,50.944255295999994,16.946492812390613,5.600456657561331,"newton-wall (no collapse); plateau (c-control; c_red/cb 1.97e-03, c_sub/cb 7.3e-01)","direct-ramp"
"Co-catalyzed aza-Wacker cyclization","RDE 1600 rpm",0.0,11.623797242880606,Inf,1.0e-9,3.242142999207775,3.254006217270002,NaN,54.7844372965153,3.254006217270002,1.0,"newton-wall (no collapse); plateau (c-control; c_red/cb 1.42e-03, c_sub/cb 1.0e+00)","direct-ramp"
"Co-catalyzed aza-Wacker cyclization","RDE 1600 rpm",1.0,11.623797242880606,189.38496948455722,1.0e-9,3.242142999207775,3.254006217270002,0.19899157233958306,54.7844372965153,3.261614961347796,1.0023382696804364,"newton-wall; mediator; plateau (c-control; c_red/cb 1.49e-03, c_sub/cb 1.0e+00)","direct-ramp"
"Co-catalyzed aza-Wacker cyclization","RDE 1600 rpm",10.0,11.623797242880606,59.88878581726855,1.0e-9,3.242142999207775,3.254006217270002,0.6292666037712435,54.7844372965153,3.2939353655074175,1.0122707658103107,"plateau (c-control; c_red/cb 1.44e-03, c_sub/cb 1.0e+00)","c-control"
"Co-catalyzed aza-Wacker cyclization","RDE 1600 rpm",100.0,11.623797242880606,18.93849694845572,1.0e-9,3.242142999207775,3.254006217270002,1.9899157233958307,54.7844372965153,3.649660909315301,1.1215900233826965,"newton-wall; mediator; plateau (c-control; c_red/cb 1.48e-03, c_sub/cb 9.9e-01)","direct-ramp"
"Co-catalyzed aza-Wacker cyclization","RDE 1600 rpm",1000.0,11.623797242880606,5.988878581726855,1.0e-9,3.242142999207775,3.254006217270002,6.292666037712435,54.7844372965153,6.409895222666569,1.9698472574045196,"newton-wall; mediator; plateau (c-control; c_red/cb 1.57e-03, c_sub/cb 9.4e-01)","direct-ramp"
"Co-catalyzed aza-Wacker cyclization","RDE 1600 rpm",10000.0,11.623797242880606,1.893849694845572,1.0e-9,3.242142999207775,3.254006217270002,19.899157233958306,54.7844372965153,17.16318276951058,5.274477558899655,"plateau (c-control; c_red/cb 1.85e-03, c_sub/cb 7.5e-01)","c-control"
"Co-catalyzed aza-Wacker cyclization","Rotating cylinder 3000 rpm",0.0,9.547158477182505,Inf,1.0e-9,3.947353858772191,3.9617974905326743,NaN,66.70080869841486,3.9617974905326743,1.0,"newton-wall (no collapse); plateau (c-control; c_red/cb 1.42e-03, c_sub/cb 1.0e+00)","direct-ramp"
"Co-catalyzed aza-Wacker cyclization","Rotating cylinder 3000 rpm",1.0,9.547158477182505,189.38496948455722,1.0e-9,3.947353858772191,3.9617974905326743,0.19899157233958306,66.70080869841486,3.963615869108738,1.000458978173521,"plateau (c-control; c_red/cb 1.74e-03, c_sub/cb 1.0e+00)","c-control"
"Co-catalyzed aza-Wacker cyclization","Rotating cylinder 3000 rpm",10.0,9.547158477182505,59.88878581726855,1.0e-9,3.947353858772191,3.9617974905326743,0.6292666037712435,66.70080869841486,3.9988524943412416,1.009353078721746,"newton-wall; mediator; plateau (c-control; c_red/cb 1.75e-03, c_sub/cb 1.0e+00)","direct-ramp"
"Co-catalyzed aza-Wacker cyclization","Rotating cylinder 3000 rpm",100.0,9.547158477182505,18.93849694845572,1.0e-9,3.947353858772191,3.9617974905326743,1.9899157233958307,66.70080869841486,4.28602877385764,1.0818394388152768,"newton-wall (no collapse); plateau (c-control; c_red/cb 1.70e-03, c_sub/cb 1.0e+00)","direct-ramp"
"Co-catalyzed aza-Wacker cyclization","Rotating cylinder 3000 rpm",1000.0,9.547158477182505,5.988878581726855,1.0e-9,3.947353858772191,3.9617974905326743,6.292666037712435,66.70080869841486,6.731954160788755,1.699217129819431,"plateau (c-control; c_red/cb 1.47e-03, c_sub/cb 9.6e-01)","c-control"
"Co-catalyzed aza-Wacker cyclization","Rotating cylinder 3000 rpm",10000.0,9.547158477182505,1.893849694845572,1.0e-9,3.947353858772191,3.9617974905326743,19.899157233958306,66.70080869841486,17.71414725480754,4.471239960431654,"newton-wall (no collapse); plateau (c-control; c_red/cb 1.86e-03, c_sub/cb 7.9e-01)","direct-ramp"
"Co-H alkene reduction (e-HAT)","Unstirred batch",0.0,228.0,Inf,8.092105263157895e-10,0.32426519542540344,0.32545170346168134,NaN,5.479083950138504,0.32545170346168134,1.0,"newton-wall (no collapse); plateau (c-control; c_red/cb 1.42e-03, c_sub/cb 1.0e+00)","direct-ramp"
"Co-H alkene reduction (e-HAT)","Unstirred batch",1.0,228.0,109.42006214584234,8.092105263157895e-10,0.32426519542540344,0.32545170346168134,0.6756755855105427,5.479083950138504,0.6821509710624691,2.096012907005065,"newton-wall (no collapse); plateau (c-control; c_red/cb 1.57e-03, c_sub/cb 9.4e-01)","direct-ramp"
"Co-H alkene reduction (e-HAT)","Unstirred batch",10.0,228.0,34.60166180980329,8.092105263157895e-10,0.32426519542540344,0.32545170346168134,2.1366738095811786,5.479083950138504,1.8348926816557776,5.637987640374473,"newton-wall; mediator; plateau (c-control; c_red/cb 1.72e-03, c_sub/cb 7.3e-01)","direct-ramp"
"Co-H alkene reduction (e-HAT)","Unstirred batch",100.0,228.0,10.942006214584232,8.092105263157895e-10,0.32426519542540344,0.32545170346168134,6.7567558551054265,5.479083950138504,3.9622711745695356,12.174682548669017,"plateau (c-control; c_red/cb 2.68e-03, c_sub/cb 3.4e-01)","c-control"
"Co-H alkene reduction (e-HAT)","Unstirred batch",1000.0,228.0,3.46016618098033,8.092105263157895e-10,0.32426519542540344,0.32545170346168134,21.366738095811783,5.479083950138504,5.4757432037035825,16.82505620791226,"plateau (c-control; c_red/cb 8.80e-03, c_sub/cb 5.9e-02)","c-control"
"Co-H alkene reduction (e-HAT)","Unstirred batch",10000.0,228.0,1.0942006214584235,8.092105263157895e-10,0.32426519542540344,0.32545170346168134,67.56755855105428,5.479083950138504,5.775187841922785,17.745145533099826,"plateau (c-control; c_red/cb 2.29e-02, c_sub/cb 3.8e-03)","c-control"
"Co-H alkene reduction (e-HAT)","Stirred batch",0.0,200.0,Inf,8.092105263157895e-10,0.3696623227849599,0.3710149419463166,NaN,6.2461557031578945,0.3710149419463166,1.0,"newton-wall (no collapse); plateau (c-control; c_red/cb 1.42e-03, c_sub/cb 1.0e+00)","direct-ramp"
"Co-H alkene reduction (e-HAT)","Stirred batch",1.0,200.0,109.42006214584234,8.092105263157895e-10,0.3696623227849599,0.3710149419463166,0.6756755855105427,6.2461557031578945,0.7007267906371358,1.8886753912421306,"plateau (c-control; c_red/cb 1.71e-03, c_sub/cb 9.5e-01)","c-control"
"Co-H alkene reduction (e-HAT)","Stirred batch",10.0,200.0,34.60166180980329,8.092105263157895e-10,0.3696623227849599,0.3710149419463166,2.1366738095811786,6.2461557031578945,1.8759493379618069,5.056263578282635,"plateau (c-control; c_red/cb 1.60e-03, c_sub/cb 7.6e-01)","c-control"
"Co-H alkene reduction (e-HAT)","Stirred batch",100.0,200.0,10.942006214584232,8.092105263157895e-10,0.3696623227849599,0.3710149419463166,6.7567558551054265,6.2461557031578945,4.225983528305593,11.390332438193461,"newton-wall (no collapse); plateau (c-control; c_red/cb 2.64e-03, c_sub/cb 3.8e-01)","direct-ramp"
"Co-H alkene reduction (e-HAT)","Stirred batch",1000.0,200.0,3.46016618098033,8.092105263157895e-10,0.3696623227849599,0.3710149419463166,21.366738095811783,6.2461557031578945,6.138123254552361,16.5441403043021,"plateau (c-control; c_red/cb 7.99e-03, c_sub/cb 7.6e-02)","c-control"
"Co-H alkene reduction (e-HAT)","Stirred batch",10000.0,200.0,1.0942006214584235,8.092105263157895e-10,0.3696623227849599,0.3710149419463166,67.56755855105428,6.2461557031578945,6.57325484237629,17.716954492165428,"plateau (c-control; c_red/cb 2.16e-02, c_sub/cb 5.6e-03)","c-control"
"Co-H alkene reduction (e-HAT)","Recirculating flow cell",0.0,106.89999999999999,Inf,8.092105263157895e-10,0.6916039715340692,0.6941345967190212,NaN,11.685978864654622,0.6941345967190212,1.0,"newton-wall (no collapse); plateau (c-control; c_red/cb 1.42e-03, c_sub/cb 1.0e+00)","direct-ramp"
"Co-H alkene reduction (e-HAT)","Recirculating flow cell",1.0,106.89999999999999,109.42006214584234,8.092105263157895e-10,0.6916039715340692,0.6941345967190212,0.6756755855105427,11.685978864654622,0.8990476742773446,1.2952065471551049,"newton-wall (no collapse); plateau (c-control; c_red/cb 1.54e-03, c_sub/cb 9.8e-01)","direct-ramp"
"Co-H alkene reduction (e-HAT)","Recirculating flow cell",10.0,106.89999999999999,34.60166180980329,8.092105263157895e-10,0.6916039715340692,0.6941345967190212,2.1366738095811786,11.685978864654622,2.0368582879816155,2.9343852008087064,"plateau (c-control; c_red/cb 1.73e-03, c_sub/cb 8.9e-01)","c-control"
"Co-H alkene reduction (e-HAT)","Recirculating flow cell",100.0,106.89999999999999,10.942006214584232,8.092105263157895e-10,0.6916039715340692,0.6941345967190212,6.7567558551054265,11.685978864654622,5.30196153683583,7.638232645219976,"newton-wall (no collapse); plateau (c-control; c_red/cb 2.11e-03, c_sub/cb 6.1e-01)","direct-ramp"
"Co-H alkene reduction (e-HAT)","Recirculating flow cell",1000.0,106.89999999999999,3.46016618098033,8.092105263157895e-10,0.6916039715340692,0.6941345967190212,21.366738095811783,11.685978864654622,9.93186138302172,14.308264463357443,"plateau (c-control; c_red/cb 4.45e-03, c_sub/cb 2.1e-01)","c-control"
"Co-H alkene reduction (e-HAT)","Recirculating flow cell",10000.0,106.89999999999999,1.0942006214584235,8.092105263157895e-10,0.6916039715340692,0.6941345967190212,67.56755855105428,11.685978864654622,12.062429581153488,17.377652170298376,"plateau (c-control; c_red/cb 1.31e-02, c_sub/cb 2.6e-02)","c-control"
"Co-H alkene reduction (e-HAT)","ANEC flow cell",0.0,36.199999999999996,Inf,8.092105263157895e-10,2.0423332750550274,2.0498063090956733,NaN,34.50914753125909,2.0498063090956733,1.0,"newton-wall (no collapse); plateau (c-control; c_red/cb 1.42e-03, c_sub/cb 1.0e+00)","direct-ramp"
"Co-H alkene reduction (e-HAT)","ANEC flow cell",1.0,36.199999999999996,109.42006214584234,8.092105263157895e-10,2.0423332750550274,2.0498063090956733,0.6756755855105427,34.50914753125909,2.1264943081888865,1.0374123148869838,"newton-wall; mediator; plateau (c-control; c_red/cb 1.70e-03, c_sub/cb 1.0e+00)","direct-ramp"
"Co-H alkene reduction (e-HAT)","ANEC flow cell",10.0,36.199999999999996,34.60166180980329,8.092105263157895e-10,2.0423332750550274,2.0498063090956733,2.1366738095811786,34.50914753125909,2.736223813479221,1.3348694466095088,"newton-wall (no collapse); plateau (c-control; c_red/cb 1.52e-03, c_sub/cb 9.8e-01)","direct-ramp"
"Co-H alkene reduction (e-HAT)","ANEC flow cell",100.0,36.199999999999996,10.942006214584232,8.092105263157895e-10,2.0423332750550274,2.0498063090956733,6.7567558551054265,34.50914753125909,6.389821117432545,3.117280442097763,"plateau (c-control; c_red/cb 1.72e-03, c_sub/cb 8.7e-01)","c-control"
"Co-H alkene reduction (e-HAT)","ANEC flow cell",1000.0,36.199999999999996,3.46016618098033,8.092105263157895e-10,2.0423332750550274,2.0498063090956733,21.366738095811783,34.50914753125909,16.443892396496455,8.022168886655011,"plateau (c-control; c_red/cb 2.07e-03, c_sub/cb 5.8e-01)","c-control"
"Co-H alkene reduction (e-HAT)","ANEC flow cell",10000.0,36.199999999999996,1.0942006214584235,8.092105263157895e-10,2.0423332750550274,2.0498063090956733,67.56755855105428,34.50914753125909,29.990929877976612,14.631104287706046,"newton-wall (no collapse); plateau (c-control; c_red/cb 4.53e-03, c_sub/cb 1.9e-01)","direct-ramp"
"Co-H alkene reduction (e-HAT)","Microfluidic cell (25 um gap)",0.0,12.5,Inf,8.092105263157895e-10,5.914597164559359,5.936239071141066,NaN,99.93849125052631,5.936239071141066,1.0,"newton-wall (no collapse); plateau (c-control; c_red/cb 1.42e-03, c_sub/cb 1.0e+00)","direct-ramp"
"Co-H alkene reduction (e-HAT)","Microfluidic cell (25 um gap)",1.0,12.5,109.42006214584234,8.092105263157895e-10,5.914597164559359,5.936239071141066,0.6756755855105427,99.93849125052631,5.9640001268128096,1.004676539360873,"newton-wall (no collapse); plateau (c-control; c_red/cb 1.49e-03, c_sub/cb 1.0e+00)","direct-ramp"
"Co-H alkene reduction (e-HAT)","Microfluidic cell (25 um gap)",10.0,12.5,34.60166180980329,8.092105263157895e-10,5.914597164559359,5.936239071141066,2.1366738095811786,99.93849125052631,6.190183837248343,1.0427787296070716,"plateau (c-control; c_red/cb 1.56e-03, c_sub/cb 1.0e+00)","c-control"
"Co-H alkene reduction (e-HAT)","Microfluidic cell (25 um gap)",100.0,12.5,10.942006214584232,8.092105263157895e-10,5.914597164559359,5.936239071141066,6.7567558551054265,99.93849125052631,8.27288712703168,1.3936243180046763,"newton-wall (no collapse); plateau (c-control; c_red/cb 1.50e-03, c_sub/cb 9.8e-01)","direct-ramp"
"Co-H alkene reduction (e-HAT)","Microfluidic cell (25 um gap)",1000.0,12.5,3.46016618098033,8.092105263157895e-10,5.914597164559359,5.936239071141066,21.366738095811783,99.93849125052631,20.027368523855955,3.3737469606334924,"newton-wall; mediator; plateau (c-control; c_red/cb 1.73e-03, c_sub/cb 8.6e-01)","direct-ramp"
"Co-H alkene reduction (e-HAT)","Microfluidic cell (25 um gap)",10000.0,12.5,1.0942006214584235,8.092105263157895e-10,5.914597164559359,5.936239071141066,67.56755855105428,99.93849125052631,50.67542408667772,8.536621163563899,"newton-wall (no collapse); plateau (c-control; c_red/cb 2.34e-03, c_sub/cb 5.5e-01)","direct-ramp"
"Co-H alkene reduction (e-HAT)","RDE 1600 rpm",0.0,10.981964909303445,Inf,8.092105263157895e-10,6.732170897246231,6.756804360793558,NaN,113.75297143531068,6.756804360793558,1.0,"newton-wall (no collapse); plateau (c-control; c_red/cb 1.42e-03, c_sub/cb 1.0e+00)","direct-ramp"
"Co-H alkene reduction (e-HAT)","RDE 1600 rpm",1.0,10.981964909303445,109.42006214584234,8.092105263157895e-10,6.732170897246231,6.756804360793558,0.6756755855105427,113.75297143531068,6.777365059000134,1.0030429618956973,"plateau (c-control; c_red/cb 1.67e-03, c_sub/cb 1.0e+00)","c-control"
"Co-H alkene reduction (e-HAT)","RDE 1600 rpm",10.0,10.981964909303445,34.60166180980329,8.092105263157895e-10,6.732170897246231,6.756804360793558,2.1366738095811786,113.75297143531068,6.979976958797138,1.033029311799901,"plateau (c-control; c_red/cb 1.58e-03, c_sub/cb 1.0e+00)","c-control"
"Co-H alkene reduction (e-HAT)","RDE 1600 rpm",100.0,10.981964909303445,10.942006214584232,8.092105263157895e-10,6.732170897246231,6.756804360793558,6.7567558551054265,113.75297143531068,8.860471938283023,1.3113406079501164,"newton-wall; mediator; plateau (c-control; c_red/cb 1.68e-03, c_sub/cb 9.8e-01)","direct-ramp"
"Co-H alkene reduction (e-HAT)","RDE 1600 rpm",1000.0,10.981964909303445,3.46016618098033,8.092105263157895e-10,6.732170897246231,6.756804360793558,21.366738095811783,113.75297143531068,20.32670493354942,3.0083311352768147,"newton-wall; mediator; plateau (c-control; c_red/cb 1.66e-03, c_sub/cb 8.8e-01)","direct-ramp"
"Co-H alkene reduction (e-HAT)","RDE 1600 rpm",10000.0,10.981964909303445,1.0942006214584235,8.092105263157895e-10,6.732170897246231,6.756804360793558,67.56755855105428,113.75297143531068,52.61616002030397,7.787136819531123,"newton-wall (no collapse); plateau (c-control; c_red/cb 2.05e-03, c_sub/cb 6.0e-01)","direct-ramp"
"Co-H alkene reduction (e-HAT)","Rotating cylinder 3000 rpm",0.0,9.109136779652111,Inf,8.092105263157895e-10,8.116297553259,8.145995628808334,NaN,137.1404525862536,8.145995628808334,1.0,"newton-wall (no collapse); plateau (c-control; c_red/cb 1.42e-03, c_sub/cb 1.0e+00)","direct-ramp"
"Co-H alkene reduction (e-HAT)","Rotating cylinder 3000 rpm",1.0,9.109136779652111,109.42006214584234,8.092105263157895e-10,8.116297553259,8.145995628808334,0.6756755855105427,137.1404525862536,8.165043163404144,1.0023382696804364,"newton-wall (no collapse); plateau (c-control; c_red/cb 1.42e-03, c_sub/cb 1.0e+00)","direct-ramp"
"Co-H alkene reduction (e-HAT)","Rotating cylinder 3000 rpm",10.0,9.109136779652111,34.60166180980329,8.092105263157895e-10,8.116297553259,8.145995628808334,2.1366738095811786,137.1404525862536,8.33647097476644,1.0233826968043647,"newton-wall; mediator; plateau (c-control; c_red/cb 1.46e-03, c_sub/cb 1.0e+00)","direct-ramp"
"Co-H alkene reduction (e-HAT)","Rotating cylinder 3000 rpm",100.0,9.109136779652111,10.942006214584232,8.092105263157895e-10,8.116297553259,8.145995628808334,6.7567558551054265,137.1404525862536,9.93741625754432,1.2199142634450506,"newton-wall; mediator; plateau (c-control; c_red/cb 1.64e-03, c_sub/cb 9.9e-01)","direct-ramp"
"Co-H alkene reduction (e-HAT)","Rotating cylinder 3000 rpm",1000.0,9.109136779652111,3.46016618098033,8.092105263157895e-10,8.116297553259,8.145995628808334,21.366738095811783,137.1404525862536,20.78073950398929,2.5510373993447963,"newton-wall (no collapse); plateau (c-control; c_red/cb 1.71e-03, c_sub/cb 9.1e-01)","direct-ramp"
"Co-H alkene reduction (e-HAT)","Rotating cylinder 3000 rpm",10000.0,9.109136779652111,1.0942006214584235,8.092105263157895e-10,8.116297553259,8.145995628808334,67.56755855105428,137.1404525862536,55.18660795200552,6.774691574451371,"plateau (c-control; c_red/cb 1.96e-03, c_sub/cb 6.6e-01)","c-control"
"Ni-XEC C(sp2)-C(sp3) (ArBr + RBr)","Unstirred batch",0.0,228.0,Inf,1.9148936170212767e-10,0.31972192119578946,0.32089180508781584,NaN,4.862082799552071,0.32089180508781584,1.0,"newton-wall (no collapse); plateau (c-control; c_red/cb 1.42e-03, c_sub/cb 1.0e+00)","direct-ramp"
"Ni-XEC C(sp2)-C(sp3) (ArBr + RBr)","Unstirred batch",1.0,228.0,28.973551157334278,1.9148936170212767e-10,0.31972192119578946,0.32089180508781584,2.515970432370944,4.862082799552071,2.0297786962987407,6.3254301422352235,"newton-wall; mediator; plateau (c-control; c_red/cb 2.11e-03, c_sub/cb 6.5e-01)","direct-ramp"
"Ni-XEC C(sp2)-C(sp3) (ArBr + RBr)","Unstirred batch",10.0,228.0,9.16224135605839,1.9148936170212767e-10,0.31972192119578946,0.32089180508781584,7.9561970919308145,4.862082799552071,3.983106150312569,12.412614118402136,"plateau (c-control; c_red/cb 3.76e-03, c_sub/cb 2.5e-01)","c-control"
"Ni-XEC C(sp2)-C(sp3) (ArBr + RBr)","Unstirred batch",100.0,228.0,2.897355115733428,1.9148936170212767e-10,0.31972192119578946,0.32089180508781584,25.15970432370944,4.862082799552071,5.0136805340898825,15.624208703983044,"plateau (c-control; c_red/cb 1.20e-02, c_sub/cb 3.4e-02)","c-control"
"Ni-XEC C(sp2)-C(sp3) (ArBr + RBr)","Unstirred batch",1000.0,228.0,0.9162241356058388,1.9148936170212767e-10,0.31972192119578946,0.32089180508781584,79.56197091930817,4.862082799552071,5.167935072416647,16.10491446175255,"plateau (c-control; c_red/cb 2.18e-02, c_sub/cb 1.5e-03)","c-control"
"Ni-XEC C(sp2)-C(sp3) (ArBr + RBr)","Unstirred batch",10000.0,228.0,0.2897355115733428,1.9148936170212767e-10,0.31972192119578946,0.32089180508781584,251.5970432370944,4.862082799552071,5.174246527465838,16.124582944864684,"plateau (c-control; c_red/cb 2.43e-02, c_sub/cb 2.3e-06)","c-control"
"Ni-XEC C(sp2)-C(sp3) (ArBr + RBr)","Stirred batch",0.0,200.0,Inf,1.9148936170212767e-10,0.3644829901632,0.3658166578001102,NaN,5.5427743914893615,0.3658166578001102,1.0,"newton-wall (no collapse); plateau (c-control; c_red/cb 1.42e-03, c_sub/cb 1.0e+00)","direct-ramp"
"Ni-XEC C(sp2)-C(sp3) (ArBr + RBr)","Stirred batch",1.0,200.0,28.973551157334278,1.9148936170212767e-10,0.3644829901632,0.3658166578001102,2.515970432370944,5.5427743914893615,2.089928712713434,5.71304960600076,"newton-wall (no collapse); plateau (c-control; c_red/cb 1.73e-03, c_sub/cb 6.9e-01)","direct-ramp"
"Ni-XEC C(sp2)-C(sp3) (ArBr + RBr)","Stirred batch",10.0,200.0,9.16224135605839,1.9148936170212767e-10,0.3644829901632,0.3658166578001102,7.9561970919308145,5.5427743914893615,4.304847570922145,11.767773498369237,"newton-wall (no collapse); plateau (c-control; c_red/cb 3.60e-03, c_sub/cb 2.9e-01)","direct-ramp"
"Ni-XEC C(sp2)-C(sp3) (ArBr + RBr)","Stirred batch",100.0,200.0,2.897355115733428,1.9148936170212767e-10,0.3644829901632,0.3658166578001102,25.15970432370944,5.5427743914893615,5.657019484305406,15.464083889248473,"plateau (c-control; c_red/cb 1.03e-02, c_sub/cb 4.5e-02)","c-control"
"Ni-XEC C(sp2)-C(sp3) (ArBr + RBr)","Stirred batch",1000.0,200.0,0.9162241356058388,1.9148936170212767e-10,0.3644829901632,0.3658166578001102,79.56197091930817,5.5427743914893615,5.887110514465487,16.093062983704602,"plateau (c-control; c_red/cb 2.11e-02, c_sub/cb 2.3e-03)","c-control"
"Ni-XEC C(sp2)-C(sp3) (ArBr + RBr)","Stirred batch",10000.0,200.0,0.2897355115733428,1.9148936170212767e-10,0.3644829901632,0.3658166578001102,251.5970432370944,5.5427743914893615,5.89832214889893,16.123711217442413,"plateau (c-control; c_red/cb 2.52e-02, c_sub/cb 6.7e-06)","c-control"
"Ni-XEC C(sp2)-C(sp3) (ArBr + RBr)","Recirculating flow cell",0.0,106.89999999999999,Inf,1.9148936170212767e-10,0.6819139198563143,0.6844090884941259,NaN,10.370017570606851,0.6844090884941259,1.0,"newton-wall (no collapse); plateau (c-control; c_red/cb 1.42e-03, c_sub/cb 1.0e+00)","direct-ramp"
"Ni-XEC C(sp2)-C(sp3) (ArBr + RBr)","Recirculating flow cell",1.0,106.89999999999999,28.973551157334278,1.9148936170212767e-10,0.6819139198563143,0.6844090884941259,2.515970432370944,10.370017570606851,2.3145378176146734,3.38180462025606,"plateau (c-control; c_red/cb 1.82e-03, c_sub/cb 8.4e-01)","c-control"
"Ni-XEC C(sp2)-C(sp3) (ArBr + RBr)","Recirculating flow cell",10.0,106.89999999999999,9.16224135605839,1.9148936170212767e-10,0.6819139198563143,0.6844090884941259,7.9561970919308145,10.370017570606851,5.715865026161339,8.351532909561,"plateau (c-control; c_red/cb 2.36e-03, c_sub/cb 5.1e-01)","c-control"
"Ni-XEC C(sp2)-C(sp3) (ArBr + RBr)","Recirculating flow cell",100.0,106.89999999999999,2.897355115733428,1.9148936170212767e-10,0.6819139198563143,0.6844090884941259,25.15970432370944,10.370017570606851,9.597364713394256,14.022848139715535,"plateau (c-control; c_red/cb 5.22e-03, c_sub/cb 1.4e-01)","c-control"
"Ni-XEC C(sp2)-C(sp3) (ArBr + RBr)","Recirculating flow cell",1000.0,106.89999999999999,0.9162241356058388,1.9148936170212767e-10,0.6819139198563143,0.6844090884941259,79.56197091930817,10.370017570606851,10.899727506997294,15.925749219636268,"plateau (c-control; c_red/cb 1.64e-02, c_sub/cb 1.4e-02)","c-control"
"Ni-XEC C(sp2)-C(sp3) (ArBr + RBr)","Recirculating flow cell",10000.0,106.89999999999999,0.2897355115733428,1.9148936170212767e-10,0.6819139198563143,0.6844090884941259,251.5970432370944,10.370017570606851,11.033900443759919,16.121791234592322,"plateau (c-control; c_red/cb 2.35e-02, c_sub/cb 2.9e-04)","c-control"
"Ni-XEC C(sp2)-C(sp3) (ArBr + RBr)","ANEC flow cell",0.0,36.199999999999996,Inf,1.9148936170212767e-10,2.0137181776972377,2.02108650718293,NaN,30.623062936405315,2.02108650718293,1.0,"newton-wall (no collapse); plateau (c-control; c_red/cb 1.42e-03, c_sub/cb 1.0e+00)","direct-ramp"
"Ni-XEC C(sp2)-C(sp3) (ArBr + RBr)","ANEC flow cell",1.0,36.199999999999996,28.973551157334278,1.9148936170212767e-10,2.0137181776972377,2.02108650718293,2.515970432370944,30.623062936405315,2.9416339134202554,1.4554715510522214,"newton-wall (no collapse); plateau (c-control; c_red/cb 1.62e-03, c_sub/cb 9.7e-01)","direct-ramp"
"Ni-XEC C(sp2)-C(sp3) (ArBr + RBr)","ANEC flow cell",10.0,36.199999999999996,9.16224135605839,1.9148936170212767e-10,2.0137181776972377,2.02108650718293,7.9561970919308145,30.623062936405315,7.259556759840113,3.5919079831762226,"newton-wall; mediator; plateau (c-control; c_red/cb 1.87e-03, c_sub/cb 8.3e-01)","direct-ramp"
"Ni-XEC C(sp2)-C(sp3) (ArBr + RBr)","ANEC flow cell",100.0,36.199999999999996,2.897355115733428,1.9148936170212767e-10,2.0137181776972377,2.02108650718293,25.15970432370944,30.623062936405315,17.64174639106143,8.728842792410305,"plateau (c-control; c_red/cb 2.20e-03, c_sub/cb 4.9e-01)","c-control"
"Ni-XEC C(sp2)-C(sp3) (ArBr + RBr)","ANEC flow cell",1000.0,36.199999999999996,0.9162241356058388,1.9148936170212767e-10,2.0137181776972377,2.02108650718293,79.56197091930817,30.623062936405315,28.796314193545363,14.247937478778583,"plateau (c-control; c_red/cb 5.28e-03, c_sub/cb 1.3e-01)","c-control"
"Ni-XEC C(sp2)-C(sp3) (ArBr + RBr)","ANEC flow cell",10000.0,36.199999999999996,0.2897355115733428,1.9148936170212767e-10,2.0137181776972377,2.02108650718293,251.5970432370944,30.623062936405315,32.26089812202886,15.962156002414453,"plateau (c-control; c_red/cb 1.71e-02, c_sub/cb 1.1e-02)","c-control"
"Ni-XEC C(sp2)-C(sp3) (ArBr + RBr)","Microfluidic cell (25 um gap)",0.0,12.499999999999998,Inf,1.9148936170212767e-10,5.831727842611201,5.853066524801763,NaN,88.6843902638298,5.853066524801763,1.0,"newton-wall (no collapse); plateau (c-control; c_red/cb 1.42e-03, c_sub/cb 1.0e+00)","direct-ramp"
"Ni-XEC C(sp2)-C(sp3) (ArBr + RBr)","Microfluidic cell (25 um gap)",1.0,12.499999999999998,28.973551157334278,1.9148936170212767e-10,5.831727842611201,5.853066524801763,2.515970432370944,88.6843902638298,6.208903772607326,1.0607950116913485,"newton-wall; mediator; plateau (c-control; c_red/cb 1.65e-03, c_sub/cb 1.0e+00)","direct-ramp"
"Ni-XEC C(sp2)-C(sp3) (ArBr + RBr)","Microfluidic cell (25 um gap)",10.0,12.499999999999998,9.16224135605839,1.9148936170212767e-10,5.831727842611201,5.853066524801763,7.9561970919308145,88.6843902638298,8.964226855629759,1.5315436477007012,"newton-wall (no collapse); plateau (c-control; c_red/cb 1.61e-03, c_sub/cb 9.7e-01)","direct-ramp"
"Ni-XEC C(sp2)-C(sp3) (ArBr + RBr)","Microfluidic cell (25 um gap)",100.0,12.499999999999998,2.897355115733428,1.9148936170212767e-10,5.831727842611201,5.853066524801763,25.15970432370944,88.6843902638298,22.66570782058393,3.8724500609279495,"plateau (c-control; c_red/cb 1.78e-03, c_sub/cb 8.1e-01)","c-control"
"Ni-XEC C(sp2)-C(sp3) (ArBr + RBr)","Microfluidic cell (25 um gap)",1000.0,12.499999999999998,0.9162241356058388,1.9148936170212767e-10,5.831727842611201,5.853066524801763,79.56197091930817,88.6843902638298,53.974523342463726,9.221580365395178,"newton-wall (no collapse); plateau (c-control; c_red/cb 2.33e-03, c_sub/cb 4.6e-01)","direct-ramp"
"Ni-XEC C(sp2)-C(sp3) (ArBr + RBr)","Microfluidic cell (25 um gap)",10000.0,12.499999999999998,0.2897355115733428,1.9148936170212767e-10,5.831727842611201,5.853066524801763,251.5970432370944,88.6843902638298,85.07345694065835,14.53485221467557,"plateau (c-control; c_red/cb 6.56e-03, c_sub/cb 1.1e-01)","c-control"
"Ni-XEC C(sp2)-C(sp3) (ArBr + RBr)","RDE 1600 rpm",0.0,8.85764188710124,Inf,1.9148936170212767e-10,8.229797384199307,8.259910763220702,NaN,125.1523703969318,8.259910763220702,1.0,"newton-wall (no collapse); plateau (c-control; c_red/cb 1.42e-03, c_sub/cb 1.0e+00)","direct-ramp"
"Ni-XEC C(sp2)-C(sp3) (ArBr + RBr)","RDE 1600 rpm",1.0,8.85764188710124,28.973551157334278,1.9148936170212767e-10,8.229797384199307,8.259910763220702,2.515970432370944,125.1523703969318,8.510991448930453,1.0303975058456742,"newton-wall (no collapse); plateau (c-control; c_red/cb 1.46e-03, c_sub/cb 1.0e+00)","direct-ramp"
"Ni-XEC C(sp2)-C(sp3) (ArBr + RBr)","RDE 1600 rpm",10.0,8.85764188710124,9.16224135605839,1.9148936170212767e-10,8.229797384199307,8.259910763220702,7.9561970919308145,125.1523703969318,10.609762680493455,1.2844887777403178,"plateau (c-control; c_red/cb 1.45e-03, c_sub/cb 9.8e-01)","c-control"
"Ni-XEC C(sp2)-C(sp3) (ArBr + RBr)","RDE 1600 rpm",100.0,8.85764188710124,2.897355115733428,1.9148936170212767e-10,8.229797384199307,8.259910763220702,25.15970432370944,125.1523703969318,23.71828891260704,2.871494570887932,"newton-wall (no collapse); plateau (c-control; c_red/cb 1.77e-03, c_sub/cb 8.8e-01)","direct-ramp"
"Ni-XEC C(sp2)-C(sp3) (ArBr + RBr)","RDE 1600 rpm",1000.0,8.85764188710124,0.9162241356058388,1.9148936170212767e-10,8.229797384199307,8.259910763220702,79.56197091930817,125.1523703969318,60.76790911986075,7.356969204854477,"newton-wall (no collapse); plateau (c-control; c_red/cb 1.90e-03, c_sub/cb 5.8e-01)","direct-ramp"
"Ni-XEC C(sp2)-C(sp3) (ArBr + RBr)","RDE 1600 rpm",10000.0,8.85764188710124,0.2897355115733428,1.9148936170212767e-10,8.229797384199307,8.259910763220702,251.5970432370944,125.1523703969318,110.58578152615813,13.388253783390578,"newton-wall (no collapse); plateau (c-control; c_red/cb 4.10e-03, c_sub/cb 1.8e-01)","direct-ramp"
"Ni-XEC C(sp2)-C(sp3) (ArBr + RBr)","Rotating cylinder 3000 rpm",0.0,9.10732936801866,Inf,1.9148936170212767e-10,8.004168410623647,8.033456198141105,NaN,121.72118010694535,8.033456198141105,1.0,"newton-wall (no collapse); plateau (c-control; c_red/cb 1.42e-03, c_sub/cb 1.0e+00)","direct-ramp"
"Ni-XEC C(sp2)-C(sp3) (ArBr + RBr)","Rotating cylinder 3000 rpm",1.0,9.10732936801866,28.973551157334278,1.9148936170212767e-10,8.004168410623647,8.033456198141105,2.515970432370944,121.72118010694535,8.296437616942294,1.0327357755261106,"newton-wall; mediator; plateau (c-control; c_red/cb 1.53e-03, c_sub/cb 1.0e+00)","direct-ramp"
"Ni-XEC C(sp2)-C(sp3) (ArBr + RBr)","Rotating cylinder 3000 rpm",10.0,9.10732936801866,9.16224135605839,1.9148936170212767e-10,8.004168410623647,8.033456198141105,7.9561970919308145,121.72118010694535,10.448189154347741,1.3005845674201089,"newton-wall; mediator; plateau (c-control; c_red/cb 1.59e-03, c_sub/cb 9.8e-01)","direct-ramp"
"Ni-XEC C(sp2)-C(sp3) (ArBr + RBr)","Rotating cylinder 3000 rpm",100.0,9.10732936801866,2.897355115733428,1.9148936170212767e-10,8.004168410623647,8.033456198141105,25.15970432370944,121.72118010694535,23.622144366066976,2.9404709235276596,"plateau (c-control; c_red/cb 1.79e-03, c_sub/cb 8.7e-01)","c-control"
"Ni-XEC C(sp2)-C(sp3) (ArBr + RBr)","Rotating cylinder 3000 rpm",1000.0,9.10732936801866,0.9162241356058388,1.9148936170212767e-10,8.004168410623647,8.033456198141105,79.56197091930817,121.72118010694535,60.2981050203204,7.505873379165624,"newton-wall; mediator; plateau (c-control; c_red/cb 2.18e-03, c_sub/cb 5.7e-01)","direct-ramp"
"Ni-XEC C(sp2)-C(sp3) (ArBr + RBr)","Rotating cylinder 3000 rpm",10000.0,9.10732936801866,0.2897355115733428,1.9148936170212767e-10,8.004168410623647,8.033456198141105,251.5970432370944,121.72118010694535,108.48381158058442,13.504002375177816,"newton-wall; mediator; plateau (c-control; c_red/cb 4.53e-03, c_sub/cb 1.8e-01)","direct-ramp"
"Rh-catalyzed electrooxidative C-H alkenylation","Unstirred batch",0.0,228.0,Inf,1.317857142857143e-10,0.0454743833341614,0.045640777144018124,NaN,1.3942311837406016,0.045640777144018124,1.0,"newton-wall (no collapse); plateau (c-control; c_red/cb 1.42e-03, c_sub/cb 1.0e+00)","direct-ramp"
"Rh-catalyzed electrooxidative C-H alkenylation","Unstirred batch",1.0,228.0,37.23654119275849,1.317857142857143e-10,0.0454743833341614,0.045640777144018124,0.2784404530624109,1.3942311837406016,0.25789311850925023,5.650497967978857,"newton-wall (no collapse); plateau (c-control; c_red/cb 1.69e-03, c_sub/cb 8.5e-01)","direct-ramp"
"Rh-catalyzed electrooxidative C-H alkenylation","Unstirred batch",10.0,228.0,11.77522823557998,1.317857142857143e-10,0.0454743833341614,0.045640777144018124,0.8805060244064242,1.3942311837406016,0.6616996861312103,14.497993407150727,"newton-wall (no collapse); plateau (c-control; c_red/cb 2.13e-03, c_sub/cb 5.6e-01)","direct-ramp"
"Rh-catalyzed electrooxidative C-H alkenylation","Unstirred batch",100.0,228.0,3.723654119275849,1.317857142857143e-10,0.0454743833341614,0.045640777144018124,2.7844045306241085,1.3942311837406016,1.1896221611944082,26.06489713005085,"plateau (c-control; c_red/cb 4.61e-03, c_sub/cb 1.8e-01)","c-control"
"Rh-catalyzed electrooxidative C-H alkenylation","Unstirred batch",1000.0,228.0,1.177522823557998,1.317857142857143e-10,0.0454743833341614,0.045640777144018124,8.805060244064242,1.3942311837406016,1.4074255152382618,30.83701907172115,"plateau (c-control; c_red/cb 1.71e-02, c_sub/cb 2.3e-02)","c-control"
"Rh-catalyzed electrooxidative C-H alkenylation","Unstirred batch",10000.0,228.0,0.3723654119275849,1.317857142857143e-10,0.0454743833341614,0.045640777144018124,27.84404530624109,1.3942311837406016,1.4359857590408747,31.462780629472284,"plateau (c-control; c_red/cb 4.64e-02, c_sub/cb 1.2e-03)","c-control"
"Rh-catalyzed electrooxidative C-H alkenylation","Stirred batch",0.0,200.0,Inf,1.317857142857143e-10,0.051840797000943996,0.05203048594418063,NaN,1.5894235494642859,0.05203048594418063,1.0,"newton-wall (no collapse); plateau (c-control; c_red/cb 1.42e-03, c_sub/cb 1.0e+00)","direct-ramp"
"Rh-catalyzed electrooxidative C-H alkenylation","Stirred batch",1.0,200.0,37.23654119275849,1.317857142857143e-10,0.051840797000943996,0.05203048594418063,0.2784404530624109,1.5894235494642859,0.26131072986635967,5.022261951324059,"newton-wall; mediator; plateau (c-control; c_red/cb 1.76e-03, c_sub/cb 8.7e-01)","direct-ramp"
"Rh-catalyzed electrooxidative C-H alkenylation","Stirred batch",10.0,200.0,11.77522823557998,1.317857142857143e-10,0.051840797000943996,0.05203048594418063,0.8805060244064242,1.5894235494642859,0.6860782767569815,13.18608243430631,"plateau (c-control; c_red/cb 2.31e-03, c_sub/cb 6.0e-01)","c-control"
"Rh-catalyzed electrooxidative C-H alkenylation","Stirred batch",100.0,200.0,3.723654119275849,1.317857142857143e-10,0.051840797000943996,0.05203048594418063,2.7844045306241085,1.5894235494642859,1.3001793211482275,24.988798346859312,"plateau (c-control; c_red/cb 3.73e-03, c_sub/cb 2.1e-01)","c-control"
"Rh-catalyzed electrooxidative C-H alkenylation","Stirred batch",1000.0,200.0,1.177522823557998,1.317857142857143e-10,0.051840797000943996,0.05203048594418063,8.805060244064242,1.5894235494642859,1.59326845389761,30.62182535844276,"plateau (c-control; c_red/cb 1.49e-02, c_sub/cb 3.0e-02)","c-control"
"Rh-catalyzed electrooxidative C-H alkenylation","Stirred batch",10000.0,200.0,0.3723654119275849,1.317857142857143e-10,0.051840797000943996,0.05203048594418063,27.84404530624109,1.5894235494642859,1.6361278747974155,31.445562060532875,"plateau (c-control; c_red/cb 4.51e-02, c_sub/cb 1.8e-03)","c-control"
"Rh-catalyzed electrooxidative C-H alkenylation","Recirculating flow cell",0.0,106.89999999999999,Inf,1.317857142857143e-10,0.0969893302169205,0.09734422066263917,NaN,2.973664264666578,0.09734422066263917,1.0,"newton-wall (no collapse); plateau (c-control; c_red/cb 1.42e-03, c_sub/cb 1.0e+00)","direct-ramp"
"Rh-catalyzed electrooxidative C-H alkenylation","Recirculating flow cell",1.0,106.89999999999999,37.23654119275849,1.317857142857143e-10,0.0969893302169205,0.09734422066263917,0.2784404530624109,2.973664264666578,0.27407420848248076,2.815515976365208,"newton-wall; mediator; plateau (c-control; c_red/cb 1.63e-03, c_sub/cb 9.4e-01)","direct-ramp"
"Rh-catalyzed electrooxidative C-H alkenylation","Recirculating flow cell",10.0,106.89999999999999,11.77522823557998,1.317857142857143e-10,0.0969893302169205,0.09734422066263917,0.8805060244064242,2.973664264666578,0.7776432319858801,7.9885916872345,"plateau (c-control; c_red/cb 1.77e-03, c_sub/cb 7.7e-01)","c-control"
"Rh-catalyzed electrooxidative C-H alkenylation","Recirculating flow cell",100.0,106.89999999999999,3.723654119275849,1.317857142857143e-10,0.0969893302169205,0.09734422066263917,2.7844045306241085,2.973664264666578,1.817432270632084,18.670160983985532,"plateau (c-control; c_red/cb 2.56e-03, c_sub/cb 4.2e-01)","c-control"
"Rh-catalyzed electrooxidative C-H alkenylation","Recirculating flow cell",1000.0,106.89999999999999,1.177522823557998,1.317857142857143e-10,0.0969893302169205,0.09734422066263917,8.805060244064242,2.973664264666578,2.783404877722102,28.59342710614947,"plateau (c-control; c_red/cb 5.54e-03, c_sub/cb 9.7e-02)","c-control"
"Rh-catalyzed electrooxidative C-H alkenylation","Recirculating flow cell",10000.0,106.89999999999999,0.3723654119275849,1.317857142857143e-10,0.0969893302169205,0.09734422066263917,27.84404530624109,2.973664264666578,3.040603004456451,31.23557807293061,"newton-wall (no collapse); plateau (c-control; c_red/cb 2.86e-02, c_sub/cb 9.4e-03)","direct-ramp"
"Rh-catalyzed electrooxidative C-H alkenylation","ANEC flow cell",0.0,36.199999999999996,Inf,1.317857142857143e-10,0.2864132430991381,0.2874612483103903,NaN,8.78134557715075,0.2874612483103903,1.0,"newton-wall (no collapse); plateau (c-control; c_red/cb 1.42e-03, c_sub/cb 1.0e+00)","direct-ramp"
"Rh-catalyzed electrooxidative C-H alkenylation","ANEC flow cell",1.0,36.199999999999996,37.23654119275849,1.317857142857143e-10,0.2864132430991381,0.2874612483103903,0.2784404530624109,8.78134557715075,0.3723216908649969,1.295206547155105,"newton-wall; mediator; plateau (c-control; c_red/cb 1.53e-03, c_sub/cb 9.9e-01)","direct-ramp"
"Rh-catalyzed electrooxidative C-H alkenylation","ANEC flow cell",10.0,36.199999999999996,11.77522823557998,1.317857142857143e-10,0.2864132430991381,0.2874612483103903,0.8805060244064242,8.78134557715075,0.861202695330984,2.995891447605099,"newton-wall (no collapse); plateau (c-control; c_red/cb 1.58e-03, c_sub/cb 9.3e-01)","direct-ramp"
"Rh-catalyzed electrooxidative C-H alkenylation","ANEC flow cell",100.0,36.199999999999996,3.723654119275849,1.317857142857143e-10,0.2864132430991381,0.2874612483103903,2.7844045306241085,8.78134557715075,2.4375395070976325,8.479541230077958,"newton-wall; mediator; plateau (c-control; c_red/cb 1.71e-03, c_sub/cb 7.6e-01)","direct-ramp"
"Rh-catalyzed electrooxidative C-H alkenylation","ANEC flow cell",1000.0,36.199999999999996,1.177522823557998,1.317857142857143e-10,0.2864132430991381,0.2874612483103903,8.805060244064242,8.78134557715075,5.580294854249044,19.41233779178348,"plateau (c-control; c_red/cb 2.53e-03, c_sub/cb 4.0e-01)","c-control"
"Rh-catalyzed electrooxidative C-H alkenylation","ANEC flow cell",10000.0,36.199999999999996,0.3723654119275849,1.317857142857143e-10,0.2864132430991381,0.2874612483103903,27.84404530624109,8.78134557715075,8.318145981892576,28.936581994213494,"plateau (c-control; c_red/cb 8.36e-03, c_sub/cb 8.5e-02)","c-control"
"Rh-catalyzed electrooxidative C-H alkenylation","Microfluidic cell (25 um gap)",0.0,12.5,Inf,1.317857142857143e-10,0.8294527520151039,0.8324877751068901,NaN,25.430776791428574,0.8324877751068901,1.0,"newton-wall (no collapse); plateau (c-control; c_red/cb 1.42e-03, c_sub/cb 1.0e+00)","direct-ramp"
"Rh-catalyzed electrooxidative C-H alkenylation","Microfluidic cell (25 um gap)",1.0,12.5,37.23654119275849,1.317857142857143e-10,0.8294527520151039,0.8324877751068901,0.2784404530624109,25.430776791428574,0.8636330698887534,1.0374123148869836,"newton-wall (no collapse); plateau (c-control; c_red/cb 1.74e-03, c_sub/cb 1.0e+00)","direct-ramp"
"Rh-catalyzed electrooxidative C-H alkenylation","Microfluidic cell (25 um gap)",10.0,12.5,11.77522823557998,1.317857142857143e-10,0.8294527520151039,0.8324877751068901,0.8805060244064242,25.430776791428574,1.1215599087533694,1.347238893219018,"newton-wall; mediator; plateau (c-control; c_red/cb 1.52e-03, c_sub/cb 9.9e-01)","direct-ramp"
"Rh-catalyzed electrooxidative C-H alkenylation","Microfluidic cell (25 um gap)",100.0,12.5,3.723654119275849,1.317857142857143e-10,0.8294527520151039,0.8324877751068901,2.7844045306241085,25.430776791428574,2.70737429668328,3.2521490136424616,"newton-wall; mediator; plateau (c-control; c_red/cb 1.76e-03, c_sub/cb 9.3e-01)","direct-ramp"
"Rh-catalyzed electrooxidative C-H alkenylation","Microfluidic cell (25 um gap)",1000.0,12.5,1.177522823557998,1.317857142857143e-10,0.8294527520151039,0.8324877751068901,8.805060244064242,25.430776791428574,7.59765567663895,9.126447142918613,"newton-wall; mediator; plateau (c-control; c_red/cb 1.70e-03, c_sub/cb 7.3e-01)","direct-ramp"
"Rh-catalyzed electrooxidative C-H alkenylation","Microfluidic cell (25 um gap)",10000.0,12.5,0.3723654119275849,1.317857142857143e-10,0.8294527520151039,0.8324877751068901,27.84404530624109,25.430776791428574,17.060912745752024,20.49388982746495,"newton-wall; mediator; plateau (c-control; c_red/cb 3.08e-03, c_sub/cb 3.6e-01)","direct-ramp"
"Rh-catalyzed electrooxidative C-H alkenylation","RDE 1600 rpm",0.0,8.459095584464121,Inf,1.317857142857143e-10,1.2256817879243314,1.2301666395575255,NaN,37.57904219414197,1.2301666395575255,1.0,"newton-wall (no collapse); plateau (c-control; c_red/cb 1.42e-03, c_sub/cb 1.0e+00)","direct-ramp"
"Rh-catalyzed electrooxidative C-H alkenylation","RDE 1600 rpm",1.0,8.459095584464121,37.23654119275849,1.317857142857143e-10,1.2256817879243314,1.2301666395575255,0.2784404530624109,37.57904219414197,1.2510351973014424,1.0169640088365777,"plateau (c-control; c_red/cb 1.46e-03, c_sub/cb 1.0e+00)","c-control"
"Rh-catalyzed electrooxidative C-H alkenylation","RDE 1600 rpm",10.0,8.459095584464121,11.77522823557998,1.317857142857143e-10,1.2256817879243314,1.2301666395575255,0.8805060244064242,37.57904219414197,1.4345392188417705,1.1661340607950117,"newton-wall; mediator; plateau (c-control; c_red/cb 1.51e-03, c_sub/cb 9.9e-01)","direct-ramp"
"Rh-catalyzed electrooxidative C-H alkenylation","RDE 1600 rpm",100.0,8.459095584464121,3.723654119275849,1.317857142857143e-10,1.2256817879243314,1.2301666395575255,2.7844045306241085,37.57904219414197,2.8098688031304477,2.284136728127435,"newton-wall; mediator; plateau (c-control; c_red/cb 1.65e-03, c_sub/cb 9.6e-01)","direct-ramp"
"Rh-catalyzed electrooxidative C-H alkenylation","RDE 1600 rpm",1000.0,8.459095584464121,1.177522823557998,1.317857142857143e-10,1.2256817879243314,1.2301666395575255,8.805060244064242,37.57904219414197,8.029108723297796,6.526846416665761,"newton-wall; mediator; plateau (c-control; c_red/cb 1.80e-03, c_sub/cb 8.2e-01)","direct-ramp"
"Rh-catalyzed electrooxidative C-H alkenylation","RDE 1600 rpm",10000.0,8.459095584464121,0.3723654119275849,1.317857142857143e-10,1.2256817879243314,1.2301666395575255,27.84404530624109,37.57904219414197,20.045553452389132,16.294990294647604,"newton-wall (no collapse); plateau (c-control; c_red/cb 2.40e-03, c_sub/cb 5.0e-01)","direct-ramp"
"Rh-catalyzed electrooxidative C-H alkenylation","Rotating cylinder 3000 rpm",0.0,9.375591710277618,Inf,1.317857142857143e-10,1.1058672050344427,1.1099136470958795,NaN,33.90556241313162,1.1099136470958795,1.0,"newton-wall (no collapse); plateau (c-control; c_red/cb 1.42e-03, c_sub/cb 1.0e+00)","direct-ramp"
"Rh-catalyzed electrooxidative C-H alkenylation","Rotating cylinder 3000 rpm",1.0,9.375591710277618,37.23654119275849,1.317857142857143e-10,1.1058672050344427,1.1099136470958795,0.2784404530624109,33.90556241313162,1.1332711439560421,1.0210444271239285,"newton-wall (no collapse); plateau (c-control; c_red/cb 1.72e-03, c_sub/cb 1.0e+00)","direct-ramp"
"Rh-catalyzed electrooxidative C-H alkenylation","Rotating cylinder 3000 rpm",10.0,9.375591710277618,11.77522823557998,1.317857142857143e-10,1.1058672050344427,1.1099136470958795,0.8805060244064242,33.90556241313162,1.3331075059818784,1.201091192517537,"newton-wall (no collapse); plateau (c-control; c_red/cb 1.61e-03, c_sub/cb 9.9e-01)","direct-ramp"
"Rh-catalyzed electrooxidative C-H alkenylation","Rotating cylinder 3000 rpm",100.0,9.375591710277618,3.723654119275849,1.317857142857143e-10,1.1058672050344427,1.1099136470958795,2.7844045306241085,33.90556241313162,2.771875609750738,2.497379518671051,"plateau (c-control; c_red/cb 1.71e-03, c_sub/cb 9.5e-01)","c-control"
"Rh-catalyzed electrooxidative C-H alkenylation","Rotating cylinder 3000 rpm",1000.0,9.375591710277618,1.177522823557998,1.317857142857143e-10,1.1058672050344427,1.1099136470958795,8.805060244064242,33.90556241313162,7.926876068697959,7.1418853975161545,"newton-wall; mediator; plateau (c-control; c_red/cb 1.96e-03, c_sub/cb 8.0e-01)","direct-ramp"
"Rh-catalyzed electrooxidative C-H alkenylation","Rotating cylinder 3000 rpm",10000.0,9.375591710277618,0.3723654119275849,1.317857142857143e-10,1.1058672050344427,1.1099136470958795,27.84404530624109,33.90556241313162,19.312287245438302,17.399810603256796,"newton-wall; mediator; plateau (c-control; c_red/cb 2.55e-03, c_sub/cb 4.6e-01)","direct-ramp"
"Cu-catalyzed benzylic cyanation","Unstirred batch",0.0,228.0,Inf,1.0e-9,0.237932828712,0.23880344084473526,NaN,3.2161777333333337,0.23880344084473526,1.0,"newton-wall (no collapse); plateau (c-control; c_red/cb 1.42e-03, c_sub/cb 1.0e+00)","direct-ramp"
"Cu-catalyzed benzylic cyanation","Unstirred batch",1.0,228.0,197.32420557362738,1.0e-9,0.237932828712,0.23880344084473526,0.27492159306372693,3.2161777333333337,0.3342792155902622,1.3998090413094306,"newton-wall; mediator; plateau (c-control; c_red/cb 1.59e-03, c_sub/cb 9.7e-01)","direct-ramp"
"Cu-catalyzed benzylic cyanation","Unstirred batch",10.0,228.0,62.39939270959546,1.0e-9,0.237932828712,0.23880344084473526,0.8693784120433261,3.2161777333333337,0.7971217921090059,3.3379828585773055,"newton-wall; mediator; plateau (c-control; c_red/cb 1.59e-03, c_sub/cb 8.3e-01)","direct-ramp"
"Cu-catalyzed benzylic cyanation","Unstirred batch",100.0,228.0,19.73242055736274,1.0e-9,0.237932828712,0.23880344084473526,2.74921593063727,3.2161777333333337,1.9158128743146225,8.022551381745968,"plateau (c-control; c_red/cb 2.27e-03, c_sub/cb 4.8e-01)","c-control"
"Cu-catalyzed benzylic cyanation","Unstirred batch",1000.0,228.0,6.239939270959547,1.0e-9,0.237932828712,0.23880344084473526,8.693784120433259,3.2161777333333337,3.0755844152434793,12.87914614782773,"plateau (c-control; c_red/cb 6.18e-03, c_sub/cb 1.2e-01)","c-control"
"Cu-catalyzed benzylic cyanation","Unstirred batch",10000.0,228.0,1.9732420557362738,1.0e-9,0.237932828712,0.23880344084473526,27.4921593063727,3.2161777333333337,3.417652531375052,14.311571555608925,"plateau (c-control; c_red/cb 1.80e-02, c_sub/cb 1.0e-02)","c-control"
"Cu-catalyzed benzylic cyanation","Stirred batch",0.0,200.0,Inf,1.0e-9,0.27124342473168,0.27223592256299817,NaN,3.666442616,0.27223592256299817,1.0,"newton-wall (no collapse); plateau (c-control; c_red/cb 1.42e-03, c_sub/cb 1.0e+00)","direct-ramp"
"Cu-catalyzed benzylic cyanation","Stirred batch",1.0,200.0,197.32420557362738,1.0e-9,0.27124342473168,0.27223592256299817,0.27492159306372693,3.666442616,0.35772606535382573,1.3140296180826183,"newton-wall (no collapse); plateau (c-control; c_red/cb 1.71e-03, c_sub/cb 9.8e-01)","direct-ramp"
"Cu-catalyzed benzylic cyanation","Stirred batch",10.0,200.0,62.39939270959546,1.0e-9,0.27124342473168,0.27223592256299817,0.8693784120433261,3.666442616,0.8122027422876645,2.983451759933381,"newton-wall; mediator; plateau (c-control; c_red/cb 1.58e-03, c_sub/cb 8.5e-01)","direct-ramp"
"Cu-catalyzed benzylic cyanation","Stirred batch",100.0,200.0,19.73242055736274,1.0e-9,0.27124342473168,0.27223592256299817,2.74921593063727,3.666442616,2.008134141028421,7.37644805330097,"plateau (c-control; c_red/cb 2.14e-03, c_sub/cb 5.3e-01)","c-control"
"Cu-catalyzed benzylic cyanation","Stirred batch",1000.0,200.0,6.239939270959547,1.0e-9,0.27124342473168,0.27223592256299817,8.693784120433259,3.666442616,3.4037901745321637,12.50308975570442,"plateau (c-control; c_red/cb 5.01e-03, c_sub/cb 1.5e-01)","c-control"
"Cu-catalyzed benzylic cyanation","Stirred batch",10000.0,200.0,1.9732420557362738,1.0e-9,0.27124342473168,0.27223592256299817,27.4921593063727,3.666442616,3.88314547590118,14.26389816355915,"plateau (c-control; c_red/cb 1.32e-02, c_sub/cb 1.4e-02)","c-control"
"Cu-catalyzed benzylic cyanation","Recirculating flow cell",0.0,106.89999999999999,Inf,1.0e-9,0.5074713278422451,0.5093281993695007,NaN,6.8595745855940145,0.5093281993695007,1.0,"newton-wall (no collapse); plateau (c-control; c_red/cb 1.42e-03, c_sub/cb 1.0e+00)","direct-ramp"
"Cu-catalyzed benzylic cyanation","Recirculating flow cell",1.0,106.89999999999999,197.32420557362738,1.0e-9,0.5074713278422451,0.5093281993695007,0.27492159306372693,6.8595745855940145,0.558157013494558,1.0958690568978957,"newton-wall; mediator; plateau (c-control; c_red/cb 1.53e-03, c_sub/cb 9.9e-01)","direct-ramp"
"Cu-catalyzed benzylic cyanation","Recirculating flow cell",10.0,106.89999999999999,62.39939270959546,1.0e-9,0.5074713278422451,0.5093281993695007,0.8693784120433261,6.8595745855940145,0.911647935970408,1.7899027328526882,"newton-wall; mediator; plateau (c-control; c_red/cb 1.47e-03, c_sub/cb 9.4e-01)","direct-ramp"
"Cu-catalyzed benzylic cyanation","Recirculating flow cell",100.0,106.89999999999999,19.73242055736274,1.0e-9,0.5074713278422451,0.5093281993695007,2.74921593063727,6.8595745855940145,2.3640533824044714,4.641512850321153,"mediator; plateau (c-control; c_red/cb 1.27e-03, c_sub/cb 7.3e-01)","direct-ramp"
"Cu-catalyzed benzylic cyanation","Recirculating flow cell",1000.0,106.89999999999999,6.239939270959547,1.0e-9,0.5074713278422451,0.5093281993695007,8.693784120433259,6.8595745855940145,5.0781441618039835,9.970278826285758,"newton-wall (no collapse); plateau (c-control; c_red/cb 3.13e-03, c_sub/cb 3.3e-01)","direct-ramp"
"Cu-catalyzed benzylic cyanation","Recirculating flow cell",10000.0,106.89999999999999,1.9732420557362738,1.0e-9,0.5074713278422451,0.5093281993695007,27.4921593063727,6.8595745855940145,6.974459925282296,13.693449398474316,"plateau (c-control; c_red/cb 8.16e-03, c_sub/cb 5.7e-02)","c-control"
"Cu-catalyzed benzylic cyanation","ANEC flow cell",0.0,36.199999999999996,Inf,1.0e-9,1.4985824570811053,1.5040658705138015,NaN,20.256589038674036,1.5040658705138015,1.0,"newton-wall (no collapse); plateau (c-control; c_red/cb 1.42e-03, c_sub/cb 1.0e+00)","direct-ramp"
"Cu-catalyzed benzylic cyanation","ANEC flow cell",1.0,36.199999999999996,197.32420557362738,1.0e-9,1.4985824570811053,1.5040658705138015,0.27492159306372693,20.256589038674036,1.5216504286258101,1.0116913484021823,"newton-wall; mediator; plateau (c-control; c_red/cb 1.69e-03, c_sub/cb 1.0e+00)","direct-ramp"
"Cu-catalyzed benzylic cyanation","ANEC flow cell",10.0,36.199999999999996,62.39939270959546,1.0e-9,1.4985824570811053,1.5040658705138015,0.8693784120433261,20.256589038674036,1.669360716766682,1.1098986749805142,"newton-wall; mediator; plateau (c-control; c_red/cb 1.72e-03, c_sub/cb 9.9e-01)","direct-ramp"
"Cu-catalyzed benzylic cyanation","ANEC flow cell",100.0,36.199999999999996,19.73242055736274,1.0e-9,1.4985824570811053,1.5040658705138015,2.74921593063727,20.256589038674036,2.8290913520993715,1.8809624016885178,"plateau (c-control; c_red/cb 1.63e-03, c_sub/cb 9.3e-01)","c-control"
"Cu-catalyzed benzylic cyanation","ANEC flow cell",1000.0,36.199999999999996,6.239939270959547,1.0e-9,1.4985824570811053,1.5040658705138015,8.693784120433259,20.256589038674036,7.373830250665989,4.902597948151717,"newton-wall; mediator; plateau (c-control; c_red/cb 1.73e-03, c_sub/cb 7.1e-01)","direct-ramp"
"Cu-catalyzed benzylic cyanation","ANEC flow cell",10000.0,36.199999999999996,1.9732420557362738,1.0e-9,1.4985824570811053,1.5040658705138015,27.4921593063727,20.256589038674036,15.489604986245357,10.298488443829909,"newton-wall (no collapse); plateau (c-control; c_red/cb 2.85e-03, c_sub/cb 3.1e-01)","direct-ramp"
"Cu-catalyzed benzylic cyanation","Microfluidic cell (25 um gap)",0.0,12.5,Inf,1.0e-9,4.33989479570688,4.355774761007971,NaN,58.663081856,4.355774761007971,1.0,"newton-wall (no collapse); plateau (c-control; c_red/cb 1.42e-03, c_sub/cb 1.0e+00)","direct-ramp"
"Cu-catalyzed benzylic cyanation","Microfluidic cell (25 um gap)",1.0,12.5,197.32420557362738,1.0e-9,4.33989479570688,4.355774761007971,0.27492159306372693,58.663081856,4.365959737066446,1.0023382696804366,"newton-wall; mediator; plateau (c-control; c_red/cb 1.51e-03, c_sub/cb 1.0e+00)","direct-ramp"
"Cu-catalyzed benzylic cyanation","Microfluidic cell (25 um gap)",10.0,12.5,62.39939270959546,1.0e-9,4.33989479570688,4.355774761007971,0.8693784120433261,58.663081856,4.416884617358822,1.0140296180826187,"newton-wall; mediator; plateau (c-control; c_red/cb 1.52e-03, c_sub/cb 1.0e+00)","direct-ramp"
"Cu-catalyzed benzylic cyanation","Microfluidic cell (25 um gap)",100.0,12.5,19.73242055736274,1.0e-9,4.33989479570688,4.355774761007971,2.74921593063727,58.663081856,4.9159484442241155,1.128604832424006,"newton-wall (no collapse); plateau (c-control; c_red/cb 1.56e-03, c_sub/cb 9.9e-01)","direct-ramp"
"Cu-catalyzed benzylic cyanation","Microfluidic cell (25 um gap)",1000.0,12.5,6.239939270959547,1.0e-9,4.33989479570688,4.355774761007971,8.693784120433259,58.663081856,8.781504497484201,2.0160602830280583,"newton-wall; mediator; plateau (c-control; c_red/cb 1.55e-03, c_sub/cb 9.3e-01)","direct-ramp"
"Cu-catalyzed benzylic cyanation","Microfluidic cell (25 um gap)",10000.0,12.5,1.9732420557362738,1.0e-9,4.33989479570688,4.355774761007971,27.4921593063727,58.663081856,22.870916245402938,5.250711411925803,"newton-wall (no collapse); plateau (c-control; c_red/cb 1.85e-03, c_sub/cb 6.8e-01)","direct-ramp"
"Cu-catalyzed benzylic cyanation","RDE 1600 rpm",0.0,12.521638106453118,Inf,1.0e-9,4.332395209407829,4.3482477332210925,NaN,58.56170869705094,4.3482477332210925,1.0,"newton-wall (no collapse); plateau (c-control; c_red/cb 1.42e-03, c_sub/cb 1.0e+00)","direct-ramp"
"Cu-catalyzed benzylic cyanation","RDE 1600 rpm",1.0,12.521638106453118,197.32420557362738,1.0e-9,4.332395209407829,4.3482477332210925,0.27492159306372693,58.56170869705094,4.35841510905871,1.0023382696804366,"newton-wall; mediator; plateau (c-control; c_red/cb 1.51e-03, c_sub/cb 1.0e+00)","direct-ramp"
"Cu-catalyzed benzylic cyanation","RDE 1600 rpm",10.0,12.521638106453118,62.39939270959546,1.0e-9,4.332395209407829,4.3482477332210925,0.8693784120433261,58.56170869705094,4.409251988246797,1.0140296180826187,"newton-wall; mediator; plateau (c-control; c_red/cb 1.53e-03, c_sub/cb 1.0e+00)","direct-ramp"
"Cu-catalyzed benzylic cyanation","RDE 1600 rpm",100.0,12.521638106453118,19.73242055736274,1.0e-9,4.332395209407829,4.3482477332210925,2.74921593063727,58.56170869705094,4.908778581825926,1.1289095937019218,"plateau (c-control; c_red/cb 1.57e-03, c_sub/cb 9.9e-01)","c-control"
"Cu-catalyzed benzylic cyanation","RDE 1600 rpm",1000.0,12.521638106453118,6.239939270959547,1.0e-9,4.332395209407829,4.3482477332210925,8.693784120433259,58.56170869705094,8.767564731474337,2.016344345904944,"plateau (c-control; c_red/cb 1.55e-03, c_sub/cb 9.2e-01)","c-control"
"Cu-catalyzed benzylic cyanation","RDE 1600 rpm",10000.0,12.521638106453118,1.9732420557362738,1.0e-9,4.332395209407829,4.3482477332210925,27.4921593063727,58.56170869705094,22.878696606571978,5.261589957668744,"newton-wall; mediator; plateau (c-control; c_red/cb 1.87e-03, c_sub/cb 6.8e-01)","direct-ramp"
"Cu-catalyzed benzylic cyanation","Rotating cylinder 3000 rpm",0.0,10.33676269222064,Inf,1.0e-9,5.248131021442826,5.267334283834929,NaN,70.93986241474487,5.267334283834929,1.0,"newton-wall (no collapse); plateau (c-control; c_red/cb 1.42e-03, c_sub/cb 1.0e+00)","direct-ramp"
"Cu-catalyzed benzylic cyanation","Rotating cylinder 3000 rpm",1.0,10.33676269222064,197.32420557362738,1.0e-9,5.248131021442826,5.267334283834929,0.27492159306372693,70.93986241474487,5.269995650143667,1.000505258668869,"plateau (c-control; c_red/cb 1.76e-03, c_sub/cb 1.0e+00)","c-control"
"Cu-catalyzed benzylic cyanation","Rotating cylinder 3000 rpm",10.0,10.33676269222064,62.39939270959546,1.0e-9,5.248131021442826,5.267334283834929,0.8693784120433261,70.93986241474487,5.316600076045388,1.009353078721746,"newton-wall (no collapse); plateau (c-control; c_red/cb 1.46e-03, c_sub/cb 1.0e+00)","direct-ramp"
"Cu-catalyzed benzylic cyanation","Rotating cylinder 3000 rpm",100.0,10.33676269222064,19.73242055736274,1.0e-9,5.248131021442826,5.267334283834929,2.74921593063727,70.93986241474487,5.735435696160554,1.0888687497511207,"plateau (c-control; c_red/cb 1.44e-03, c_sub/cb 9.9e-01)","c-control"
"Cu-catalyzed benzylic cyanation","Rotating cylinder 3000 rpm",1000.0,10.33676269222064,6.239939270959547,1.0e-9,5.248131021442826,5.267334283834929,8.693784120433259,70.93986241474487,9.197877764934686,1.7462111324816263,"collapse (c-control)","c-control"
"Cu-catalyzed benzylic cyanation","Rotating cylinder 3000 rpm",10000.0,10.33676269222064,1.9732420557362738,1.0e-9,5.248131021442826,5.267334283834929,27.4921593063727,70.93986241474487,23.761544603105296,4.511113842921983,"plateau (c-control; c_red/cb 1.63e-03, c_sub/cb 7.4e-01)","c-control"
"Cathodic Ni aryl-aryl homocoupling","Unstirred batch",0.0,228.0,Inf,5.132127955493741e-10,1.7137826233347369,1.720053468567918,NaN,13.030922885586705,1.720053468567918,1.0,"newton-wall (no collapse); plateau (c-control; c_red/cb 1.42e-03, c_sub/cb 1.0e+00)","direct-ramp"
"Cathodic Ni aryl-aryl homocoupling","Unstirred batch",1.0,228.0,47.432759424965646,5.132127955493741e-10,1.7137826233347369,1.720053468567918,8.23781797342909,13.030922885586705,5.729205760357759,3.3308300381660696,"newton-wall; mediator; plateau (c-control; c_red/cb 1.78e-03, c_sub/cb 6.9e-01)","direct-ramp"
"Cathodic Ni aryl-aryl homocoupling","Unstirred batch",10.0,228.0,14.999555548971,5.132127955493741e-10,1.7137826233347369,1.720053468567918,26.050267745908368,13.030922885586705,11.721448762739278,6.8145839515665285,"newton-wall (no collapse); plateau (c-control; c_red/cb 3.42e-03, c_sub/cb 2.3e-01)","direct-ramp"
"Cathodic Ni aryl-aryl homocoupling","Unstirred batch",100.0,228.0,4.743275942496564,5.132127955493741e-10,1.7137826233347369,1.720053468567918,82.37817973429091,13.030922885586705,14.42002296609595,8.383473670793368,"plateau (c-control; c_red/cb 1.01e-02, c_sub/cb 2.4e-02)","c-control"
"Cathodic Ni aryl-aryl homocoupling","Unstirred batch",1000.0,228.0,1.4999555548970998,5.132127955493741e-10,1.7137826233347369,1.720053468567918,260.50267745908366,13.030922885586705,14.71499681702182,8.554964764713523,"plateau (c-control; c_red/cb 1.47e-02, c_sub/cb 4.2e-04)","c-control"
"Cathodic Ni aryl-aryl homocoupling","Unstirred batch",10000.0,228.0,0.47432759424965637,5.132127955493741e-10,1.7137826233347369,1.720053468567918,823.781797342909,13.030922885586705,14.723974452033042,8.56018415770059,"plateau (c-control; c_red/cb 1.25e-02, c_sub/cb 2.5e-08)","c-control"
"Cathodic Ni aryl-aryl homocoupling","Stirred batch",0.0,200.0,Inf,5.132127955493741e-10,1.9537121906016002,1.9608609541674271,NaN,14.855252089568845,1.9608609541674271,1.0,"newton-wall (no collapse); plateau (c-control; c_red/cb 1.42e-03, c_sub/cb 1.0e+00)","direct-ramp"
"Cathodic Ni aryl-aryl homocoupling","Stirred batch",1.0,200.0,47.432759424965646,5.132127955493741e-10,1.9537121906016002,1.9608609541674271,8.23781797342909,14.855252089568845,5.864412679113406,2.990733568665204,"plateau (c-control; c_red/cb 1.84e-03, c_sub/cb 7.4e-01)","c-control"
"Cathodic Ni aryl-aryl homocoupling","Stirred batch",10.0,200.0,14.999555548971,5.132127955493741e-10,1.9537121906016002,1.9608609541674271,26.050267745908368,14.855252089568845,12.685395632840411,6.469298909685605,"newton-wall (no collapse); plateau (c-control; c_red/cb 3.50e-03, c_sub/cb 2.8e-01)","direct-ramp"
"Cathodic Ni aryl-aryl homocoupling","Stirred batch",100.0,200.0,4.743275942496564,5.132127955493741e-10,1.9537121906016002,1.9608609541674271,82.37817973429091,14.855252089568845,16.30620092927211,8.315837435906133,"plateau (c-control; c_red/cb 9.14e-03, c_sub/cb 3.3e-02)","c-control"
"Cathodic Ni aryl-aryl homocoupling","Stirred batch",1000.0,200.0,1.4999555548970998,5.132127955493741e-10,1.9537121906016002,1.9608609541674271,260.50267745908366,14.855252089568845,16.770758272077835,8.5527524205298,"plateau (c-control; c_red/cb 1.43e-02, c_sub/cb 7.8e-04)","c-control"
"Cathodic Ni aryl-aryl homocoupling","Stirred batch",10000.0,200.0,0.47432759424965637,5.132127955493741e-10,1.9537121906016002,1.9608609541674271,823.781797342909,14.855252089568845,16.785447273701234,8.560243518555993,"plateau (c-control; c_red/cb 1.25e-02, c_sub/cb 1.3e-07)","c-control"
"Cathodic Ni aryl-aryl homocoupling","Recirculating flow cell",0.0,106.89999999999999,Inf,5.132127955493741e-10,3.6552145754941074,3.668589250079377,NaN,27.792800915937974,3.668589250079377,1.0,"newton-wall (no collapse); plateau (c-control; c_red/cb 1.42e-03, c_sub/cb 1.0e+00)","direct-ramp"
"Cathodic Ni aryl-aryl homocoupling","Recirculating flow cell",1.0,106.89999999999999,47.432759424965646,5.132127955493741e-10,3.6552145754941074,3.668589250079377,8.23781797342909,27.792800915937974,6.76336751516394,1.8435881081583612,"plateau (c-control; c_red/cb 1.68e-03, c_sub/cb 8.9e-01)","c-control"
"Cathodic Ni aryl-aryl homocoupling","Recirculating flow cell",10.0,106.89999999999999,14.999555548971,5.132127955493741e-10,3.6552145754941074,3.668589250079377,26.050267745908368,27.792800915937974,16.541956474126813,4.509078380407099,"newton-wall (no collapse); plateau (c-control; c_red/cb 2.46e-03, c_sub/cb 5.4e-01)","direct-ramp"
"Cathodic Ni aryl-aryl homocoupling","Recirculating flow cell",100.0,106.89999999999999,4.743275942496564,5.132127955493741e-10,3.6552145754941074,3.668589250079377,82.37817973429091,27.792800915937974,28.045754961644704,7.6448337630160905,"plateau (c-control; c_red/cb 4.60e-03, c_sub/cb 1.2e-01)","c-control"
"Cathodic Ni aryl-aryl homocoupling","Recirculating flow cell",1000.0,106.89999999999999,1.4999555548970998,5.132127955493741e-10,3.6552145754941074,3.668589250079377,260.50267745908366,27.792800915937974,31.194387314931177,8.503101652564736,"plateau (c-control; c_red/cb 1.04e-02, c_sub/cb 7.9e-03)","c-control"
"Cathodic Ni aryl-aryl homocoupling","Recirculating flow cell",10000.0,106.89999999999999,0.47432759424965637,5.132127955493741e-10,3.6552145754941074,3.668589250079377,823.781797342909,27.792800915937974,31.405181719794026,8.560560907469952,"plateau (c-control; c_red/cb 1.22e-02, c_sub/cb 4.0e-05)","c-control"
"Cathodic Ni aryl-aryl homocoupling","ANEC flow cell",0.0,36.199999999999996,Inf,5.132127955493741e-10,10.79399000332376,10.833485934626669,NaN,82.07321596446877,10.833485934626669,1.0,"newton-wall (no collapse); plateau (c-control; c_red/cb 1.42e-03, c_sub/cb 1.0e+00)","direct-ramp"
"Cathodic Ni aryl-aryl homocoupling","ANEC flow cell",1.0,36.199999999999996,47.432759424965646,5.132127955493741e-10,10.79399000332376,10.833485934626669,8.23781797342909,82.07321596446877,12.277387801205904,1.133281371784879,"newton-wall; mediator; plateau (c-control; c_red/cb 1.63e-03, c_sub/cb 9.8e-01)","direct-ramp"
"Cathodic Ni aryl-aryl homocoupling","ANEC flow cell",10.0,36.199999999999996,14.999555548971,5.132127955493741e-10,10.79399000332376,10.833485934626669,26.050267745908368,82.07321596446877,20.94828131396517,1.9336602678376082,"plateau (c-control; c_red/cb 1.89e-03, c_sub/cb 8.8e-01)","c-control"
"Cathodic Ni aryl-aryl homocoupling","ANEC flow cell",100.0,36.199999999999996,4.743275942496564,5.132127955493741e-10,10.79399000332376,10.833485934626669,82.37817973429091,82.07321596446877,51.226584757705815,4.728541216264673,"newton-wall (no collapse); plateau (c-control; c_red/cb 2.59e-03, c_sub/cb 5.1e-01)","direct-ramp"
"Cathodic Ni aryl-aryl homocoupling","ANEC flow cell",1000.0,36.199999999999996,1.4999555548970998,5.132127955493741e-10,10.79399000332376,10.833485934626669,260.50267745908366,82.07321596446877,84.00335914362455,7.7540470030175355,"newton-wall (no collapse); plateau (c-control; c_red/cb 5.51e-03, c_sub/cb 1.1e-01)","direct-ramp"
"Cathodic Ni aryl-aryl homocoupling","ANEC flow cell",10000.0,36.199999999999996,0.47432759424965637,5.132127955493741e-10,10.79399000332376,10.833485934626669,823.781797342909,82.07321596446877,92.25094915563302,8.515352280171864,"plateau (c-control; c_red/cb 1.11e-02, c_sub/cb 6.4e-03)","c-control"
"Cathodic Ni aryl-aryl homocoupling","Microfluidic cell (25 um gap)",0.0,12.5,Inf,5.132127955493741e-10,31.259395049625603,31.373775266678834,NaN,237.68403343310152,31.373775266678834,1.0,"newton-wall (no collapse); plateau (c-control; c_red/cb 1.42e-03, c_sub/cb 1.0e+00)","direct-ramp"
"Cathodic Ni aryl-aryl homocoupling","Microfluidic cell (25 um gap)",1.0,12.5,47.432759424965646,5.132127955493741e-10,31.259395049625603,31.373775266678834,8.23781797342909,237.68403343310152,31.895316891083684,1.0166234895217972,"plateau (c-control; c_red/cb 1.44e-03, c_sub/cb 1.0e+00)","c-control"
"Cathodic Ni aryl-aryl homocoupling","Microfluidic cell (25 um gap)",10.0,12.5,14.999555548971,5.132127955493741e-10,31.259395049625603,31.373775266678834,26.050267745908368,237.68403343310152,36.248570355854525,1.1553780202650037,"newton-wall (no collapse); plateau (c-control; c_red/cb 1.64e-03, c_sub/cb 9.8e-01)","direct-ramp"
"Cathodic Ni aryl-aryl homocoupling","Microfluidic cell (25 um gap)",100.0,12.5,4.743275942496564,5.132127955493741e-10,31.259395049625603,31.373775266678834,82.37817973429091,237.68403343310152,64.72696086534972,2.06309123830865,"newton-wall; mediator; plateau (c-control; c_red/cb 1.81e-03, c_sub/cb 8.6e-01)","direct-ramp"
"Cathodic Ni aryl-aryl homocoupling","Microfluidic cell (25 um gap)",1000.0,12.5,1.4999555548970998,5.132127955493741e-10,31.259395049625603,31.373775266678834,260.50267745908366,237.68403343310152,157.23645651001937,5.011716160184765,"plateau (c-control; c_red/cb 2.40e-03, c_sub/cb 4.7e-01)","c-control"
"Cathodic Ni aryl-aryl homocoupling","Microfluidic cell (25 um gap)",10000.0,12.5,0.47432759424965637,5.132127955493741e-10,31.259395049625603,31.373775266678834,823.781797342909,237.68403343310152,247.4566151784427,7.887371318084857,"plateau (c-control; c_red/cb 5.26e-03, c_sub/cb 9.1e-02)","c-control"
"Cathodic Ni aryl-aryl homocoupling","RDE 1600 rpm",0.0,10.749677834092756,Inf,5.132127955493741e-10,36.34922312565265,36.48222736403372,NaN,276.3850660241222,36.48222736403372,1.0,"newton-wall (no collapse); plateau (c-control; c_red/cb 1.42e-03, c_sub/cb 1.0e+00)","direct-ramp"
"Cathodic Ni aryl-aryl homocoupling","RDE 1600 rpm",1.0,10.749677834092756,47.432759424965646,5.132127955493741e-10,36.34922312565265,36.48222736403372,8.23781797342909,276.3850660241222,36.93073207894326,1.0122937865178623,"plateau (c-control; c_red/cb 1.45e-03, c_sub/cb 1.0e+00)","c-control"
"Cathodic Ni aryl-aryl homocoupling","RDE 1600 rpm",10.0,10.749677834092756,14.999555548971,5.132127955493741e-10,36.34922312565265,36.48222736403372,26.050267745908368,276.3850660241222,40.75785566836761,1.1171975675078722,"plateau (c-control; c_red/cb 1.47e-03, c_sub/cb 9.8e-01)","c-control"
"Cathodic Ni aryl-aryl homocoupling","RDE 1600 rpm",100.0,10.749677834092756,4.743275942496564,5.132127955493741e-10,36.34922312565265,36.48222736403372,82.37817973429091,276.3850660241222,67.53763063816875,1.8512474571317221,"newton-wall (no collapse); plateau (c-control; c_red/cb 1.79e-03, c_sub/cb 8.9e-01)","direct-ramp"
"Cathodic Ni aryl-aryl homocoupling","RDE 1600 rpm",1000.0,10.749677834092756,1.4999555548970998,5.132127955493741e-10,36.34922312565265,36.48222736403372,260.50267745908366,276.3850660241222,165.1914375965807,4.527997590394821,"newton-wall; mediator; plateau (c-control; c_red/cb 2.00e-03, c_sub/cb 5.3e-01)","direct-ramp"
"Cathodic Ni aryl-aryl homocoupling","RDE 1600 rpm",10000.0,10.749677834092756,0.47432759424965637,5.132127955493741e-10,36.34922312565265,36.48222736403372,823.781797342909,276.3850660241222,279.5609595557437,7.662935619751962,"plateau (c-control; c_red/cb 4.75e-03, c_sub/cb 1.2e-01)","c-control"
"Cathodic Ni aryl-aryl homocoupling","Rotating cylinder 3000 rpm",0.0,9.789933686425929,Inf,5.132127955493741e-10,39.91267465499767,40.0587178008412,NaN,303.4801371569278,40.0587178008412,1.0,"newton-wall (no collapse); plateau (c-control; c_red/cb 1.42e-03, c_sub/cb 1.0e+00)","direct-ramp"
"Cathodic Ni aryl-aryl homocoupling","Rotating cylinder 3000 rpm",1.0,9.789933686425929,47.432759424965646,5.132127955493741e-10,39.91267465499767,40.0587178008412,8.23781797342909,303.4801371569278,40.46078989650658,1.0100370685268647,"plateau (c-control; c_red/cb 1.60e-03, c_sub/cb 1.0e+00)","c-control"
"Cathodic Ni aryl-aryl homocoupling","Rotating cylinder 3000 rpm",10.0,9.789933686425929,14.999555548971,5.132127955493741e-10,39.91267465499767,40.0587178008412,26.050267745908368,303.4801371569278,43.99277738221765,1.098207326578332,"newton-wall (no collapse); plateau (c-control; c_red/cb 1.60e-03, c_sub/cb 9.9e-01)","direct-ramp"
"Cathodic Ni aryl-aryl homocoupling","Rotating cylinder 3000 rpm",100.0,9.789933686425929,4.743275942496564,5.132127955493741e-10,39.91267465499767,40.0587178008412,82.37817973429091,303.4801371569278,69.6168900055096,1.7378711508346805,"plateau (c-control; c_red/cb 1.89e-03, c_sub/cb 9.0e-01)","c-control"
"Cathodic Ni aryl-aryl homocoupling","Rotating cylinder 3000 rpm",1000.0,9.789933686425929,1.4999555548970998,5.132127955493741e-10,39.91267465499767,40.0587178008412,260.50267745908366,303.4801371569278,169.29432633274098,4.226154396014791,"plateau (c-control; c_red/cb 2.21e-03, c_sub/cb 5.7e-01)","c-control"
"Cathodic Ni aryl-aryl homocoupling","Rotating cylinder 3000 rpm",10000.0,9.789933686425929,0.47432759424965637,5.132127955493741e-10,39.91267465499767,40.0587178008412,823.781797342909,303.4801371569278,300.67566354484205,7.5058733791656245,"newton-wall (no collapse); plateau (c-control; c_red/cb 4.37e-03, c_sub/cb 1.4e-01)","direct-ramp"
"Co-H alkene isomerization (catalytic)","Unstirred batch",0.0,228.0,Inf,1.2058823529411766e-9,0.05798463762677894,0.058196807293753455,NaN,0.8164909415892675,0.058196807293753455,1.0,"newton-wall (no collapse); plateau (c-control; c_red/cb 1.42e-03, c_sub/cb 1.0e+00)","direct-ramp"
"Co-H alkene isomerization (catalytic)","Unstirred batch",1.0,228.0,133.57114209289372,1.2058823529411766e-9,0.05798463762677894,0.058196807293753455,0.09897719800667154,0.8164909415892675,0.10440462889154761,1.7939923811379574,"newton-wall (no collapse); plateau (c-control; c_red/cb 1.64e-03, c_sub/cb 9.4e-01)","direct-ramp"
"Co-H alkene isomerization (catalytic)","Unstirred batch",10.0,228.0,42.238903868353404,1.2058823529411766e-9,0.05798463762677894,0.058196807293753455,0.31299338212255967,0.8164909415892675,0.2726536154225731,4.685027033292913,"newton-wall (no collapse); plateau (c-control; c_red/cb 1.83e-03, c_sub/cb 7.4e-01)","direct-ramp"
"Co-H alkene isomerization (catalytic)","Unstirred batch",100.0,228.0,13.35711420928937,1.2058823529411766e-9,0.05798463762677894,0.058196807293753455,0.9897719800667155,0.8164909415892675,0.5929722300944583,10.18908523798186,"newton-wall (no collapse); plateau (c-control; c_red/cb 3.08e-03, c_sub/cb 3.5e-01)","direct-ramp"
"Co-H alkene isomerization (catalytic)","Unstirred batch",1000.0,228.0,4.223890386835341,1.2058823529411766e-9,0.05798463762677894,0.058196807293753455,3.129933821225597,0.8164909415892675,0.8243262223304806,14.164457822739694,"plateau (c-control; c_red/cb 7.43e-03, c_sub/cb 6.1e-02)","c-control"
"Co-H alkene isomerization (catalytic)","Unstirred batch",10000.0,228.0,1.335711420928937,1.2058823529411766e-9,0.05798463762677894,0.058196807293753455,9.897719800667156,0.8164909415892675,0.8701917992938779,14.952569389270943,"plateau (c-control; c_red/cb 2.21e-02, c_sub/cb 3.7e-03)","c-control"
"Co-H alkene isomerization (catalytic)","Stirred batch",0.0,200.0,Inf,1.2058823529411766e-9,0.066102486894528,0.06634436031487892,NaN,0.9307996734117648,0.06634436031487892,1.0,"newton-wall (no collapse); plateau (c-control; c_red/cb 1.42e-03, c_sub/cb 1.0e+00)","direct-ramp"
"Co-H alkene isomerization (catalytic)","Stirred batch",1.0,200.0,133.57114209289372,1.2058823529411766e-9,0.066102486894528,0.06634436031487892,0.09897719800667154,0.9307996734117648,0.10868732967229772,1.6382301247077156,"newton-wall; mediator; plateau (c-control; c_red/cb 1.62e-03, c_sub/cb 9.5e-01)","direct-ramp"
"Co-H alkene isomerization (catalytic)","Stirred batch",10.0,200.0,42.238903868353404,1.2058823529411766e-9,0.066102486894528,0.06634436031487892,0.31299338212255967,0.9307996734117648,0.27906899460898654,4.2063710206035445,"newton-wall (no collapse); plateau (c-control; c_red/cb 1.63e-03, c_sub/cb 7.7e-01)","direct-ramp"
"Co-H alkene isomerization (catalytic)","Stirred batch",100.0,200.0,13.35711420928937,1.2058823529411766e-9,0.066102486894528,0.06634436031487892,0.9897719800667155,0.9307996734117648,0.6313512149846974,9.516275565673146,"plateau (c-control; c_red/cb 2.41e-03, c_sub/cb 3.9e-01)","c-control"
"Co-H alkene isomerization (catalytic)","Stirred batch",1000.0,200.0,4.223890386835341,1.2058823529411766e-9,0.066102486894528,0.06634436031487892,3.129933821225597,0.9307996734117648,0.9233950063978237,13.918214027767718,"plateau (c-control; c_red/cb 7.98e-03, c_sub/cb 7.9e-02)","c-control"
"Co-H alkene isomerization (catalytic)","Stirred batch",10000.0,200.0,1.335711420928937,1.2058823529411766e-9,0.066102486894528,0.06634436031487892,9.897719800667156,0.9307996734117648,0.9904926323416833,14.929567903596887,"plateau (c-control; c_red/cb 2.04e-02, c_sub/cb 5.5e-03)","c-control"
"Co-H alkene isomerization (catalytic)","Recirculating flow cell",0.0,106.89999999999999,Inf,1.2058823529411766e-9,0.12367163123391581,0.12412415400351531,NaN,1.7414399876740223,0.12412415400351531,1.0,"newton-wall (no collapse); plateau (c-control; c_red/cb 1.42e-03, c_sub/cb 1.0e+00)","direct-ramp"
"Co-H alkene isomerization (catalytic)","Recirculating flow cell",1.0,106.89999999999999,133.57114209289372,1.2058823529411766e-9,0.12367163123391581,0.12412415400351531,0.09897719800667154,1.7414399876740223,0.14941819926011632,1.203780202650039,"newton-wall (no collapse); plateau (c-control; c_red/cb 1.67e-03, c_sub/cb 9.9e-01)","direct-ramp"
"Co-H alkene isomerization (catalytic)","Recirculating flow cell",10.0,106.89999999999999,42.238903868353404,1.2058823529411766e-9,0.12367163123391581,0.12412415400351531,0.31299338212255967,1.7414399876740223,0.30523269944176745,2.459091881771238,"newton-wall; mediator; plateau (c-control; c_red/cb 1.78e-03, c_sub/cb 9.0e-01)","direct-ramp"
"Co-H alkene isomerization (catalytic)","Recirculating flow cell",100.0,106.89999999999999,13.35711420928937,1.2058823529411766e-9,0.12367163123391581,0.12412415400351531,0.9897719800667155,1.7414399876740223,0.790495941827475,6.3685907724703394,"newton-wall; mediator; plateau (c-control; c_red/cb 2.04e-03, c_sub/cb 6.2e-01)","direct-ramp"
"Co-H alkene isomerization (catalytic)","Recirculating flow cell",1000.0,106.89999999999999,4.223890386835341,1.2058823529411766e-9,0.12367163123391581,0.12412415400351531,3.129933821225597,1.7414399876740223,1.4896114372987537,12.0009795777264,"plateau (c-control; c_red/cb 3.81e-03, c_sub/cb 2.2e-01)","c-control"
"Co-H alkene isomerization (catalytic)","Recirculating flow cell",10000.0,106.89999999999999,1.335711420928937,1.2058823529411766e-9,0.12367163123391581,0.12412415400351531,9.897719800667156,1.7414399876740223,1.8171725650463604,14.639959318432869,"plateau (c-control; c_red/cb 1.20e-02, c_sub/cb 2.7e-02)","c-control"
"Co-H alkene isomerization (catalytic)","ANEC flow cell",0.0,36.199999999999996,Inf,1.2058823529411766e-9,0.3652071099145193,0.36654342715402727,NaN,5.142539632109198,0.36654342715402727,1.0,"newton-wall (no collapse); plateau (c-control; c_red/cb 1.42e-03, c_sub/cb 1.0e+00)","direct-ramp"
"Co-H alkene isomerization (catalytic)","ANEC flow cell",1.0,36.199999999999996,133.57114209289372,1.2058823529411766e-9,0.3652071099145193,0.36654342715402727,0.09897719800667154,5.142539632109198,0.3759712783590802,1.0257209664848013,"newton-wall; mediator; plateau (c-control; c_red/cb 1.54e-03, c_sub/cb 1.0e+00)","direct-ramp"
"Co-H alkene isomerization (catalytic)","ANEC flow cell",10.0,36.199999999999996,42.238903868353404,1.2058823529411766e-9,0.3652071099145193,0.36654342715402727,0.31299338212255967,5.142539632109198,0.45207974990532557,1.2333593141075603,"newton-wall; mediator; plateau (c-control; c_red/cb 1.51e-03, c_sub/cb 9.8e-01)","direct-ramp"
"Co-H alkene isomerization (catalytic)","ANEC flow cell",100.0,36.199999999999996,13.35711420928937,1.2058823529411766e-9,0.3652071099145193,0.36654342715402727,0.9897719800667155,5.142539632109198,0.9548907118144462,2.605122997917478,"newton-wall (no collapse); plateau (c-control; c_red/cb 1.61e-03, c_sub/cb 8.9e-01)","direct-ramp"
"Co-H alkene isomerization (catalytic)","ANEC flow cell",1000.0,36.199999999999996,4.223890386835341,1.2058823529411766e-9,0.3652071099145193,0.36654342715402727,3.129933821225597,5.142539632109198,2.450380220262509,6.685102060861184,"newton-wall (no collapse); plateau (c-control; c_red/cb 2.28e-03, c_sub/cb 6.0e-01)","direct-ramp"
"Co-H alkene isomerization (catalytic)","ANEC flow cell",10000.0,36.199999999999996,1.335711420928937,1.2058823529411766e-9,0.3652071099145193,0.36654342715402727,9.897719800667156,5.142539632109198,4.4983783745167925,12.272429516589051,"plateau (c-control; c_red/cb 4.60e-03, c_sub/cb 2.0e-01)","c-control"
"Co-H alkene isomerization (catalytic)","Microfluidic cell (25 um gap)",0.0,12.5,Inf,1.2058823529411766e-9,1.057639790312448,1.0615097650380627,NaN,14.892794774588237,1.0615097650380627,1.0,"newton-wall (no collapse); plateau (c-control; c_red/cb 1.42e-03, c_sub/cb 1.0e+00)","direct-ramp"
"Co-H alkene isomerization (catalytic)","Microfluidic cell (25 um gap)",1.0,12.5,133.57114209289372,1.2058823529411766e-9,1.057639790312448,1.0615097650380627,0.09897719800667154,14.892794774588237,1.064399197781505,1.0027220029797266,"plateau (c-control; c_red/cb 1.57e-03, c_sub/cb 1.0e+00)","c-control"
"Co-H alkene isomerization (catalytic)","Microfluidic cell (25 um gap)",10.0,12.5,42.238903868353404,1.2058823529411766e-9,1.057639790312448,1.0615097650380627,0.31299338212255967,14.892794774588237,1.0937770143260472,1.030397505845674,"newton-wall; mediator; plateau (c-control; c_red/cb 1.41e-03, c_sub/cb 1.0e+00)","direct-ramp"
"Co-H alkene isomerization (catalytic)","Microfluidic cell (25 um gap)",100.0,12.5,13.35711420928937,1.2058823529411766e-9,1.057639790312448,1.0615097650380627,0.9897719800667155,14.892794774588237,1.352039113434879,1.2736944660950895,"newton-wall (no collapse); plateau (c-control; c_red/cb 1.70e-03, c_sub/cb 9.8e-01)","direct-ramp"
"Co-H alkene isomerization (catalytic)","Microfluidic cell (25 um gap)",1000.0,12.5,4.223890386835341,1.2058823529411766e-9,1.057639790312448,1.0615097650380627,3.129933821225597,14.892794774588237,2.9825998193197467,2.8097714383369796,"plateau (c-control; c_red/cb 1.65e-03, c_sub/cb 8.7e-01)","c-control"
"Co-H alkene isomerization (catalytic)","Microfluidic cell (25 um gap)",10000.0,12.5,1.335711420928937,1.2058823529411766e-9,1.057639790312448,1.0615097650380627,9.897719800667156,14.892794774588237,7.547773075185718,7.110413228195858,"plateau (c-control; c_red/cb 2.22e-03, c_sub/cb 5.6e-01)","c-control"
"Co-H alkene isomerization (catalytic)","RDE 1600 rpm",0.0,11.971767594247522,Inf,1.2058823529411766e-9,1.104306216674144,1.108346946974775,NaN,15.549912176026831,1.108346946974775,1.0,"newton-wall (no collapse); plateau (c-control; c_red/cb 1.42e-03, c_sub/cb 1.0e+00)","direct-ramp"
"Co-H alkene isomerization (catalytic)","RDE 1600 rpm",1.0,11.971767594247522,133.57114209289372,1.2058823529411766e-9,1.104306216674144,1.108346946974775,0.09897719800667154,15.549912176026831,1.1111587567723256,1.0025369400847137,"plateau (c-control; c_red/cb 1.51e-03, c_sub/cb 1.0e+00)","c-control"
"Co-H alkene isomerization (catalytic)","RDE 1600 rpm",10.0,11.971767594247522,42.238903868353404,1.2058823529411766e-9,1.104306216674144,1.108346946974775,0.31299338212255967,15.549912176026831,1.1376112778480851,1.0264035832400555,"plateau (c-control; c_red/cb 1.66e-03, c_sub/cb 1.0e+00)","c-control"
"Co-H alkene isomerization (catalytic)","RDE 1600 rpm",100.0,11.971767594247522,13.35711420928937,1.2058823529411766e-9,1.104306216674144,1.108346946974775,0.9897719800667155,15.549912176026831,1.3878525235092167,1.252182385035074,"newton-wall (no collapse); plateau (c-control; c_red/cb 1.44e-03, c_sub/cb 9.8e-01)","direct-ramp"
"Co-H alkene isomerization (catalytic)","RDE 1600 rpm",1000.0,11.971767594247522,4.223890386835341,1.2058823529411766e-9,1.104306216674144,1.108346946974775,3.129933821225597,15.549912176026831,3.003374872818812,2.7097786311556153,"newton-wall; mediator; plateau (c-control; c_red/cb 1.60e-03, c_sub/cb 8.8e-01)","direct-ramp"
"Co-H alkene isomerization (catalytic)","RDE 1600 rpm",10000.0,11.971767594247522,1.335711420928937,1.2058823529411766e-9,1.104306216674144,1.108346946974775,9.897719800667156,15.549912176026831,7.6485972231232555,6.9009052120367596,"newton-wall (no collapse); plateau (c-control; c_red/cb 1.90e-03, c_sub/cb 5.8e-01)","direct-ramp"
"Co-H alkene isomerization (catalytic)","Rotating cylinder 3000 rpm",0.0,9.534973011661975,Inf,1.2058823529411766e-9,1.3865269846842727,1.3916003796494214,NaN,19.52390787626411,1.3916003796494214,1.0,"newton-wall (no collapse); plateau (c-control; c_red/cb 1.42e-03, c_sub/cb 1.0e+00)","direct-ramp"
"Co-H alkene isomerization (catalytic)","Rotating cylinder 3000 rpm",1.0,9.534973011661975,133.57114209289372,1.2058823529411766e-9,1.3865269846842727,1.3916003796494214,0.09897719800667154,19.52390787626411,1.3948543166244394,1.0023382696804364,"newton-wall; mediator; plateau (c-control; c_red/cb 1.63e-03, c_sub/cb 1.0e+00)","direct-ramp"
"Co-H alkene isomerization (catalytic)","Rotating cylinder 3000 rpm",10.0,9.534973011661975,42.238903868353404,1.2058823529411766e-9,1.3865269846842727,1.3916003796494214,0.31299338212255967,19.52390787626411,1.415111211514648,1.0168948156446678,"plateau (c-control; c_red/cb 1.45e-03, c_sub/cb 1.0e+00)","c-control"
"Co-H alkene isomerization (catalytic)","Rotating cylinder 3000 rpm",100.0,9.534973011661975,13.35711420928937,1.2058823529411766e-9,1.3865269846842727,1.3916003796494214,0.9897719800667155,19.52390787626411,1.6192233280204076,1.1635691910549277,"plateau (c-control; c_red/cb 1.40e-03, c_sub/cb 9.9e-01)","c-control"
"Co-H alkene isomerization (catalytic)","Rotating cylinder 3000 rpm",1000.0,9.534973011661975,4.223890386835341,1.2058823529411766e-9,1.3865269846842727,1.3916003796494214,3.129933821225597,19.52390787626411,3.106669856947595,2.2324439561666707,"plateau (c-control; c_red/cb 1.80e-03, c_sub/cb 9.1e-01)","c-control"
"Co-H alkene isomerization (catalytic)","Rotating cylinder 3000 rpm",10000.0,9.534973011661975,1.335711420928937,1.2058823529411766e-9,1.3865269846842727,1.3916003796494214,9.897719800667156,19.52390787626411,8.128247502587454,5.840935099942385,"plateau (c-control; c_red/cb 1.80e-03, c_sub/cb 6.6e-01)","c-control"
"Cathodic aryl-halide radical 5-exo cyclization","Unstirred batch",0.0,228.0,Inf,4.64735516372796e-10,0.2586483987649123,0.27052085869879017,NaN,0.9833368550311546,0.27052085869879017,1.0,"newton-wall (no collapse); plateau (c-control; c_red/cb 1.59e-03, c_sub/cb 1.0e+00)","direct-ramp"
"Cathodic aryl-halide radical 5-exo cyclization","Unstirred batch",1.0,228.0,110.56219968868203,4.64735516372796e-10,0.2586483987649123,0.27052085869879017,0.533381527180639,0.9833368550311546,0.5347397705035449,1.9767043956449502,"plateau (c-control; c_red/cb 1.78e-03, c_sub/cb 7.4e-01)","c-control"
"Cathodic aryl-halide radical 5-exo cyclization","Unstirred batch",10.0,228.0,34.962837413459454,4.64735516372796e-10,0.2586483987649123,0.27052085869879017,1.6867004877498282,0.9833368550311546,1.035050514638529,3.826139395006873,"plateau (c-control; c_red/cb 2.96e-03, c_sub/cb 2.5e-01)","c-control"
"Cathodic aryl-halide radical 5-exo cyclization","Unstirred batch",100.0,228.0,11.056219968868202,4.64735516372796e-10,0.2586483987649123,0.27052085869879017,5.333815271806391,0.9833368550311546,1.2658574093114654,4.679333842869864,"plateau (c-control; c_red/cb 6.81e-03, c_sub/cb 2.0e-02)","c-control"
"Cathodic aryl-halide radical 5-exo cyclization","Unstirred batch",1000.0,228.0,3.496283741345945,4.64735516372796e-10,0.2586483987649123,0.27052085869879017,16.867004877498285,0.9833368550311546,1.2867565799467564,4.756589144866968,"plateau (c-control; c_red/cb 8.71e-03, c_sub/cb 1.3e-04)","c-control"
"Cathodic aryl-halide radical 5-exo cyclization","Unstirred batch",10000.0,228.0,1.1056219968868204,4.64735516372796e-10,0.2586483987649123,0.27052085869879017,53.33815271806391,0.9833368550311546,1.2876575528560925,4.759919656656964,"plateau (c-control; c_red/cb 6.94e-03, c_sub/cb 2.4e-10)","c-control"
"Cathodic aryl-halide radical 5-exo cyclization","Stirred batch",0.0,200.0,Inf,4.64735516372796e-10,0.294859174592,0.3083937789166208,NaN,1.1210040147355163,0.3083937789166208,1.0,"newton-wall (no collapse); plateau (c-control; c_red/cb 1.59e-03, c_sub/cb 1.0e+00)","direct-ramp"
"Cathodic aryl-halide radical 5-exo cyclization","Stirred batch",1.0,200.0,110.56219968868203,4.64735516372796e-10,0.294859174592,0.3083937789166208,0.533381527180639,1.1210040147355163,0.5587471696327663,1.811797798242333,"newton-wall (no collapse); plateau (c-control; c_red/cb 1.86e-03, c_sub/cb 7.8e-01)","direct-ramp"
"Cathodic aryl-halide radical 5-exo cyclization","Stirred batch",10.0,200.0,34.962837413459454,4.64735516372796e-10,0.294859174592,0.3083937789166208,1.6867004877498282,1.1210040147355163,1.120095682205111,3.632030730775366,"plateau (c-control; c_red/cb 2.80e-03, c_sub/cb 3.0e-01)","c-control"
"Cathodic aryl-halide radical 5-exo cyclization","Stirred batch",100.0,200.0,11.056219968868202,4.64735516372796e-10,0.294859174592,0.3083937789166208,5.333815271806391,1.1210040147355163,1.4328788492025908,4.646263793764765,"plateau (c-control; c_red/cb 5.57e-03, c_sub/cb 2.9e-02)","c-control"
"Cathodic aryl-halide radical 5-exo cyclization","Stirred batch",1000.0,200.0,3.496283741345945,4.64735516372796e-10,0.294859174592,0.3083937789166208,16.867004877498285,1.1210040147355163,1.4666476192947537,4.7557626630700796,"plateau (c-control; c_red/cb 8.62e-03, c_sub/cb 2.9e-04)","c-control"
"Cathodic aryl-halide radical 5-exo cyclization","Stirred batch",10000.0,200.0,1.1056219968868204,4.64735516372796e-10,0.294859174592,0.3083937789166208,53.33815271806391,1.1210040147355163,1.4679132216155755,4.759866514727748,"plateau (c-control; c_red/cb 6.94e-03, c_sub/cb 2.3e-09)","c-control"
"Cathodic aryl-halide radical 5-exo cyclization","Recirculating flow cell",0.0,106.89999999999999,Inf,4.64735516372796e-10,0.5516542087782975,0.5769762000310962,NaN,2.097294695482725,0.5769762000310962,1.0,"newton-wall (no collapse); plateau (c-control; c_red/cb 1.59e-03, c_sub/cb 1.0e+00)","direct-ramp"
"Cathodic aryl-halide radical 5-exo cyclization","Recirculating flow cell",1.0,106.89999999999999,110.56219968868203,4.64735516372796e-10,0.5516542087782975,0.5769762000310962,0.533381527180639,2.097294695482725,0.7443397563670768,1.2900701213099615,"plateau (c-control; c_red/cb 1.51e-03, c_sub/cb 9.2e-01)","c-control"
"Cathodic aryl-halide radical 5-exo cyclization","Recirculating flow cell",10.0,106.89999999999999,34.962837413459454,4.64735516372796e-10,0.5516542087782975,0.5769762000310962,1.6867004877498282,2.097294695482725,1.4865555502010752,2.576459046527322,"newton-wall; mediator; plateau (c-control; c_red/cb 1.87e-03, c_sub/cb 5.8e-01)","direct-ramp"
"Cathodic aryl-halide radical 5-exo cyclization","Recirculating flow cell",100.0,106.89999999999999,11.056219968868202,4.64735516372796e-10,0.5516542087782975,0.5769762000310962,5.333815271806391,2.097294695482725,2.472808673663876,4.285807063671957,"plateau (c-control; c_red/cb 3.98e-03, c_sub/cb 1.2e-01)","c-control"
"Cathodic aryl-halide radical 5-exo cyclization","Recirculating flow cell",1000.0,106.89999999999999,3.496283741345945,4.64735516372796e-10,0.5516542087782975,0.5769762000310962,16.867004877498285,2.097294695482725,2.7322107736182875,4.735395972088684,"plateau (c-control; c_red/cb 7.39e-03, c_sub/cb 5.5e-03)","c-control"
"Cathodic aryl-halide radical 5-exo cyclization","Recirculating flow cell",10000.0,106.89999999999999,1.1056219968868204,4.64735516372796e-10,0.5516542087782975,0.5769762000310962,53.33815271806391,2.097294695482725,2.746049031472956,4.759380077245747,"plateau (c-control; c_red/cb 6.93e-03, c_sub/cb 5.7e-06)","c-control"
"Cathodic aryl-halide radical 5-exo cyclization","ANEC flow cell",0.0,36.199999999999996,Inf,4.64735516372796e-10,1.6290562132154698,1.703833032688512,NaN,6.193392346605062,1.703833032688512,1.0,"newton-wall (no collapse); plateau (c-control; c_red/cb 1.59e-03, c_sub/cb 1.0e+00)","direct-ramp"
"Cathodic aryl-halide radical 5-exo cyclization","ANEC flow cell",1.0,36.199999999999996,110.56219968868203,4.64735516372796e-10,1.6290562132154698,1.703833032688512,0.533381527180639,6.193392346605062,1.7688259157603998,1.038145100972326,"newton-wall; mediator; plateau (c-control; c_red/cb 1.74e-03, c_sub/cb 9.9e-01)","direct-ramp"
"Cathodic aryl-halide radical 5-exo cyclization","ANEC flow cell",10.0,36.199999999999996,34.962837413459454,4.64735516372796e-10,1.6290562132154698,1.703833032688512,1.6867004877498282,6.193392346605062,2.2634313137143884,1.3284349289453998,"newton-wall; mediator; plateau (c-control; c_red/cb 1.75e-03, c_sub/cb 9.1e-01)","direct-ramp"
"Cathodic aryl-halide radical 5-exo cyclization","ANEC flow cell",100.0,36.199999999999996,11.056219968868202,4.64735516372796e-10,1.6290562132154698,1.703833032688512,5.333815271806391,6.193392346605062,4.583621023461072,2.6901820398613148,"plateau (c-control; c_red/cb 2.00e-03, c_sub/cb 5.5e-01)","c-control"
"Cathodic aryl-halide radical 5-exo cyclization","ANEC flow cell",1000.0,36.199999999999996,3.496283741345945,4.64735516372796e-10,1.6290562132154698,1.703833032688512,16.867004877498285,6.193392346605062,7.40335321215681,4.345116610678049,"newton-wall (no collapse); plateau (c-control; c_red/cb 4.62e-03, c_sub/cb 1.1e-01)","direct-ramp"
"Cathodic aryl-halide radical 5-exo cyclization","ANEC flow cell",10000.0,36.199999999999996,1.1056219968868204,4.64735516372796e-10,1.6290562132154698,1.703833032688512,53.33815271806391,6.193392346605062,8.076434290970758,4.740155951916715,"plateau (c-control; c_red/cb 7.62e-03, c_sub/cb 4.2e-03)","c-control"
"Cathodic aryl-halide radical 5-exo cyclization","Microfluidic cell (25 um gap)",0.0,12.5,Inf,4.64735516372796e-10,4.717746793472,4.934300462665933,NaN,17.93606423576826,4.934300462665933,1.0,"newton-wall (no collapse); plateau (c-control; c_red/cb 1.59e-03, c_sub/cb 1.0e+00)","direct-ramp"
"Cathodic aryl-halide radical 5-exo cyclization","Microfluidic cell (25 um gap)",1.0,12.5,110.56219968868203,4.64735516372796e-10,4.717746793472,4.934300462665933,0.533381527180639,17.93606423576826,4.956443920239602,1.0044876589379208,"newton-wall (no collapse); plateau (c-control; c_red/cb 1.75e-03, c_sub/cb 1.0e+00)","direct-ramp"
"Cathodic aryl-halide radical 5-exo cyclization","Microfluidic cell (25 um gap)",10.0,12.5,34.962837413459454,4.64735516372796e-10,4.717746793472,4.934300462665933,1.6867004877498282,17.93606423576826,5.155735038402623,1.0448765893792071,"newton-wall; mediator; plateau (c-control; c_red/cb 1.48e-03, c_sub/cb 9.9e-01)","direct-ramp"
"Cathodic aryl-halide radical 5-exo cyclization","Microfluidic cell (25 um gap)",100.0,12.5,11.056219968868202,4.64735516372796e-10,4.717746793472,4.934300462665933,5.333815271806391,17.93606423576826,6.8184595882874675,1.381849289454001,"newton-wall (no collapse); plateau (c-control; c_red/cb 1.53e-03, c_sub/cb 9.0e-01)","direct-ramp"
"Cathodic aryl-halide radical 5-exo cyclization","Microfluidic cell (25 um gap)",1000.0,12.5,3.496283741345945,4.64735516372796e-10,4.717746793472,4.934300462665933,16.867004877498285,17.93606423576826,14.038318906105804,2.8450474413390503,"newton-wall; mediator; plateau (c-control; c_red/cb 2.42e-03, c_sub/cb 5.1e-01)","direct-ramp"
"Cathodic aryl-halide radical 5-exo cyclization","Microfluidic cell (25 um gap)",10000.0,12.5,1.1056219968868204,4.64735516372796e-10,4.717746793472,4.934300462665933,53.33815271806391,17.93606423576826,21.781767528858808,4.414357758240452,"plateau (c-control; c_red/cb 4.24e-03, c_sub/cb 9.0e-02)","c-control"
"Cathodic aryl-halide radical 5-exo cyclization","RDE 1600 rpm",0.0,10.255432088558708,Inf,4.64735516372796e-10,5.750302318728324,6.014252276326312,NaN,21.861663264020727,6.014252276326312,1.0,"newton-wall (no collapse); plateau (c-control; c_red/cb 1.59e-03, c_sub/cb 1.0e+00)","direct-ramp"
"Cathodic aryl-halide radical 5-exo cyclization","RDE 1600 rpm",1.0,10.255432088558708,110.56219968868203,4.64735516372796e-10,5.750302318728324,6.014252276326312,0.533381527180639,21.861663264020727,6.031609243423336,1.0028859725697483,"plateau (c-control; c_red/cb 1.70e-03, c_sub/cb 1.0e+00)","c-control"
"Cathodic aryl-halide radical 5-exo cyclization","RDE 1600 rpm",10.0,10.255432088558708,34.962837413459454,4.64735516372796e-10,5.750302318728324,6.014252276326312,1.6867004877498282,21.861663264020727,6.192346256796552,1.0296119903668266,"plateau (c-control; c_red/cb 1.60e-03, c_sub/cb 9.9e-01)","c-control"
"Cathodic aryl-halide radical 5-exo cyclization","RDE 1600 rpm",100.0,10.255432088558708,11.056219968868202,4.64735516372796e-10,5.750302318728324,6.014252276326312,5.333815271806391,21.861663264020727,7.633111063678507,1.2691704160340018,"plateau (c-control; c_red/cb 1.58e-03, c_sub/cb 9.3e-01)","c-control"
"Cathodic aryl-halide radical 5-exo cyclization","RDE 1600 rpm",1000.0,10.255432088558708,3.496283741345945,4.64735516372796e-10,5.750302318728324,6.014252276326312,16.867004877498285,21.861663264020727,15.068643105576596,2.5054890305966646,"plateau (c-control; c_red/cb 1.97e-03, c_sub/cb 6.0e-01)","c-control"
"Cathodic aryl-halide radical 5-exo cyclization","RDE 1600 rpm",10000.0,10.255432088558708,1.1056219968868204,4.64735516372796e-10,5.750302318728324,6.014252276326312,53.33815271806391,21.861663264020727,25.533934096153658,4.245570841226926,"plateau (c-control; c_red/cb 4.55e-03, c_sub/cb 1.3e-01)","c-control"
"Cathodic aryl-halide radical 5-exo cyclization","Rotating cylinder 3000 rpm",0.0,9.181126281621857,Inf,4.64735516372796e-10,6.4231591102766705,6.717994491241058,NaN,24.419749393480505,6.717994491241058,1.0,"newton-wall (no collapse); plateau (c-control; c_red/cb 1.59e-03, c_sub/cb 1.0e+00)","direct-ramp"
"Cathodic aryl-halide radical 5-exo cyclization","Rotating cylinder 3000 rpm",1.0,9.181126281621857,110.56219968868203,4.64735516372796e-10,6.4231591102766705,6.717994491241058,0.533381527180639,24.419749393480505,6.733525479067183,1.002311848848101,"plateau (c-control; c_red/cb 1.68e-03, c_sub/cb 1.0e+00)","c-control"
"Cathodic aryl-halide radical 5-exo cyclization","Rotating cylinder 3000 rpm",10.0,9.181126281621857,34.962837413459454,4.64735516372796e-10,6.4231591102766705,6.717994491241058,1.6867004877498282,24.419749393480505,6.883808865370419,1.0246821241585642,"newton-wall; mediator; plateau (c-control; c_red/cb 1.48e-03, c_sub/cb 9.9e-01)","direct-ramp"
"Cathodic aryl-halide radical 5-exo cyclization","Rotating cylinder 3000 rpm",100.0,9.181126281621857,11.056219968868202,4.64735516372796e-10,6.4231591102766705,6.717994491241058,5.333815271806391,24.419749393480505,8.195116857725518,1.2198754953446802,"plateau (c-control; c_red/cb 1.75e-03, c_sub/cb 9.4e-01)","c-control"
"Cathodic aryl-halide radical 5-exo cyclization","Rotating cylinder 3000 rpm",1000.0,9.181126281621857,3.496283741345945,4.64735516372796e-10,6.4231591102766705,6.717994491241058,16.867004877498285,24.419749393480505,15.643730951331463,2.3286311073532153,"newton-wall (no collapse); plateau (c-control; c_red/cb 2.15e-03, c_sub/cb 6.5e-01)","direct-ramp"
"Cathodic aryl-halide radical 5-exo cyclization","Rotating cylinder 3000 rpm",10000.0,9.181126281621857,1.1056219968868204,4.64735516372796e-10,6.4231591102766705,6.717994491241058,53.33815271806391,24.419749393480505,27.75148545255699,4.130918161475045,"plateau (c-control; c_red/cb 3.95e-03, c_sub/cb 1.7e-01)","c-control"
