reaction,short,k_M,delta_um,xk_um,gamma,gamma_xk_um,C_med_molm3,C_S_molm3,D_red,D_ox,D_S,n_S,s_red,s_ox,i_tier0_mAcm2,i_k0_mAcm2,i_subcap_mAcm2,ilim_mAcm2,ilim_fine_mAcm2,limiter,path,i_profile_mAcm2,c_red_surf_norm,c_S_surf_norm,share_in_film,regime_solved,regime_analytic,x_um,c_red_norm,c_ox_norm,c_S_norm
"ACT-mediated alcohol oxidation (flow, hectogram)",ACT,20.0,36.2,7.700649323271382,97.41247892074198,750.1393398791995,25.0,500.0,5.93e-10,5.93e-10,7.2207e-10,4.0,1.0,1.0,3.9513675328729287,3.9542831484717724,384.9125065040884,18.366414655604466,18.203848252607976,"plateau (c-control; c_red/cb 1.76e-03, c_sub/cb 9.6e-01)",c-control,18.366414655604466,0.001760955772545404,0.9626332346035771,0.97347561040772,kinetic,kinetic,0.07700649323271347,0.001760955772545404,0.9954707384171312,0.9626332346035771
"ACT-mediated alcohol oxidation (flow, hectogram)",ACT,20.0,36.2,7.700649323271382,97.41247892074198,750.1393398791995,25.0,500.0,5.93e-10,5.93e-10,7.2207e-10,4.0,1.0,1.0,3.9513675328729287,3.9542831484717724,384.9125065040884,18.366414655604466,18.203848252607976,"plateau (c-control; c_red/cb 1.76e-03, c_sub/cb 9.6e-01)",c-control,18.366414655604466,0.001760955772545404,0.9626332346035771,0.97347561040772,kinetic,kinetic,0.23249034153692627,0.021338266539703596,0.9759553904619801,0.962637207092409
"ACT-mediated alcohol oxidation (flow, hectogram)",ACT,20.0,36.2,7.700649323271382,97.41247892074198,750.1393398791995,25.0,500.0,5.93e-10,5.93e-10,7.2207e-10,4.0,1.0,1.0,3.9513675328729287,3.9542831484717724,384.9125065040884,18.366414655604466,18.203848252607976,"plateau (c-control; c_red/cb 1.76e-03, c_sub/cb 9.6e-01)",c-control,18.366414655604466,0.001760955772545404,0.9626332346035771,0.97347561040772,kinetic,kinetic,0.39094400770217475,0.040895496917313826,0.9564598064201303,0.9626453002848779
"ACT-mediated alcohol oxidation (flow, hectogram)",ACT,20.0,36.2,7.700649323271382,97.41247892074198,750.1393398791995,25.0,500.0,5.93e-10,5.93e-10,7.2207e-10,4.0,1.0,1.0,3.9513675328729287,3.9542831484717724,384.9125065040884,18.366414655604466,18.203848252607976,"plateau (c-control; c_red/cb 1.76e-03, c_sub/cb 9.6e-01)",c-control,18.366414655604466,0.001760955772545404,0.9626332346035771,0.97347561040772,kinetic,kinetic,0.552424216708088,0.06042523879827744,0.9369913716685794,0.9626576649999685
"ACT-mediated alcohol oxidation (flow, hectogram)",ACT,20.0,36.2,7.700649323271382,97.41247892074198,750.1393398791995,25.0,500.0,5.93e-10,5.93e-10,7.2207e-10,4.0,1.0,1.0,3.9513675328729287,3.9542831484717724,384.9125065040884,18.366414655604466,18.203848252607976,"plateau (c-control; c_red/cb 1.76e-03, c_sub/cb 9.6e-01)",c-control,18.366414655604466,0.001760955772545404,0.9626332346035771,0.97347561040772,kinetic,kinetic,0.716988777009264,0.07991997329982668,0.9175575823886299,0.9626744546219904
"ACT-mediated alcohol oxidation (flow, hectogram)",ACT,20.0,36.2,7.700649323271382,97.41247892074198,750.1393398791995,25.0,500.0,5.93e-10,5.93e-10,7.2207e-10,4.0,1.0,1.0,3.9513675328729287,3.9542831484717724,384.9125065040884,18.366414655604466,18.203848252607976,"plateau (c-control; c_red/cb 1.76e-03, c_sub/cb 9.6e-01)",c-control,18.366414655604466,0.001760955772545404,0.9626332346035771,0.97347561040772,kinetic,kinetic,0.8846966012301734,0.09937207760552966,0.8981660387517426,0.9626958250576215
"ACT-mediated alcohol oxidation (flow, hectogram)",ACT,20.0,36.2,7.700649323271382,97.41247892074198,750.1393398791995,25.0,500.0,5.93e-10,5.93e-10,7.2207e-10,4.0,1.0,1.0,3.9513675328729287,3.9542831484717724,384.9125065040884,18.366414655604466,18.203848252607976,"plateau (c-control; c_red/cb 1.76e-03, c_sub/cb 9.6e-01)",c-control,18.366414655604466,0.001760955772545404,0.9626332346035771,0.97347561040772,kinetic,kinetic,1.055607727255346,0.11877383226031894,0.8788244376524524,0.9627219346888196
"ACT-mediated alcohol oxidation (flow, hectogram)",ACT,20.0,36.2,7.700649323271382,97.41247892074198,750.1393398791995,25.0,500.0,5.93e-10,5.93e-10,7.2207e-10,4.0,1.0,1.0,3.9513675328729287,3.9542831484717724,384.9125065040884,18.366414655604466,18.203848252607976,"plateau (c-control; c_red/cb 1.76e-03, c_sub/cb 9.6e-01)",c-control,18.366414655604466,0.001760955772545404,0.9626332346035771,0.97347561040772,kinetic,kinetic,1.2297833397223912,0.13811742892185733,0.8595405649854453,0.9627529443215797
"ACT-mediated alcohol oxidation (flow, hectogram)",ACT,20.0,36.2,7.700649323271382,97.41247892074198,750.1393398791995,25.0,500.0,5.93e-10,5.93e-10,7.2207e-10,4.0,1.0,1.0,3.9513675328729287,3.9542831484717724,384.9125065040884,18.366414655604466,18.203848252607976,"plateau (c-control; c_red/cb 1.76e-03, c_sub/cb 9.6e-01)",c-control,18.366414655604466,0.001760955772545404,0.9626332346035771,0.97347561040772,kinetic,kinetic,1.4072857919255444,0.1573949785697375,0.8403222874651997,0.962789017130535
"ACT-mediated alcohol oxidation (flow, hectogram)",ACT,20.0,36.2,7.700649323271382,97.41247892074198,750.1393398791995,25.0,500.0,5.93e-10,5.93e-10,7.2207e-10,4.0,1.0,1.0,3.9513675328729287,3.9542831484717724,384.9125065040884,18.366414655604466,18.203848252607976,"plateau (c-control; c_red/cb 1.76e-03, c_sub/cb 9.6e-01)",c-control,18.366414655604466,0.001760955772545404,0.9626332346035771,0.97347561040772,kinetic,kinetic,1.5881786281375825,0.17659852017263936,0.82117754398802,0.9628303185994022
"ACT-mediated alcohol oxidation (flow, hectogram)",ACT,20.0,36.2,7.700649323271382,97.41247892074198,750.1393398791995,25.0,500.0,5.93e-10,5.93e-10,7.2207e-10,4.0,1.0,1.0,3.9513675328729287,3.9542831484717724,384.9125065040884,18.366414655604466,18.203848252607976,"plateau (c-control; c_red/cb 1.76e-03, c_sub/cb 9.6e-01)",c-control,18.366414655604466,0.001760955772545404,0.9626332346035771,0.97347561040772,kinetic,kinetic,1.7725266063581004,0.19572002981206807,0.8021143365377825,0.9628770164573087
"ACT-mediated alcohol oxidation (flow, hectogram)",ACT,20.0,36.2,7.700649323271382,97.41247892074198,750.1393398791995,25.0,500.0,5.93e-10,5.93e-10,7.2207e-10,4.0,1.0,1.0,3.9513675328729287,3.9542831484717724,384.9125065040884,18.366414655604466,18.203848252607976,"plateau (c-control; c_red/cb 1.76e-03, c_sub/cb 9.6e-01)",c-control,18.366414655604466,0.001760955772545404,0.9626332346035771,0.97347561040772,kinetic,kinetic,1.9603957214962866,0.21475143025969928,0.7831407206383032,0.9629292806110313
"ACT-mediated alcohol oxidation (flow, hectogram)",ACT,20.0,36.2,7.700649323271382,97.41247892074198,750.1393398791995,25.0,500.0,5.93e-10,5.93e-10,7.2207e-10,4.0,1.0,1.0,3.9513675328729287,3.9542831484717724,384.9125065040884,18.366414655604466,18.203848252607976,"plateau (c-control; c_red/cb 1.76e-03, c_sub/cb 9.6e-01)",c-control,18.366414655604466,0.001760955772545404,0.9626332346035771,0.97347561040772,kinetic,kinetic,2.1518532289965053,0.2336846010036692,0.7642647953569461,0.9629872830732102
"ACT-mediated alcohol oxidation (flow, hectogram)",ACT,20.0,36.2,7.700649323271382,97.41247892074198,750.1393398791995,25.0,500.0,5.93e-10,5.93e-10,7.2207e-10,4.0,1.0,1.0,3.9513675328729287,3.9542831484717724,384.9125065040884,18.366414655604466,18.203848252607976,"plateau (c-control; c_red/cb 1.76e-03, c_sub/cb 9.6e-01)",c-control,18.366414655604466,0.001760955772545404,0.9626332346035771,0.97347561040772,kinetic,kinetic,2.346967668915139,0.2525113887173716,0.7454946928658355,0.9630511978866202
"ACT-mediated alcohol oxidation (flow, hectogram)",ACT,20.0,36.2,7.700649323271382,97.41247892074198,750.1393398791995,25.0,500.0,5.93e-10,5.93e-10,7.2207e-10,4.0,1.0,1.0,3.9513675328729287,3.9542831484717724,384.9125065040884,18.366414655604466,18.203848252607976,"plateau (c-control; c_red/cb 1.76e-03, c_sub/cb 9.6e-01)",c-control,18.366414655604466,0.001760955772545404,0.9626332346035771,0.97347561040772,kinetic,kinetic,2.545808890457306,0.2712236181624544,0.7268385675689243,0.9631212010445819
"ACT-mediated alcohol oxidation (flow, hectogram)",ACT,20.0,36.2,7.700649323271382,97.41247892074198,750.1393398791995,25.0,500.0,5.93e-10,5.93e-10,7.2207e-10,4.0,1.0,1.0,3.9513675328729287,3.9542831484717724,384.9125065040884,18.366414655604466,18.203848252607976,"plateau (c-control; c_red/cb 1.76e-03, c_sub/cb 9.6e-01)",c-control,18.366414655604466,0.001760955772545404,0.9626332346035771,0.97347561040772,kinetic,kinetic,2.748448076982245,0.2898131035157671,0.7083045848051068,0.9631974704076491
"ACT-mediated alcohol oxidation (flow, hectogram)",ACT,20.0,36.2,7.700649323271382,97.41247892074198,750.1393398791995,25.0,500.0,5.93e-10,5.93e-10,7.2207e-10,4.0,1.0,1.0,3.9513675328729287,3.9542831484717724,384.9125065040884,18.366414655604466,18.203848252607976,"plateau (c-control; c_red/cb 1.76e-03, c_sub/cb 9.6e-01)",c-control,18.366414655604466,0.001760955772545404,0.9626332346035771,0.97347561040772,kinetic,kinetic,2.954957771486315,0.3082716601079745,0.6899009091395881,0.9632801856166873
"ACT-mediated alcohol oxidation (flow, hectogram)",ACT,20.0,36.2,7.700649323271382,97.41247892074198,750.1393398791995,25.0,500.0,5.93e-10,5.93e-10,7.2207e-10,4.0,1.0,1.0,3.9513675328729287,3.9542831484717724,384.9125065040884,18.366414655604466,18.203848252607976,"plateau (c-control; c_red/cb 1.76e-03, c_sub/cb 9.6e-01)",c-control,18.366414655604466,0.001760955772545404,0.9626332346035771,0.97347561040772,kinetic,kinetic,3.165411902572732,0.32659111655945194,0.6716356922578366,0.9633695280025301
"ACT-mediated alcohol oxidation (flow, hectogram)",ACT,20.0,36.2,7.700649323271382,97.41247892074198,750.1393398791995,25.0,500.0,5.93e-10,5.93e-10,7.2207e-10,4.0,1.0,1.0,3.9513675328729287,3.9542831484717724,384.9125065040884,18.366414655604466,18.203848252607976,"plateau (c-control; c_red/cb 1.76e-03, c_sub/cb 9.6e-01)",c-control,18.366414655604466,0.001760955772545404,0.9626332346035771,0.97347561040772,kinetic,kinetic,3.3798858109173398,0.3447633272969041,0.6535170604786067,0.9634656804923643
"ACT-mediated alcohol oxidation (flow, hectogram)",ACT,20.0,36.2,7.700649323271382,97.41247892074198,750.1393398791995,25.0,500.0,5.93e-10,5.93e-10,7.2207e-10,4.0,1.0,1.0,3.9513675328729287,3.9542831484717724,384.9125065040884,18.366414655604466,18.203848252607976,"plateau (c-control; c_red/cb 1.76e-03, c_sub/cb 9.6e-01)",c-control,18.366414655604466,0.001760955772545404,0.9626332346035771,0.97347561040772,kinetic,kinetic,3.598456276239889,0.3627801854319167,0.6355531019047602,0.9635688275130853
"ACT-mediated alcohol oxidation (flow, hectogram)",ACT,20.0,36.2,7.700649323271382,97.41247892074198,750.1393398791995,25.0,500.0,5.93e-10,5.93e-10,7.2207e-10,4.0,1.0,1.0,3.9513675328729287,3.9542831484717724,384.9125065040884,18.366414655604466,18.203848252607976,"plateau (c-control; c_red/cb 1.76e-03, c_sub/cb 9.6e-01)",c-control,18.366414655604466,0.001760955772545404,0.9626332346035771,0.97347561040772,kinetic,kinetic,3.8212015447904863,0.3806336359803539,0.6177518532328983,0.9636791548918116
"ACT-mediated alcohol oxidation (flow, hectogram)",ACT,20.0,36.2,7.700649323271382,97.41247892074198,750.1393398791995,25.0,500.0,5.93e-10,5.93e-10,7.2207e-10,4.0,1.0,1.0,3.9513675328729287,3.9542831484717724,384.9125065040884,18.366414655604466,18.203848252607976,"plateau (c-control; c_red/cb 1.76e-03, c_sub/cb 9.6e-01)",c-control,18.366414655604466,0.001760955772545404,0.9626332346035771,0.97347561040772,kinetic,kinetic,4.048201357361043,0.39831568939918655,0.600121286245161,0.9637968497538516
"ACT-mediated alcohol oxidation (flow, hectogram)",ACT,20.0,36.2,7.700649323271382,97.41247892074198,750.1393398791995,25.0,500.0,5.93e-10,5.93e-10,7.2207e-10,4.0,1.0,1.0,3.9513675328729287,3.9542831484717724,384.9125065040884,18.366414655604466,18.203848252607976,"plateau (c-control; c_red/cb 1.76e-03, c_sub/cb 9.6e-01)",c-control,18.366414655604466,0.001760955772545404,0.9626332346035771,0.97347561040772,kinetic,kinetic,4.279536977831754,0.41581843541496055,0.5826692940089059,0.9639221004183677
"ACT-mediated alcohol oxidation (flow, hectogram)",ACT,20.0,36.2,7.700649323271382,97.41247892074198,750.1393398791995,25.0,500.0,5.93e-10,5.93e-10,7.2207e-10,4.0,1.0,1.0,3.9513675328729287,3.9542831484717724,384.9125065040884,18.366414655604466,18.203848252607976,"plateau (c-control; c_red/cb 1.76e-03, c_sub/cb 9.6e-01)",c-control,18.366414655604466,0.001760955772545404,0.9626332346035771,0.97347561040772,kinetic,kinetic,4.515291222262833,0.43313405711572095,0.5654036768123923,0.9640550962920619
"ACT-mediated alcohol oxidation (flow, hectogram)",ACT,20.0,36.2,7.700649323271382,97.41247892074198,750.1393398791995,25.0,500.0,5.93e-10,5.93e-10,7.2207e-10,4.0,1.0,1.0,3.9513675328729287,3.9542831484717724,384.9125065040884,18.366414655604466,18.203848252607976,"plateau (c-control; c_red/cb 1.76e-03, c_sub/cb 9.6e-01)",c-control,18.366414655604466,0.001760955772545404,0.9626332346035771,0.97347561040772,kinetic,kinetic,4.7555484885419235,0.45025484527579596,0.5483321278669905,0.9641960277612039
"ACT-mediated alcohol oxidation (flow, hectogram)",ACT,20.0,36.2,7.700649323271382,97.41247892074198,750.1393398791995,25.0,500.0,5.93e-10,5.93e-10,7.2207e-10,4.0,1.0,1.0,3.9513675328729287,3.9542831484717724,384.9125065040884,18.366414655604466,18.203848252607976,"plateau (c-control; c_red/cb 1.76e-03, c_sub/cb 9.6e-01)",c-control,18.366414655604466,0.001760955772545404,0.9626332346035771,0.97347561040772,kinetic,kinetic,5.000394786597762,0.4671732128804431,0.5314622188088491,0.9643450860823483
"ACT-mediated alcohol oxidation (flow, hectogram)",ACT,20.0,36.2,7.700649323271382,97.41247892074198,750.1393398791995,25.0,500.0,5.93e-10,5.93e-10,7.2207e-10,4.0,1.0,1.0,3.9513675328729287,3.9542831484717724,384.9125065040884,18.366414655604466,18.203848252607976,"plateau (c-control; c_red/cb 1.76e-03, c_sub/cb 9.6e-01)",c-control,18.366414655604466,0.001760955772545404,0.9626332346035771,0.97347561040772,kinetic,kinetic,5.249917769190969,0.48388170981496337,0.5148013850353511,0.9645024632721289
"ACT-mediated alcohol oxidation (flow, hectogram)",ACT,20.0,36.2,7.700649323271382,97.41247892074198,750.1393398791995,25.0,500.0,5.93e-10,5.93e-10,7.2207e-10,4.0,1.0,1.0,3.9513675328729287,3.9542831484717724,384.9125065040884,18.366414655604466,18.203848252607976,"plateau (c-control; c_red/cb 1.76e-03, c_sub/cb 9.6e-01)",c-control,18.366414655604466,0.001760955772545404,0.9626332346035771,0.97347561040772,kinetic,kinetic,5.5042067632929355,0.5003730376805284,0.49835691091403417,0.9646683519965276
"ACT-mediated alcohol oxidation (flow, hectogram)",ACT,20.0,36.2,7.700649323271382,97.41247892074198,750.1393398791995,25.0,500.0,5.93e-10,5.93e-10,7.2207e-10,4.0,1.0,1.0,3.9513675328729287,3.9542831484717724,384.9125065040884,18.366414655604466,18.203848252607976,"plateau (c-control; c_red/cb 1.76e-03, c_sub/cb 9.6e-01)",c-control,18.366414655604466,0.001760955772545404,0.9626332346035771,0.97347561040772,kinetic,kinetic,5.763352802064077,0.5166400646966642,0.48213591490398067,0.9648429454600378
"ACT-mediated alcohol oxidation (flow, hectogram)",ACT,20.0,36.2,7.700649323271382,97.41247892074198,750.1393398791995,25.0,500.0,5.93e-10,5.93e-10,7.2207e-10,4.0,1.0,1.0,3.9513675328729287,3.9542831484717724,384.9125065040884,18.366414655604466,18.203848252607976,"plateau (c-control; c_red/cb 1.76e-03, c_sub/cb 9.6e-01)",c-control,18.366414655604466,0.001760955772545404,0.9626332346035771,0.97347561040772,kinetic,kinetic,6.027448657442879,0.532675840648074,0.46614533463191526,0.965026437295188
"ACT-mediated alcohol oxidation (flow, hectogram)",ACT,20.0,36.2,7.700649323271382,97.41247892074198,750.1393398791995,25.0,500.0,5.93e-10,5.93e-10,7.2207e-10,4.0,1.0,1.0,3.9513675328729287,3.9542831484717724,384.9125065040884,18.366414655604466,18.203848252607976,"plateau (c-control; c_red/cb 1.76e-03, c_sub/cb 9.6e-01)",c-control,18.366414655604466,0.001760955772545404,0.9626332346035771,0.97347561040772,kinetic,kinetic,6.296588873357414,0.5484736118313418,0.45039191196740885,0.9652190214528762
"ACT-mediated alcohol oxidation (flow, hectogram)",ACT,20.0,36.2,7.700649323271382,97.41247892074198,750.1393398791995,25.0,500.0,5.93e-10,5.93e-10,7.2207e-10,4.0,1.0,1.0,3.9513675328729287,3.9542831484717724,384.9125065040884,18.366414655604466,18.203848252607976,"plateau (c-control; c_red/cb 1.76e-03, c_sub/cb 9.6e-01)",c-control,18.366414655604466,0.001760955772545404,0.9626332346035771,0.97347561040772,kinetic,kinetic,6.570869799571207,0.5640268359549954,0.43488217814364477,0.9654208920940266
"ACT-mediated alcohol oxidation (flow, hectogram)",ACT,20.0,36.2,7.700649323271382,97.41247892074198,750.1393398791995,25.0,500.0,5.93e-10,5.93e-10,7.2207e-10,4.0,1.0,1.0,3.9513675328729287,3.9542831484717724,384.9125065040884,18.366414655604466,18.203848252607976,"plateau (c-control; c_red/cb 1.76e-03, c_sub/cb 9.6e-01)",c-control,18.366414655604466,0.001760955772545404,0.9626332346035771,0.97347561040772,kinetic,kinetic,6.850389626175589,0.5793291969444971,0.41962243897211365,0.9656322434830715
"ACT-mediated alcohol oxidation (flow, hectogram)",ACT,20.0,36.2,7.700649323271382,97.41247892074198,750.1393398791995,25.0,500.0,5.93e-10,5.93e-10,7.2207e-10,4.0,1.0,1.0,3.9513675328729287,3.9542831484717724,384.9125065040884,18.366414655604466,18.203848252607976,"plateau (c-control; c_red/cb 1.76e-03, c_sub/cb 9.6e-01)",c-control,18.366414655604466,0.001760955772545404,0.9626332346035771,0.97347561040772,kinetic,kinetic,7.135248418740853,0.5943746196019479,0.4046187602013866,0.9658532698837935
"ACT-mediated alcohol oxidation (flow, hectogram)",ACT,20.0,36.2,7.700649323271382,97.41247892074198,750.1393398791995,25.0,500.0,5.93e-10,5.93e-10,7.2207e-10,4.0,1.0,1.0,3.9513675328729287,3.9542831484717724,384.9125065040884,18.366414655604466,18.203848252607976,"plateau (c-control; c_red/cb 1.76e-03, c_sub/cb 9.6e-01)",c-control,18.366414655604466,0.001760955772545404,0.9626332346035771,0.97347561040772,kinetic,kinetic,7.425548154138831,0.6091572840687142,0.3898769530716939,0.9660841654580758
"ACT-mediated alcohol oxidation (flow, hectogram)",ACT,20.0,36.2,7.700649323271382,97.41247892074198,750.1393398791995,25.0,500.0,5.93e-10,5.93e-10,7.2207e-10,4.0,1.0,1.0,3.9513675328729287,3.9542831484717724,384.9125065040884,18.366414655604466,18.203848252607976,"plateau (c-control; c_red/cb 1.76e-03, c_sub/cb 9.6e-01)",c-control,18.366414655604466,0.001760955772545404,0.9626332346035771,0.97347561040772,kinetic,kinetic,7.721392757049683,0.6236716400377846,0.3754025601184431,0.9663251241681245
"ACT-mediated alcohol oxidation (flow, hectogram)",ACT,20.0,36.2,7.700649323271382,97.41247892074198,750.1393398791995,25.0,500.0,5.93e-10,5.93e-10,7.2207e-10,4.0,1.0,1.0,3.9513675328729287,3.9542831484717724,384.9125065040884,18.366414655604466,18.203848252607976,"plateau (c-control; c_red/cb 1.76e-03, c_sub/cb 9.6e-01)",c-control,18.366414655604466,0.001760955772545404,0.9626332346035771,0.97347561040772,kinetic,kinetic,8.022888137166003,0.6379124206615023,0.3612008412789617,0.9665763396827363
"ACT-mediated alcohol oxidation (flow, hectogram)",ACT,20.0,36.2,7.700649323271382,97.41247892074198,750.1393398791995,25.0,500.0,5.93e-10,5.93e-10,7.2207e-10,4.0,1.0,1.0,3.9513675328729287,3.9542831484717724,384.9125065040884,18.366414655604466,18.203848252607976,"plateau (c-control; c_red/cb 1.76e-03, c_sub/cb 9.6e-01)",c-control,18.366414655604466,0.001760955772545404,0.9626332346035771,0.97347561040772,kinetic,kinetic,8.33014222710752,0.6518746560994173,0.3472767603576656,0.9668380052881956
"ACT-mediated alcohol oxidation (flow, hectogram)",ACT,20.0,36.2,7.700649323271382,97.41247892074198,750.1393398791995,25.0,500.0,5.93e-10,5.93e-10,7.2207e-10,4.0,1.0,1.0,3.9513675328729287,3.9542831484717724,384.9125065040884,18.366414655604466,18.203848252607976,"plateau (c-control; c_red/cb 1.76e-03, c_sub/cb 9.6e-01)",c-control,18.366414655604466,0.001760955772545404,0.9626332346035771,0.97347561040772,kinetic,kinetic,8.643265021060014,0.6655536866503673,0.33363497190547653,0.9671103138043983
"ACT-mediated alcohol oxidation (flow, hectogram)",ACT,20.0,36.2,7.700649323271382,97.41247892074198,750.1393398791995,25.0,500.0,5.93e-10,5.93e-10,7.2207e-10,4.0,1.0,1.0,3.9513675328729287,3.9542831484717724,384.9125065040884,18.366414655604466,18.203848252607976,"plateau (c-control; c_red/cb 1.76e-03, c_sub/cb 9.6e-01)",c-control,18.366414655604466,0.001760955772545404,0.9626332346035771,0.97347561040772,kinetic,kinetic,8.962368614152219,0.6789451754125909,0.3202798085696299,0.9673934575067894
"ACT-mediated alcohol oxidation (flow, hectogram)",ACT,20.0,36.2,7.700649323271382,97.41247892074198,750.1393398791995,25.0,500.0,5.93e-10,5.93e-10,7.2207e-10,4.0,1.0,1.0,3.9513675328729287,3.9542831484717724,384.9125065040884,18.366414655604466,18.203848252607976,"plateau (c-control; c_red/cb 1.76e-03, c_sub/cb 9.6e-01)",c-control,18.366414655604466,0.001760955772545404,0.9626332346035771,0.97347561040772,kinetic,kinetic,9.287567242584894,0.6920451204156955,0.30721526896998286,0.9676876280547176
"ACT-mediated alcohol oxidation (flow, hectogram)",ACT,20.0,36.2,7.700649323271382,97.41247892074198,750.1393398791995,25.0,500.0,5.93e-10,5.93e-10,7.2207e-10,4.0,1.0,1.0,3.9513675328729287,3.9542831484717724,384.9125065040884,18.366414655604466,18.203848252607976,"plateau (c-control; c_red/cb 1.76e-03, c_sub/cb 9.6e-01)",c-control,18.366414655604466,0.001760955772545404,0.9626332346035771,0.97347561040772,kinetic,kinetic,9.61897732452632,0.7048498661687035,0.29444500615754476,0.9679930164267889
"ACT-mediated alcohol oxidation (flow, hectogram)",ACT,20.0,36.2,7.700649323271382,97.41247892074198,750.1393398791995,25.0,500.0,5.93e-10,5.93e-10,7.2207e-10,4.0,1.0,1.0,3.9513675328729287,3.9542831484717724,384.9125065040884,18.366414655604466,18.203848252607976,"plateau (c-control; c_red/cb 1.76e-03, c_sub/cb 9.6e-01)",c-control,18.366414655604466,0.001760955772545404,0.9626332346035771,0.97347561040772,kinetic,kinetic,9.956717501788972,0.7173561145691965,0.2819723167101429,0.9683098128638165
"ACT-mediated alcohol oxidation (flow, hectogram)",ACT,20.0,36.2,7.700649323271382,97.41247892074198,750.1393398791995,25.0,500.0,5.93e-10,5.93e-10,7.2207e-10,4.0,1.0,1.0,3.9513675328729287,3.9542831484717724,384.9125065040884,18.366414655604466,18.203848252607976,"plateau (c-control; c_red/cb 1.76e-03, c_sub/cb 9.6e-01)",c-control,18.366414655604466,0.001760955772545404,0.9626332346035771,0.97347561040772,kinetic,kinetic,10.300908682302213,0.7295609351198064,0.26980013051891755,0.9686382068199224
"ACT-mediated alcohol oxidation (flow, hectogram)",ACT,20.0,36.2,7.700649323271382,97.41247892074198,750.1393398791995,25.0,500.0,5.93e-10,5.93e-10,7.2207e-10,4.0,1.0,1.0,3.9513675328729287,3.9542831484717724,384.9125065040884,18.366414655604466,18.203848252607976,"plateau (c-control; c_red/cb 1.76e-03, c_sub/cb 9.6e-01)",c-control,18.366414655604466,0.001760955772545404,0.9626332346035771,0.97347561040772,kinetic,kinetic,10.651674083396221,0.7414617744,0.25793100131764046,0.9689783869223605
"ACT-mediated alcohol oxidation (flow, hectogram)",ACT,20.0,36.2,7.700649323271382,97.41247892074198,750.1393398791995,25.0,500.0,5.93e-10,5.93e-10,7.2207e-10,4.0,1.0,1.0,3.9513675328729287,3.9542831484717724,384.9125065040884,18.366414655604466,18.203848252607976,"plateau (c-control; c_red/cb 1.76e-03, c_sub/cb 9.6e-01)",c-control,18.366414655604466,0.001760955772545404,0.9626332346035771,0.97347561040772,kinetic,kinetic,11.00913927591271,0.7530564647432783,0.2463670980046625,0.9693305409405785
"ACT-mediated alcohol oxidation (flow, hectogram)",ACT,20.0,36.2,7.700649323271382,97.41247892074198,750.1393398791995,25.0,500.0,5.93e-10,5.93e-10,7.2207e-10,4.0,1.0,1.0,3.9513675328729287,3.9542831484717724,384.9125065040884,18.366414655604466,18.203848252607976,"plateau (c-control; c_red/cb 1.76e-03, c_sub/cb 9.6e-01)",c-control,18.366414655604466,0.001760955772545404,0.9626332346035771,0.97347561040772,kinetic,kinetic,11.373432229158126,0.7643432320726528,0.2351101968045816,0.9696948557650384
"ACT-mediated alcohol oxidation (flow, hectogram)",ACT,20.0,36.2,7.700649323271382,97.41247892074198,750.1393398791995,25.0,500.0,5.93e-10,5.93e-10,7.2207e-10,4.0,1.0,1.0,3.9513675328729287,3.9542831484717724,384.9125065040884,18.366414655604466,18.203848252607976,"plateau (c-control; c_red/cb 1.76e-03, c_sub/cb 9.6e-01)",c-control,18.366414655604466,0.001760955772545404,0.9626332346035771,0.97347561040772,kinetic,kinetic,11.744683356715518,0.7753207028505166,0.2241616743134363,0.9700715173962581
"ACT-mediated alcohol oxidation (flow, hectogram)",ACT,20.0,36.2,7.700649323271382,97.41247892074198,750.1393398791995,25.0,500.0,5.93e-10,5.93e-10,7.2207e-10,4.0,1.0,1.0,3.9513675328729287,3.9542831484717724,384.9125065040884,18.366414655604466,18.203848252607976,"plateau (c-control; c_red/cb 1.76e-03, c_sub/cb 9.6e-01)",c-control,18.366414655604466,0.001760955772545404,0.9626332346035771,0.97347561040772,kinetic,kinetic,12.123025563131419,0.7859879101029194,0.21352250146736063,0.9704607109445015
"ACT-mediated alcohol oxidation (flow, hectogram)",ACT,20.0,36.2,7.700649323271382,97.41247892074198,750.1393398791995,25.0,500.0,5.93e-10,5.93e-10,7.2207e-10,4.0,1.0,1.0,3.9513675328729287,3.9542831484717724,384.9125065040884,18.366414655604466,18.203848252607976,"plateau (c-control; c_red/cb 1.76e-03, c_sub/cb 9.6e-01)",c-control,18.366414655604466,0.001760955772545404,0.9626332346035771,0.97347561040772,kinetic,kinetic,12.50859429149447,0.7963442984827539,0.20319323847011975,0.9708626206405231
"ACT-mediated alcohol oxidation (flow, hectogram)",ACT,20.0,36.2,7.700649323271382,97.41247892074198,750.1393398791995,25.0,500.0,5.93e-10,5.93e-10,7.2207e-10,4.0,1.0,1.0,3.9513675328729287,3.9542831484717724,384.9125065040884,18.366414655604466,18.203848252607976,"plateau (c-control; c_red/cb 1.76e-03, c_sub/cb 9.6e-01)",c-control,18.366414655604466,0.001760955772545404,0.9626332346035771,0.97347561040772,kinetic,kinetic,12.901527571922818,0.8063897283415531,0.19317403070977318,0.9712774298576761
"ACT-mediated alcohol oxidation (flow, hectogram)",ACT,20.0,36.2,7.700649323271382,97.41247892074198,750.1393398791995,25.0,500.0,5.93e-10,5.93e-10,7.2207e-10,4.0,1.0,1.0,3.9513675328729287,3.9542831484717724,384.9125065040884,18.366414655604466,18.203848252607976,"plateau (c-control; c_red/cb 1.76e-03, c_sub/cb 9.6e-01)",c-control,18.366414655604466,0.001760955772545404,0.9626332346035771,0.97347561040772,kinetic,kinetic,13.301966070977661,0.816124478785462,0.18346460568881662,0.9717053211456754
"ACT-mediated alcohol oxidation (flow, hectogram)",ACT,20.0,36.2,7.700649323271382,97.41247892074198,750.1393398791995,25.0,500.0,5.93e-10,5.93e-10,7.2207e-10,4.0,1.0,1.0,3.9513675328729287,3.9542831484717724,384.9125065040884,18.366414655604466,18.203848252607976,"plateau (c-control; c_red/cb 1.76e-03, c_sub/cb 9.6e-01)",c-control,18.366414655604466,0.001760955772545404,0.9626332346035771,0.97347561040772,kinetic,kinetic,13.71005314202059,0.8255492496976173,0.1740642709855176,0.9721464762762109
"ACT-mediated alcohol oxidation (flow, hectogram)",ACT,20.0,36.2,7.700649323271382,97.41247892074198,750.1393398791995,25.0,500.0,5.93e-10,5.93e-10,7.2207e-10,4.0,1.0,1.0,3.9513675328729287,3.9542831484717724,384.9125065040884,18.366414655604466,18.203848252607976,"plateau (c-control; c_red/cb 1.76e-03, c_sub/cb 9.6e-01)",c-control,18.366414655604466,0.001760955772545404,0.9626332346035771,0.97347561040772,kinetic,kinetic,14.125934876532803,0.8346651627165812,0.16497191325671207,0.9726010763005528
"ACT-mediated alcohol oxidation (flow, hectogram)",ACT,20.0,36.2,7.700649323271382,97.41247892074198,750.1393398791995,25.0,500.0,5.93e-10,5.93e-10,7.2207e-10,4.0,1.0,1.0,3.9513675328729287,3.9542831484717724,384.9125065040884,18.366414655604466,18.203848252607976,"plateau (c-control; c_red/cb 1.76e-03, c_sub/cb 9.6e-01)",c-control,18.366414655604466,0.001760955772545404,0.9626332346035771,0.97347561040772,kinetic,kinetic,14.549760156414541,0.8434737611687898,0.15618599828403762,0.9730693016191782
"ACT-mediated alcohol oxidation (flow, hectogram)",ACT,20.0,36.2,7.700649323271382,97.41247892074198,750.1393398791995,25.0,500.0,5.93e-10,5.93e-10,7.2207e-10,4.0,1.0,1.0,3.9513675328729287,3.9542831484717724,384.9125065040884,18.366414655604466,18.203848252607976,"plateau (c-control; c_red/cb 1.76e-03, c_sub/cb 9.6e-01)",c-control,18.366414655604466,0.001760955772545404,0.9626332346035771,0.97347561040772,kinetic,kinetic,14.981680707283452,0.8519770089621643,0.14770457205637022,0.9735513320633806
"ACT-mediated alcohol oxidation (flow, hectogram)",ACT,20.0,36.2,7.700649323271382,97.41247892074198,750.1393398791995,25.0,500.0,5.93e-10,5.93e-10,7.2207e-10,4.0,1.0,1.0,3.9513675328729287,3.9542831484717724,384.9125065040884,18.366414655604466,18.203848252607976,"plateau (c-control; c_red/cb 1.76e-03, c_sub/cb 9.6e-01)",c-control,18.366414655604466,0.001760955772545404,0.9626332346035771,0.97347561040772,kinetic,kinetic,15.421851152790996,0.860177288458228,0.13952526287104386,0.9740473469887152
"ACT-mediated alcohol oxidation (flow, hectogram)",ACT,20.0,36.2,7.700649323271382,97.41247892074198,750.1393398791995,25.0,500.0,5.93e-10,5.93e-10,7.2207e-10,4.0,1.0,1.0,3.9513675328729287,3.9542831484717724,384.9125065040884,18.366414655604466,18.203848252607976,"plateau (c-control; c_red/cb 1.76e-03, c_sub/cb 9.6e-01)",c-control,18.366414655604466,0.001760955772545404,0.9626332346035771,0.97347561040772,kinetic,kinetic,15.870429069976314,0.8680773973513114,0.13164528442518392,0.9745575253799934
"ACT-mediated alcohol oxidation (flow, hectogram)",ACT,20.0,36.2,7.700649323271382,97.41247892074198,750.1393398791995,25.0,500.0,5.93e-10,5.93e-10,7.2207e-10,4.0,1.0,1.0,3.9513675328729287,3.9542831484717724,384.9125065040884,18.366414655604466,18.203848252607976,"plateau (c-control; c_red/cb 1.76e-03, c_sub/cb 9.6e-01)",c-control,18.366414655604466,0.001760955772545404,0.9626332346035771,0.97347561040772,kinetic,kinetic,16.32757504567737,0.875680544595817,0.12406143985608295,0.9750820459674509
"ACT-mediated alcohol oxidation (flow, hectogram)",ACT,20.0,36.2,7.700649323271382,97.41247892074198,750.1393398791995,25.0,500.0,5.93e-10,5.93e-10,7.2207e-10,4.0,1.0,1.0,3.9513675328729287,3.9542831484717724,384.9125065040884,18.366414655604466,18.203848252607976,"plateau (c-control; c_red/cb 1.76e-03, c_sub/cb 9.6e-01)",c-control,18.366414655604466,0.001760955772545404,0.9626332346035771,0.97347561040772,kinetic,kinetic,16.793452734019613,0.8829903454361979,0.1167701266758727,0.975621087353543
"ACT-mediated alcohol oxidation (flow, hectogram)",ACT,20.0,36.2,7.700649323271382,97.41247892074198,750.1393398791995,25.0,500.0,5.93e-10,5.93e-10,7.2207e-10,4.0,1.0,1.0,3.9513675328729287,3.9542831484717724,384.9125065040884,18.366414655604466,18.203848252607976,"plateau (c-control; c_red/cb 1.76e-03, c_sub/cb 9.6e-01)",c-control,18.366414655604466,0.001760955772545404,0.9626332346035771,0.97347561040772,kinetic,kinetic,17.26822891500264,0.8900108156093474,0.10976734253067705,0.976174828149688
"ACT-mediated alcohol oxidation (flow, hectogram)",ACT,20.0,36.2,7.700649323271382,97.41247892074198,750.1393398791995,25.0,500.0,5.93e-10,5.93e-10,7.2207e-10,4.0,1.0,1.0,3.9513675328729287,3.9542831484717724,384.9125065040884,18.366414655604466,18.203848252607976,"plateau (c-control; c_red/cb 1.76e-03, c_sub/cb 9.6e-01)",c-control,18.366414655604466,0.001760955772545404,0.9626332346035771,0.97347561040772,kinetic,kinetic,17.752073554205964,0.8967463648057413,0.10304869169777948,0.9767434471220886
"ACT-mediated alcohol oxidation (flow, hectogram)",ACT,20.0,36.2,7.700649323271382,97.41247892074198,750.1393398791995,25.0,500.0,5.93e-10,5.93e-10,7.2207e-10,4.0,1.0,1.0,3.9513675328729287,3.9542831484717724,384.9125065040884,18.366414655604466,18.203848252607976,"plateau (c-control; c_red/cb 1.76e-03, c_sub/cb 9.6e-01)",c-control,18.366414655604466,0.001760955772545404,0.9626332346035771,0.97347561040772,kinetic,kinetic,18.245159863635134,0.9032017894940688,0.09660939221593232,0.9773271233455955
"ACT-mediated alcohol oxidation (flow, hectogram)",ACT,20.0,36.2,7.700649323271382,97.41247892074198,750.1393398791995,25.0,500.0,5.93e-10,5.93e-10,7.2207e-10,4.0,1.0,1.0,3.9513675328729287,3.9542831484717724,384.9125065040884,18.366414655604466,18.203848252607976,"plateau (c-control; c_red/cb 1.76e-03, c_sub/cb 9.6e-01)",c-control,18.366414655604466,0.001760955772545404,0.9626332346035771,0.97347561040772,kinetic,kinetic,18.747664363730056,0.9093822652344938,0.09044428352350321,0.9779260363643488
"ACT-mediated alcohol oxidation (flow, hectogram)",ACT,20.0,36.2,7.700649323271382,97.41247892074198,750.1393398791995,25.0,500.0,5.93e-10,5.93e-10,7.2207e-10,4.0,1.0,1.0,3.9513675328729287,3.9542831484717724,384.9125065040884,18.366414655604466,18.203848252607976,"plateau (c-control; c_red/cb 1.76e-03, c_sub/cb 9.6e-01)",c-control,18.366414655604466,0.001760955772545404,0.9626332346035771,0.97347561040772,kinetic,kinetic,19.259766946557747,0.915293338628404,0.08454783445641684,0.9785403663577169
"ACT-mediated alcohol oxidation (flow, hectogram)",ACT,20.0,36.2,7.700649323271382,97.41247892074198,750.1393398791995,25.0,500.0,5.93e-10,5.93e-10,7.2207e-10,4.0,1.0,1.0,3.9513675328729287,3.9542831484717724,384.9125065040884,18.366414655604466,18.203848252607976,"plateau (c-control; c_red/cb 1.76e-03, c_sub/cb 9.6e-01)",c-control,18.366414655604466,0.001760955772545404,0.9626332346035771,0.97347561040772,kinetic,kinetic,19.78165094021204,0.9209409190778968,0.07891415143242686,0.9791702943097773
"ACT-mediated alcohol oxidation (flow, hectogram)",ACT,20.0,36.2,7.700649323271382,97.41247892074198,750.1393398791995,25.0,500.0,5.93e-10,5.93e-10,7.2207e-10,4.0,1.0,1.0,3.9513675328729287,3.9542831484717724,384.9125065040884,18.366414655604466,18.203848252607976,"plateau (c-control; c_red/cb 1.76e-03, c_sub/cb 9.6e-01)",c-control,18.366414655604466,0.001760955772545404,0.9626332346035771,0.97347561040772,kinetic,kinetic,20.313503174443383,0.9263312705567638,0.07353698661970089,0.9798160021802953
"ACT-mediated alcohol oxidation (flow, hectogram)",ACT,20.0,36.2,7.700649323271382,97.41247892074198,750.1393398791995,25.0,500.0,5.93e-10,5.93e-10,7.2207e-10,4.0,1.0,1.0,3.9513675328729287,3.9542831484717724,384.9125065040884,18.366414655604466,18.203848252607976,"plateau (c-control; c_red/cb 1.76e-03, c_sub/cb 9.6e-01)",c-control,18.366414655604466,0.001760955772545404,0.9626332346035771,0.97347561040772,kinetic,kinetic,20.855514047542233,0.9314710036269309,0.06840974585546435,0.9804776730748459
"ACT-mediated alcohol oxidation (flow, hectogram)",ACT,20.0,36.2,7.700649323271382,97.41247892074198,750.1393398791995,25.0,500.0,5.93e-10,5.93e-10,7.2207e-10,4.0,1.0,1.0,3.9513675328729287,3.9542831484717724,384.9125065040884,18.366414655604466,18.203848252607976,"plateau (c-control; c_red/cb 1.76e-03, c_sub/cb 9.6e-01)",c-control,18.366414655604466,0.001760955772545404,0.9626332346035771,0.97347561040772,kinetic,kinetic,21.407877594499887,0.9363670679708445,0.06352549604384856,0.9811554914113149
"ACT-mediated alcohol oxidation (flow, hectogram)",ACT,20.0,36.2,7.700649323271382,97.41247892074198,750.1393398791995,25.0,500.0,5.93e-10,5.93e-10,7.2207e-10,4.0,1.0,1.0,3.9513675328729287,3.9542831484717724,384.9125065040884,18.366414655604466,18.203848252607976,"plateau (c-control; c_red/cb 1.76e-03, c_sub/cb 9.6e-01)",c-control,18.366414655604466,0.001760955772545404,0.9626332346035771,0.97347561040772,kinetic,kinetic,21.97079155647125,0.9410267457520268,0.05887697172029336,0.981849643079618
"ACT-mediated alcohol oxidation (flow, hectogram)",ACT,20.0,36.2,7.700649323271382,97.41247892074198,750.1393398791995,25.0,500.0,5.93e-10,5.93e-10,7.2207e-10,4.0,1.0,1.0,3.9513675328729287,3.9542831484717724,384.9125065040884,18.366414655604466,18.203848252607976,"plateau (c-control; c_red/cb 1.76e-03, c_sub/cb 9.6e-01)",c-control,18.366414655604466,0.001760955772545404,0.9626332346035771,0.97347561040772,kinetic,kinetic,22.544457451564433,0.9454576461639479,0.05445658042183861,0.9825603155909657
"ACT-mediated alcohol oxidation (flow, hectogram)",ACT,20.0,36.2,7.700649323271382,97.41247892074198,750.1393398791995,25.0,500.0,5.93e-10,5.93e-10,7.2207e-10,4.0,1.0,1.0,3.9513675328729287,3.9542831484717724,384.9125065040884,18.366414655604466,18.203848252607976,"plateau (c-control; c_red/cb 1.76e-03, c_sub/cb 9.6e-01)",c-control,18.366414655604466,0.001760955772545404,0.9626332346035771,0.97347561040772,kinetic,kinetic,23.129080646982352,0.9496677015827448,0.05025640644715068,0.9832876982124553
"ACT-mediated alcohol oxidation (flow, hectogram)",ACT,20.0,36.2,7.700649323271382,97.41247892074198,750.1393398791995,25.0,500.0,5.93e-10,5.93e-10,7.2207e-10,4.0,1.0,1.0,3.9513675328729287,3.9542831484717724,384.9125065040884,18.366414655604466,18.203848252607976,"plateau (c-control; c_red/cb 1.76e-03, c_sub/cb 9.6e-01)",c-control,18.366414655604466,0.001760955772545404,0.9626332346035771,0.97347561040772,kinetic,kinetic,23.72487043254236,0.9536651658036972,0.04626821252562029,0.9840319820820763
"ACT-mediated alcohol oxidation (flow, hectogram)",ACT,20.0,36.2,7.700649323271382,97.41247892074198,750.1393398791995,25.0,500.0,5.93e-10,5.93e-10,7.2207e-10,4.0,1.0,1.0,3.9513675328729287,3.9542831484717724,384.9125065040884,18.366414655604466,18.203848252607976,"plateau (c-control; c_red/cb 1.76e-03, c_sub/cb 9.6e-01)",c-control,18.366414655604466,0.001760955772545404,0.9626332346035771,0.97347561040772,kinetic,kinetic,24.332040095600103,0.9574586149166329,0.04248343883944743,0.9847933602984843
"ACT-mediated alcohol oxidation (flow, hectogram)",ACT,20.0,36.2,7.700649323271382,97.41247892074198,750.1393398791995,25.0,500.0,5.93e-10,5.93e-10,7.2207e-10,4.0,1.0,1.0,3.9513675328729287,3.9542831484717724,384.9125065040884,18.366414655604466,18.203848252607976,"plateau (c-control; c_red/cb 1.76e-03, c_sub/cb 9.6e-01)",c-control,18.366414655604466,0.001760955772545404,0.9626332346035771,0.97347561040772,kinetic,kinetic,24.950806997404467,0.9610569514639107,0.03889319875396227,0.9855720279789614
"ACT-mediated alcohol oxidation (flow, hectogram)",ACT,20.0,36.2,7.700649323271382,97.41247892074198,750.1393398791995,25.0,500.0,5.93e-10,5.93e-10,7.2207e-10,4.0,1.0,1.0,3.9513675328729287,3.9542831484717724,384.9125065040884,18.366414655604466,18.203848252607976,"plateau (c-control; c_red/cb 1.76e-03, c_sub/cb 9.6e-01)",c-control,18.366414655604466,0.001760955772545404,0.9626332346035771,0.97347561040772,kinetic,kinetic,25.58139265091095,0.9644694126291674,0.03548827050665307,0.9863681822779219
"ACT-mediated alcohol oxidation (flow, hectogram)",ACT,20.0,36.2,7.700649323271382,97.41247892074198,750.1393398791995,25.0,500.0,5.93e-10,5.93e-10,7.2207e-10,4.0,1.0,1.0,3.9513675328729287,3.9542831484717724,384.9125065040884,18.366414655604466,18.203848252607976,"plateau (c-control; c_red/cb 1.76e-03, c_sub/cb 9.6e-01)",c-control,18.366414655604466,0.001760955772545404,0.9626332346035771,0.97347561040772,kinetic,kinetic,26.224022800081258,0.9677055833291555,0.03225908398095189,0.9871820223570404
"ACT-mediated alcohol oxidation (flow, hectogram)",ACT,20.0,36.2,7.700649323271382,97.41247892074198,750.1393398791995,25.0,500.0,5.93e-10,5.93e-10,7.2207e-10,4.0,1.0,1.0,3.9513675328729287,3.9542831484717724,384.9125065040884,18.366414655604466,18.203848252607976,"plateau (c-control; c_red/cb 1.76e-03, c_sub/cb 9.6e-01)",c-control,18.366414655604466,0.001760955772545404,0.9626332346035771,0.97347561040772,kinetic,kinetic,26.878927500697667,0.9707754152290663,0.029195701542416998,0.9880137492965703
"ACT-mediated alcohol oxidation (flow, hectogram)",ACT,20.0,36.2,7.700649323271382,97.41247892074198,750.1393398791995,25.0,500.0,5.93e-10,5.93e-10,7.2207e-10,4.0,1.0,1.0,3.9513675328729287,3.9542831484717724,384.9125065040884,18.366414655604466,18.203848252607976,"plateau (c-control; c_red/cb 1.76e-03, c_sub/cb 9.6e-01)",c-control,18.366414655604466,0.001760955772545404,0.9626332346035771,0.97347561040772,kinetic,kinetic,27.546341202720836,0.9736892528790692,0.026287791737179926,0.9888635659355967
"ACT-mediated alcohol oxidation (flow, hectogram)",ACT,20.0,36.2,7.700649323271382,97.41247892074198,750.1393398791995,25.0,500.0,5.93e-10,5.93e-10,7.2207e-10,4.0,1.0,1.0,3.9513675328729287,3.9542831484717724,384.9125065040884,18.366414655604466,18.203848252607976,"plateau (c-control; c_red/cb 1.76e-03, c_sub/cb 9.6e-01)",c-control,18.366414655604466,0.001760955772545404,0.9626332346035771,0.97347561040772,kinetic,kinetic,28.22650283422083,0.9764578683830635,0.02352459443876166,0.9897316766267648
"ACT-mediated alcohol oxidation (flow, hectogram)",ACT,20.0,36.2,7.700649323271382,97.41247892074198,750.1393398791995,25.0,500.0,5.93e-10,5.93e-10,7.2207e-10,4.0,1.0,1.0,3.9513675328729287,3.9542831484717724,384.9125065040884,18.366414655604466,18.203848252607976,"plateau (c-control; c_red/cb 1.76e-03, c_sub/cb 9.6e-01)",c-control,18.366414655604466,0.001760955772545404,0.9626332346035771,0.97347561040772,kinetic,kinetic,28.919655886911205,0.9790925062679579,0.020894875771406626,0.9906182868884182
"ACT-mediated alcohol oxidation (flow, hectogram)",ACT,20.0,36.2,7.700649323271382,97.41247892074198,750.1393398791995,25.0,500.0,5.93e-10,5.93e-10,7.2207e-10,4.0,1.0,1.0,3.9513675328729287,3.9542831484717724,384.9125065040884,18.366414655604466,18.203848252607976,"plateau (c-control; c_red/cb 1.76e-03, c_sub/cb 9.6e-01)",c-control,18.366414655604466,0.001760955772545404,0.9626332346035771,0.97347561040772,kinetic,kinetic,29.6260485033168,0.9816049405333567,0.01838687082576478,0.991523602933844
"ACT-mediated alcohol oxidation (flow, hectogram)",ACT,20.0,36.2,7.700649323271382,97.41247892074198,750.1393398791995,25.0,500.0,5.93e-10,5.93e-10,7.2207e-10,4.0,1.0,1.0,3.9513675328729287,3.9542831484717724,384.9125065040884,18.366414655604466,18.203848252607976,"plateau (c-control; c_red/cb 1.76e-03, c_sub/cb 9.6e-01)",c-control,18.366414655604466,0.001760955772545404,0.9626332346035771,0.97347561040772,kinetic,kinetic,30.345933565606543,0.9840075462398918,0.0159882118034538,0.9924478310534622
"ACT-mediated alcohol oxidation (flow, hectogram)",ACT,20.0,36.2,7.700649323271382,97.41247892074198,750.1393398791995,25.0,500.0,5.93e-10,5.93e-10,7.2207e-10,4.0,1.0,1.0,3.9513675328729287,3.9542831484717724,384.9125065040884,18.366414655604466,18.203848252607976,"plateau (c-control; c_red/cb 1.76e-03, c_sub/cb 9.6e-01)",c-control,18.366414655604466,0.001760955772545404,0.9626332346035771,0.97347561040772,kinetic,kinetic,31.079568786122998,0.9863133884552717,0.013685838765063331,0.9933911768210727
"ACT-mediated alcohol oxidation (flow, hectogram)",ACT,20.0,36.2,7.700649323271382,97.41247892074198,750.1393398791995,25.0,500.0,5.93e-10,5.93e-10,7.2207e-10,4.0,1.0,1.0,3.9513675328729287,3.9542831484717724,384.9125065040884,18.366414655604466,18.203848252607976,"plateau (c-control; c_red/cb 1.76e-03, c_sub/cb 9.6e-01)",c-control,18.366414655604466,0.001760955772545404,0.9626332346035771,0.97347561040772,kinetic,kinetic,31.82721679964103,0.9885363319399203,0.011465889591966996,0.9943538440894683
"ACT-mediated alcohol oxidation (flow, hectogram)",ACT,20.0,36.2,7.700649323271382,97.41247892074198,750.1393398791995,25.0,500.0,5.93e-10,5.93e-10,7.2207e-10,4.0,1.0,1.0,3.9513675328729287,3.9542831484717724,384.9125065040884,18.366414655604466,18.203848252607976,"plateau (c-control; c_red/cb 1.76e-03, c_sub/cb 9.6e-01)",c-control,18.366414655604466,0.001760955772545404,0.9626332346035771,0.97347561040772,kinetic,kinetic,32.58914525738867,0.9906911756431913,0.009313565081475062,0.9953360337336774
"ACT-mediated alcohol oxidation (flow, hectogram)",ACT,20.0,36.2,7.700649323271382,97.41247892074198,750.1393398791995,25.0,500.0,5.93e-10,5.93e-10,7.2207e-10,4.0,1.0,1.0,3.9513675328729287,3.9542831484717724,384.9125065040884,18.366414655604466,18.203848252607976,"plateau (c-control; c_red/cb 1.76e-03, c_sub/cb 9.6e-01)",c-control,18.366414655604466,0.001760955772545404,0.9626332346035771,0.97347561040772,kinetic,kinetic,33.365626922863875,0.9927938169270444,0.0072129642468489776,0.9963379420914039
"ACT-mediated alcohol oxidation (flow, hectogram)",ACT,20.0,36.2,7.700649323271382,97.41247892074198,750.1393398791995,25.0,500.0,5.93e-10,5.93e-10,7.2207e-10,4.0,1.0,1.0,3.9513675328729287,3.9542831484717724,384.9125065040884,18.366414655604466,18.203848252607976,"plateau (c-control; c_red/cb 1.76e-03, c_sub/cb 9.6e-01)",c-control,18.366414655604466,0.001760955772545404,0.9626332346035771,0.97347561040772,kinetic,kinetic,34.15693976948132,0.9948614514749445,0.005146883850211647,0.9973597590395468
"ACT-mediated alcohol oxidation (flow, hectogram)",ACT,20.0,36.2,7.700649323271382,97.41247892074198,750.1393398791995,25.0,500.0,5.93e-10,5.93e-10,7.2207e-10,4.0,1.0,1.0,3.9513675328729287,3.9542831484717724,384.9125065040884,18.366414655604466,18.203848252607976,"plateau (c-control; c_red/cb 1.76e-03, c_sub/cb 9.6e-01)",c-control,18.366414655604466,0.001760955772545404,0.9626332346035771,0.97347561040772,kinetic,kinetic,34.96336708008447,0.9969128161276173,0.0030965749092944127,0.9984016656325082
"ACT-mediated alcohol oxidation (flow, hectogram)",ACT,20.0,36.2,7.700649323271382,97.41247892074198,750.1393398791995,25.0,500.0,5.93e-10,5.93e-10,7.2207e-10,4.0,1.0,1.0,3.9513675328729287,3.9542831484717724,384.9125065040884,18.366414655604466,18.203848252607976,"plateau (c-control; c_red/cb 1.76e-03, c_sub/cb 9.6e-01)",c-control,18.366414655604466,0.001760955772545404,0.9626332346035771,0.97347561040772,kinetic,kinetic,35.78519754835818,0.9989684834745955,0.0010414473276383859,0.9994638312116997
"NHPI-mediated allylic C-H -> enone",NHPI,20.2,36.2,24.89082106442851,9.036450630709002,224.9246757065199,33.0,167.0,2.09e-9,2.09e-9,1.866e-9,2.0,1.0,1.0,18.382854552596687,19.760578608296157,166.1157576160442,32.688991520764205,32.43165488188198,"plateau (c-control; c_red/cb 1.68e-03, c_sub/cb 9.3e-01)",c-control,32.688991520764205,0.001683948898987922,0.9272910815400583,0.5357686474570875,mixed,mixed,0.18100000000000183,0.001683948898987922,1.112320899770227,0.9272910815400583
"NHPI-mediated allylic C-H -> enone",NHPI,20.2,36.2,24.89082106442851,9.036450630709002,224.9246757065199,33.0,167.0,2.09e-9,2.09e-9,1.866e-9,2.0,1.0,1.0,18.382854552596687,19.760578608296157,166.1157576160442,32.688991520764205,32.43165488188198,"plateau (c-control; c_red/cb 1.68e-03, c_sub/cb 9.3e-01)",c-control,32.688991520764205,0.001683948898987922,0.9272910815400583,0.5357686474570875,mixed,mixed,0.5434216080051396,0.01924353619286379,1.0947362821905657,0.927315252422604
"NHPI-mediated allylic C-H -> enone",NHPI,20.2,36.2,24.89082106442851,9.036450630709002,224.9246757065199,33.0,167.0,2.09e-9,2.09e-9,1.866e-9,2.0,1.0,1.0,18.382854552596687,19.760578608296157,166.1157576160442,32.688991520764205,32.43165488188198,"plateau (c-control; c_red/cb 1.68e-03, c_sub/cb 9.3e-01)",c-control,32.688991520764205,0.001683948898987922,0.9272910815400583,0.5357686474570875,mixed,mixed,0.9066874140830314,0.03658661030978802,1.0773266785652567,0.9273633799490869
"NHPI-mediated allylic C-H -> enone",NHPI,20.2,36.2,24.89082106442851,9.036450630709002,224.9246757065199,33.0,167.0,2.09e-9,2.09e-9,1.866e-9,2.0,1.0,1.0,18.382854552596687,19.760578608296157,166.1157576160442,32.688991520764205,32.43165488188198,"plateau (c-control; c_red/cb 1.68e-03, c_sub/cb 9.3e-01)",c-control,32.688991520764205,0.001683948898987922,0.9272910815400583,0.5357686474570875,mixed,mixed,1.2707993846461936,0.05371600358497238,1.0600900643012419,0.9274352507616147
"NHPI-mediated allylic C-H -> enone",NHPI,20.2,36.2,24.89082106442851,9.036450630709002,224.9246757065199,33.0,167.0,2.09e-9,2.09e-9,1.866e-9,2.0,1.0,1.0,18.382854552596687,19.760578608296157,166.1157576160442,32.688991520764205,32.43165488188198,"plateau (c-control; c_red/cb 1.68e-03, c_sub/cb 9.3e-01)",c-control,32.688991520764205,0.001683948898987922,0.9272910815400583,0.5357686474570875,mixed,mixed,1.6357594906875579,0.07063451682578499,1.0430244221986655,0.9275306523453483
"NHPI-mediated allylic C-H -> enone",NHPI,20.2,36.2,24.89082106442851,9.036450630709002,224.9246757065199,33.0,167.0,2.09e-9,2.09e-9,1.866e-9,2.0,1.0,1.0,18.382854552596687,19.760578608296157,166.1157576160442,32.688991520764205,32.43165488188198,"plateau (c-control; c_red/cb 1.68e-03, c_sub/cb 9.3e-01)",c-control,32.688991520764205,0.001683948898987922,0.9272910815400583,0.5357686474570875,mixed,mixed,2.001569707791141,0.08734492038507705,1.0261277421098725,0.9276493729908218
"NHPI-mediated allylic C-H -> enone",NHPI,20.2,36.2,24.89082106442851,9.036450630709002,224.9246757065199,33.0,167.0,2.09e-9,2.09e-9,1.866e-9,2.0,1.0,1.0,18.382854552596687,19.760578608296157,166.1157576160442,32.688991520764205,32.43165488188198,"plateau (c-control; c_red/cb 1.68e-03, c_sub/cb 9.3e-01)",c-control,32.688991520764205,0.001683948898987922,0.9272910815400583,0.5357686474570875,mixed,mixed,2.368232016142739,0.10384995520530747,1.0093980205981055,0.9277912017562329
"NHPI-mediated allylic C-H -> enone",NHPI,20.2,36.2,24.89082106442851,9.036450630709002,224.9246757065199,33.0,167.0,2.09e-9,2.09e-9,1.866e-9,2.0,1.0,1.0,18.382854552596687,19.760578608296157,166.1157576160442,32.688991520764205,32.43165488188198,"plateau (c-control; c_red/cb 1.68e-03, c_sub/cb 9.3e-01)",c-control,32.688991520764205,0.001683948898987922,0.9272910815400583,0.5357686474570875,mixed,mixed,2.735748400540646,0.12015233383538249,0.9928332605957322,0.9279559284296787
"NHPI-mediated allylic C-H -> enone",NHPI,20.2,36.2,24.89082106442851,9.036450630709002,224.9246757065199,33.0,167.0,2.09e-9,2.09e-9,1.866e-9,2.0,1.0,1.0,18.382854552596687,19.760578608296157,166.1157576160442,32.688991520764205,32.43165488188198,"plateau (c-control; c_red/cb 1.68e-03, c_sub/cb 9.3e-01)",c-control,32.688991520764205,0.001683948898987922,0.9272910815400583,0.5357686474570875,mixed,mixed,3.1041208504063986,0.1362547414215166,0.9764314710618315,0.928143343491323
"NHPI-mediated allylic C-H -> enone",NHPI,20.2,36.2,24.89082106442851,9.036450630709002,224.9246757065199,33.0,167.0,2.09e-9,2.09e-9,1.866e-9,2.0,1.0,1.0,18.382854552596687,19.760578608296157,166.1157576160442,32.688991520764205,32.43165488188198,"plateau (c-control; c_red/cb 1.68e-03, c_sub/cb 9.3e-01)",c-control,32.688991520764205,0.001683948898987922,0.9272910815400583,0.5357686474570875,mixed,mixed,3.473351359795545,0.1521598366734071,0.9601906666389791,0.9283532380754701
"NHPI-mediated allylic C-H -> enone",NHPI,20.2,36.2,24.89082106442851,9.036450630709002,224.9246757065199,33.0,167.0,2.09e-9,2.09e-9,1.866e-9,2.0,1.0,1.0,18.382854552596687,19.760578608296157,166.1157576160442,32.688991520764205,32.43165488188198,"plateau (c-control; c_red/cb 1.68e-03, c_sub/cb 9.3e-01)",c-control,32.688991520764205,0.001683948898987922,0.9272910815400583,0.5357686474570875,mixed,mixed,3.843441927408439,0.167870252806961,0.9441088673090456,0.9285854039325369
"NHPI-mediated allylic C-H -> enone",NHPI,20.2,36.2,24.89082106442851,9.036450630709002,224.9246757065199,33.0,167.0,2.09e-9,2.09e-9,1.866e-9,2.0,1.0,1.0,18.382854552596687,19.760578608296157,166.1157576160442,32.688991520764205,32.43165488188198,"plateau (c-control; c_red/cb 1.68e-03, c_sub/cb 9.3e-01)",c-control,32.688991520764205,0.001683948898987922,0.9272910815400583,0.5357686474570875,mixed,mixed,4.214394556601057,0.18338859846476277,0.9281840980478423,0.9288396333908943
"NHPI-mediated allylic C-H -> enone",NHPI,20.2,36.2,24.89082106442851,9.036450630709002,224.9246757065199,33.0,167.0,2.09e-9,2.09e-9,1.866e-9,2.0,1.0,1.0,18.382854552596687,19.760578608296157,166.1157576160442,32.688991520764205,32.43165488188198,"plateau (c-control; c_red/cb 1.68e-03, c_sub/cb 9.3e-01)",c-control,32.688991520764205,0.001683948898987922,0.9272910815400583,0.5357686474570875,mixed,mixed,4.586211255395847,0.19871745861542328,0.9124143884784292,0.9291157193185546
"NHPI-mediated allylic C-H -> enone",NHPI,20.2,36.2,24.89082106442851,9.036450630709002,224.9246757065199,33.0,167.0,2.09e-9,2.09e-9,1.866e-9,2.0,1.0,1.0,18.382854552596687,19.760578608296157,166.1157576160442,32.688991520764205,32.43165488188198,"plateau (c-control; c_red/cb 1.68e-03, c_sub/cb 9.3e-01)",c-control,32.688991520764205,0.001683948898987922,0.9272910815400583,0.5357686474570875,mixed,mixed,4.9588940364925955,0.21385939543290403,0.8967977725229066,0.9294134550847045
"NHPI-mediated allylic C-H -> enone",NHPI,20.2,36.2,24.89082106442851,9.036450630709002,224.9246757065199,33.0,167.0,2.09e-9,2.09e-9,1.866e-9,2.0,1.0,1.0,18.382854552596687,19.760578608296157,166.1157576160442,32.688991520764205,32.43165488188198,"plateau (c-control; c_red/cb 1.68e-03, c_sub/cb 9.3e-01)",c-control,32.688991520764205,0.001683948898987922,0.9272910815400583,0.5357686474570875,mixed,mixed,5.332444917279322,0.22881694915686906,0.8813322880525025,0.9297326345210362
"NHPI-mediated allylic C-H -> enone",NHPI,20.2,36.2,24.89082106442851,9.036450630709002,224.9246757065199,33.0,167.0,2.09e-9,2.09e-9,1.866e-9,2.0,1.0,1.0,18.382854552596687,19.760578608296157,166.1157576160442,32.688991520764205,32.43165488188198,"plateau (c-control; c_red/cb 1.68e-03, c_sub/cb 9.3e-01)",c-control,32.688991520764205,0.001683948898987922,0.9272910815400583,0.5357686474570875,mixed,mixed,5.7068659198432,0.24359263893507568,0.8660159765357688,0.9300730518828761
"NHPI-mediated allylic C-H -> enone",NHPI,20.2,36.2,24.89082106442851,9.036450630709002,224.9246757065199,33.0,167.0,2.09e-9,2.09e-9,1.866e-9,2.0,1.0,1.0,18.382854552596687,19.760578608296157,166.1157576160442,32.688991520764205,32.43165488188198,"plateau (c-control; c_red/cb 1.68e-03, c_sub/cb 9.3e-01)",c-control,32.688991520764205,0.001683948898987922,0.9272910815400583,0.5357686474570875,mixed,mixed,6.082159070981505,0.25818896364877936,0.8508468826846943,0.9304345018100845
"NHPI-mediated allylic C-H -> enone",NHPI,20.2,36.2,24.89082106442851,9.036450630709002,224.9246757065199,33.0,167.0,2.09e-9,2.09e-9,1.866e-9,2.0,1.0,1.0,18.382854552596687,19.760578608296157,166.1157576160442,32.688991520764205,32.43165488188198,"plateau (c-control; c_red/cb 1.68e-03, c_sub/cb 9.3e-01)",c-control,32.688991520764205,0.001683948898987922,0.9272910815400583,0.5357686474570875,mixed,mixed,6.458326402212584,0.2726084027220906,0.8358230540985356,0.9308167792876989
"NHPI-mediated allylic C-H -> enone",NHPI,20.2,36.2,24.89082106442851,9.036450630709002,224.9246757065199,33.0,167.0,2.09e-9,2.09e-9,1.866e-9,2.0,1.0,1.0,18.382854552596687,19.760578608296157,166.1157576160442,32.688991520764205,32.43165488188198,"plateau (c-control; c_red/cb 1.68e-03, c_sub/cb 9.3e-01)",c-control,32.688991520764205,0.001683948898987922,0.9272910815400583,0.5357686474570875,mixed,mixed,6.835369949786848,0.2868534169161902,0.8209425409051702,0.9312196796063047
"NHPI-mediated allylic C-H -> enone",NHPI,20.2,36.2,24.89082106442851,9.036450630709002,224.9246757065199,33.0,167.0,2.09e-9,2.09e-9,1.866e-9,2.0,1.0,1.0,18.382854552596687,19.760578608296157,166.1157576160442,32.688991520764205,32.43165488188198,"plateau (c-control; c_red/cb 1.68e-03, c_sub/cb 9.3e-01)",c-control,32.688991520764205,0.001683948898987922,0.9272910815400583,0.5357686474570875,mixed,mixed,7.213291754697807,0.30092644910927707,0.8062033953997642,0.931642998322109
"NHPI-mediated allylic C-H -> enone",NHPI,20.2,36.2,24.89082106442851,9.036450630709002,224.9246757065199,33.0,167.0,2.09e-9,2.09e-9,1.866e-9,2.0,1.0,1.0,18.382854552596687,19.760578608296157,166.1157576160442,32.688991520764205,32.43165488188198,"plateau (c-control; c_red/cb 1.68e-03, c_sub/cb 9.3e-01)",c-control,32.688991520764205,0.001683948898987922,0.9272910815400583,0.5357686474570875,mixed,mixed,7.592093862693105,0.31482992506309493,0.7916036716805525,0.932086531216697
"NHPI-mediated allylic C-H -> enone",NHPI,20.2,36.2,24.89082106442851,9.036450630709002,224.9246757065199,33.0,167.0,2.09e-9,2.09e-9,1.866e-9,2.0,1.0,1.0,18.382854552596687,19.760578608296157,166.1157576160442,32.688991520764205,32.43165488188198,"plateau (c-control; c_red/cb 1.68e-03, c_sub/cb 9.3e-01)",c-control,32.688991520764205,0.001683948898987922,0.9272910815400583,0.5357686474570875,mixed,mixed,7.971778324285597,0.3285662541768552,0.7771414252815103,0.9325500742564383
"NHPI-mediated allylic C-H -> enone",NHPI,20.2,36.2,24.89082106442851,9.036450630709002,224.9246757065199,33.0,167.0,2.09e-9,2.09e-9,1.866e-9,2.0,1.0,1.0,18.382854552596687,19.760578608296157,166.1157576160442,32.688991520764205,32.43165488188198,"plateau (c-control; c_red/cb 1.68e-03, c_sub/cb 9.3e-01)",c-control,32.688991520764205,0.001683948898987922,0.9272910815400583,0.5357686474570875,mixed,mixed,8.352347194764455,0.3421378302293499,0.7628147128017109,0.9330334235515374
"NHPI-mediated allylic C-H -> enone",NHPI,20.2,36.2,24.89082106442851,9.036450630709002,224.9246757065199,33.0,167.0,2.09e-9,2.09e-9,1.866e-9,2.0,1.0,1.0,18.382854552596687,19.760578608296157,166.1157576160442,32.688991520764205,32.43165488188198,"plateau (c-control; c_red/cb 1.68e-03, c_sub/cb 9.3e-01)",c-control,32.688991520764205,0.001683948898987922,0.9272910815400583,0.5357686474570875,mixed,mixed,8.733802534206292,0.3555470321100227,0.7486215915311362,0.9335363753146775
"NHPI-mediated allylic C-H -> enone",NHPI,20.2,36.2,24.89082106442851,9.036450630709002,224.9246757065199,33.0,167.0,2.09e-9,2.09e-9,1.866e-9,2.0,1.0,1.0,18.382854552596687,19.760578608296157,166.1157576160442,32.688991520764205,32.43165488188198,"plateau (c-control; c_red/cb 1.68e-03, c_sub/cb 9.3e-01)",c-control,32.688991520764205,0.001683948898987922,0.9272910815400583,0.5357686474570875,mixed,mixed,9.116146407486305,0.3687962245397434,0.734560119072728,0.9340587258192621
"NHPI-mediated allylic C-H -> enone",NHPI,20.2,36.2,24.89082106442851,9.036450630709002,224.9246757065199,33.0,167.0,2.09e-9,2.09e-9,1.866e-9,2.0,1.0,1.0,18.382854552596687,19.760578608296157,166.1157576160442,32.688991520764205,32.43165488188198,"plateau (c-control; c_red/cb 1.68e-03, c_sub/cb 9.3e-01)",c-control,32.688991520764205,0.001683948898987922,0.9272910815400583,0.5357686474570875,mixed,mixed,9.499380884289458,0.38188775878201486,0.7206283529604363,0.9346002713572054
"NHPI-mediated allylic C-H -> enone",NHPI,20.2,36.2,24.89082106442851,9.036450630709002,224.9246757065199,33.0,167.0,2.09e-9,2.09e-9,1.866e-9,2.0,1.0,1.0,18.382854552596687,19.760578608296157,166.1157576160442,32.688991520764205,32.43165488188198,"plateau (c-control; c_red/cb 1.68e-03, c_sub/cb 9.3e-01)",c-control,32.688991520764205,0.001683948898987922,0.9272910815400583,0.5357686474570875,mixed,mixed,9.883508039121692,0.39482397334531627,0.7068243502730357,0.9351608081962588
"NHPI-mediated allylic C-H -> enone",NHPI,20.2,36.2,24.89082106442851,9.036450630709002,224.9246757065199,33.0,167.0,2.09e-9,2.09e-9,1.866e-9,2.0,1.0,1.0,18.382854552596687,19.760578608296157,166.1157576160442,32.688991520764205,32.43165488188198,"plateau (c-control; c_red/cb 1.68e-03, c_sub/cb 9.3e-01)",c-control,32.688991520764205,0.001683948898987922,0.9272910815400583,0.5357686474570875,mixed,mixed,10.268529951321145,0.40760719467727013,0.6931461672434711,0.9357401325368386
"NHPI-mediated allylic C-H -> enone",NHPI,20.2,36.2,24.89082106442851,9.036450630709002,224.9246757065199,33.0,167.0,2.09e-9,2.09e-9,1.866e-9,2.0,1.0,1.0,18.382854552596687,19.760578608296157,166.1157576160442,32.688991520764205,32.43165488188198,"plateau (c-control; c_red/cb 1.68e-03, c_sub/cb 9.3e-01)",c-control,32.688991520764205,0.001683948898987922,0.9272910815400583,0.5357686474570875,mixed,mixed,10.654448705069415,0.42023973785130675,0.6795918588634802,0.9363380404683334
"NHPI-mediated allylic C-H -> enone",NHPI,20.2,36.2,24.89082106442851,9.036450630709002,224.9246757065199,33.0,167.0,2.09e-9,2.09e-9,1.866e-9,2.0,1.0,1.0,18.382854552596687,19.760578608296157,166.1157576160442,32.688991520764205,32.43165488188198,"plateau (c-control; c_red/cb 1.68e-03, c_sub/cb 9.3e-01)",c-control,32.688991520764205,0.001683948898987922,0.9272910815400583,0.5357686474570875,mixed,mixed,11.041266389402827,0.432723907246481,0.6661594784832415,0.9369543279248653
"NHPI-mediated allylic C-H -> enone",NHPI,20.2,36.2,24.89082106442851,9.036450630709002,224.9246757065199,33.0,167.0,2.09e-9,2.09e-9,1.866e-9,2.0,1.0,1.0,18.382854552596687,19.760578608296157,166.1157576160442,32.688991520764205,32.43165488188198,"plateau (c-control; c_red/cb 1.68e-03, c_sub/cb 9.3e-01)",c-control,32.688991520764205,0.001683948898987922,0.9272910815400583,0.5357686474570875,mixed,mixed,11.428985098223768,0.4450619972210829,0.6528470774057972,0.9375887906404646
"NHPI-mediated allylic C-H -> enone",NHPI,20.2,36.2,24.89082106442851,9.036450630709002,224.9246757065199,33.0,167.0,2.09e-9,2.09e-9,1.866e-9,2.0,1.0,1.0,18.382854552596687,19.760578608296157,166.1157576160442,32.688991520764205,32.43165488188198,"plateau (c-control; c_red/cb 1.68e-03, c_sub/cb 9.3e-01)",c-control,32.688991520764205,0.001683948898987922,0.9272910815400583,0.5357686474570875,mixed,mixed,11.817606930311998,0.4572562927806705,0.639652704475977,0.9382412241036426
"NHPI-mediated allylic C-H -> enone",NHPI,20.2,36.2,24.89082106442851,9.036450630709002,224.9246757065199,33.0,167.0,2.09e-9,2.09e-9,1.866e-9,2.0,1.0,1.0,18.382854552596687,19.760578608296157,166.1157576160442,32.688991520764205,32.43165488188198,"plateau (c-control; c_red/cb 1.68e-03, c_sub/cb 9.3e-01)",c-control,32.688991520764205,0.001683948898987922,0.9272910815400583,0.5357686474570875,mixed,mixed,12.20713398933602,0.46930907024114,0.6265744056635583,0.9389114235113246
"NHPI-mediated allylic C-H -> enone",NHPI,20.2,36.2,24.89082106442851,9.036450630709002,224.9246757065199,33.0,167.0,2.09e-9,2.09e-9,1.866e-9,2.0,1.0,1.0,18.382854552596687,19.760578608296157,166.1157576160442,32.688991520764205,32.43165488188198,"plateau (c-control; c_red/cb 1.68e-03, c_sub/cb 9.3e-01)",c-control,32.688991520764205,0.001683948898987922,0.9272910815400583,0.5357686474570875,mixed,mixed,12.597568383864465,0.4812225978874409,0.6136102236403862,0.9395991837221142
"NHPI-mediated allylic C-H -> enone",NHPI,20.2,36.2,24.89082106442851,9.036450630709002,224.9246757065199,33.0,167.0,2.09e-9,2.09e-9,1.866e-9,2.0,1.0,1.0,18.382854552596687,19.760578608296157,166.1157576160442,32.688991520764205,32.43165488188198,"plateau (c-control; c_red/cb 1.68e-03, c_sub/cb 9.3e-01)",c-control,32.688991520764205,0.001683948898987922,0.9272910815400583,0.5357686474570875,mixed,mixed,12.988912227377513,0.49299913662852635,0.6007581973511686,0.9403042992088569
"NHPI-mediated allylic C-H -> enone",NHPI,20.2,36.2,24.89082106442851,9.036450630709002,224.9246757065199,33.0,167.0,2.09e-9,2.09e-9,1.866e-9,2.0,1.0,1.0,18.382854552596687,19.760578608296157,166.1157576160442,32.688991520764205,32.43165488188198,"plateau (c-control; c_red/cb 1.68e-03, c_sub/cb 9.3e-01)",c-control,32.688991520764205,0.001683948898987922,0.9272910815400583,0.5357686474570875,mixed,mixed,13.381167638278322,0.5046409406491295,0.5880163615776545,0.9410265640104779
"NHPI-mediated allylic C-H -> enone",NHPI,20.2,36.2,24.89082106442851,9.036450630709002,224.9246757065199,33.0,167.0,2.09e-9,2.09e-9,1.866e-9,2.0,1.0,1.0,18.382854552596687,19.760578608296157,166.1157576160442,32.688991520764205,32.43165488188198,"plateau (c-control; c_red/cb 1.68e-03, c_sub/cb 9.3e-01)",c-control,32.688991520764205,0.001683948898987922,0.9272910815400583,0.5357686474570875,mixed,mixed,13.77433673990451,0.5161502580589375,0.5753827464959034,0.9417657716830438
"NHPI-mediated allylic C-H -> enone",NHPI,20.2,36.2,24.89082106442851,9.036450630709002,224.9246757065199,33.0,167.0,2.09e-9,2.09e-9,1.866e-9,2.0,1.0,1.0,18.382854552596687,19.760578608296157,166.1157576160442,32.688991520764205,32.43165488188198,"plateau (c-control; c_red/cb 1.68e-03, c_sub/cb 9.3e-01)",c-control,32.688991520764205,0.001683948898987922,0.9272910815400583,0.5357686474570875,mixed,mixed,14.168421660539627,0.5275293315397388,0.5628553772263339,0.9425217152500375
"NHPI-mediated allylic C-H -> enone",NHPI,20.2,36.2,24.89082106442851,9.036450630709002,224.9246757065199,33.0,167.0,2.09e-9,2.09e-9,1.866e-9,2.0,1.0,1.0,18.382854552596687,19.760578608296157,166.1157576160442,32.688991520764205,32.43165488188198,"plateau (c-control; c_red/cb 1.68e-03, c_sub/cb 9.3e-01)",c-control,32.688991520764205,0.001683948898987922,0.9272910815400583,0.5357686474570875,mixed,mixed,14.563424533424703,0.5387803989910989,0.5504322733762497,0.9432941871517935
"NHPI-mediated allylic C-H -> enone",NHPI,20.2,36.2,24.89082106442851,9.036450630709002,224.9246757065199,33.0,167.0,2.09e-9,2.09e-9,1.866e-9,2.0,1.0,1.0,18.382854552596687,19.760578608296157,166.1157576160442,32.688991520764205,32.43165488188198,"plateau (c-control; c_red/cb 1.68e-03, c_sub/cb 9.3e-01)",c-control,32.688991520764205,0.001683948898987922,0.9272910815400583,0.5357686474570875,mixed,mixed,14.959347496769777,0.5499056941751305,0.5381114485745081,0.9440829791940634
"NHPI-mediated allylic C-H -> enone",NHPI,20.2,36.2,24.89082106442851,9.036450630709002,224.9246757065199,33.0,167.0,2.09e-9,2.09e-9,1.866e-9,2.0,1.0,1.0,18.382854552596687,19.760578608296157,166.1157576160442,32.688991520764205,32.43165488188198,"plateau (c-control; c_red/cb 1.68e-03, c_sub/cb 9.3e-01)",c-control,32.688991520764205,0.001683948898987922,0.9272910815400583,0.5357686474570875,mixed,mixed,15.356192693765472,0.5609074473609031,0.5258909099980194,0.9448878824956863
"NHPI-mediated allylic C-H -> enone",NHPI,20.2,36.2,24.89082106442851,9.036450630709002,224.9246757065199,33.0,167.0,2.09e-9,2.09e-9,1.866e-9,2.0,1.0,1.0,18.382854552596687,19.760578608296157,166.1157576160442,32.688991520764205,32.43165488188198,"plateau (c-control; c_red/cb 1.68e-03, c_sub/cb 9.3e-01)",c-control,32.688991520764205,0.001683948898987922,0.9272910815400583,0.5357686474570875,mixed,mixed,15.753962272594604,0.5717878859690456,0.5137686578897283,0.945708687435302
"NHPI-mediated allylic C-H -> enone",NHPI,20.2,36.2,24.89082106442851,9.036450630709002,224.9246757065199,33.0,167.0,2.09e-9,2.09e-9,1.866e-9,2.0,1.0,1.0,18.382854552596687,19.760578608296157,166.1157576160442,32.688991520764205,32.43165488188198,"plateau (c-control; c_red/cb 1.68e-03, c_sub/cb 9.3e-01)",c-control,32.688991520764205,0.001683948898987922,0.9272910815400583,0.5357686474570875,mixed,mixed,16.15265838644381,0.5825492352170787,0.5017426850677389,0.946545183597099
"NHPI-mediated allylic C-H -> enone",NHPI,20.2,36.2,24.89082106442851,9.036450630709002,224.9246757065199,33.0,167.0,2.09e-9,2.09e-9,1.866e-9,2.0,1.0,1.0,18.382854552596687,19.760578608296157,166.1157576160442,32.688991520764205,32.43165488188198,"plateau (c-control; c_red/cb 1.68e-03, c_sub/cb 9.3e-01)",c-control,32.688991520764205,0.001683948898987922,0.9272910815400583,0.5357686474570875,mixed,mixed,16.552283193515198,0.5931937187660287,0.4898109764252252,0.9473971597155336
"NHPI-mediated allylic C-H -> enone",NHPI,20.2,36.2,24.89082106442851,9.036450630709002,224.9246757065199,33.0,167.0,2.09e-9,2.09e-9,1.866e-9,2.0,1.0,1.0,18.382854552596687,19.760578608296157,166.1157576160442,32.688991520764205,32.43165488188198,"plateau (c-control; c_red/cb 1.68e-03, c_sub/cb 9.3e-01)",c-control,32.688991520764205,0.001683948898987922,0.9272910815400583,0.5357686474570875,mixed,mixed,16.952838857038028,0.6037235593688518,0.477971508420769,0.9482644036189933
"NHPI-mediated allylic C-H -> enone",NHPI,20.2,36.2,24.89082106442851,9.036450630709002,224.9246757065199,33.0,167.0,2.09e-9,2.09e-9,1.866e-9,2.0,1.0,1.0,18.382854552596687,19.760578608296157,166.1157576160442,32.688991520764205,32.43165488188198,"plateau (c-control; c_red/cb 1.68e-03, c_sub/cb 9.3e-01)",c-control,32.688991520764205,0.001683948898987922,0.9272910815400583,0.5357686474570875,mixed,mixed,17.354327545280437,0.6141409795212156,0.46622224855874733,0.9491467021723597
"NHPI-mediated allylic C-H -> enone",NHPI,20.2,36.2,24.89082106442851,9.036450630709002,224.9246757065199,33.0,167.0,2.09e-9,2.09e-9,1.866e-9,2.0,1.0,1.0,18.382854552596687,19.760578608296157,166.1157576160442,32.688991520764205,32.43165488188198,"plateau (c-control; c_red/cb 1.68e-03, c_sub/cb 9.3e-01)",c-control,32.688991520764205,0.001683948898987922,0.9272910815400583,0.5357686474570875,mixed,mixed,17.75675143156115,0.6244482021151674,0.45456115485939186,0.9500438412184234
"NHPI-mediated allylic C-H -> enone",NHPI,20.2,36.2,24.89082106442851,9.036450630709002,224.9246757065199,33.0,167.0,2.09e-9,2.09e-9,1.866e-9,2.0,1.0,1.0,18.382854552596687,19.760578608296157,166.1157576160442,32.688991520764205,32.43165488188198,"plateau (c-control; c_red/cb 1.68e-03, c_sub/cb 9.3e-01)",c-control,32.688991520764205,0.001683948898987922,0.9272910815400583,0.5357686474570875,mixed,mixed,18.160112694261272,0.6346474510962319,0.44298617531812323,0.9509556055181224
"NHPI-mediated allylic C-H -> enone",NHPI,20.2,36.2,24.89082106442851,9.036450630709002,224.9246757065199,33.0,167.0,2.09e-9,2.09e-9,1.866e-9,2.0,1.0,1.0,18.382854552596687,19.760578608296157,166.1157576160442,32.688991520764205,32.43165488188198,"plateau (c-control; c_red/cb 1.68e-03, c_sub/cb 9.3e-01)",c-control,32.688991520764205,0.001683948898987922,0.9272910815400583,0.5357686474570875,mixed,mixed,18.564413516836066,0.644740952124473,0.43149524735376377,0.9518817786895395
"NHPI-mediated allylic C-H -> enone",NHPI,20.2,36.2,24.89082106442851,9.036450630709002,224.9246757065199,33.0,167.0,2.09e-9,2.09e-9,1.866e-9,2.0,1.0,1.0,18.382854552596687,19.760578608296157,166.1157576160442,32.688991520764205,32.43165488188198,"plateau (c-control; c_red/cb 1.68e-03, c_sub/cb 9.3e-01)",c-control,32.688991520764205,0.001683948898987922,0.9272910815400583,0.5357686474570875,mixed,mixed,18.96965608782677,0.654730933240058,0.42008629724520746,0.9528221431456291
"NHPI-mediated allylic C-H -> enone",NHPI,20.2,36.2,24.89082106442851,9.036450630709002,224.9246757065199,33.0,167.0,2.09e-9,2.09e-9,1.866e-9,2.0,1.0,1.0,18.382854552596687,19.760578608296157,166.1157576160442,32.688991520764205,32.43165488188198,"plateau (c-control; c_red/cb 1.68e-03, c_sub/cb 9.3e-01)",c-control,32.688991520764205,0.001683948898987922,0.9272910815400583,0.5357686474570875,mixed,mixed,19.375842600872453,0.6646196255338668,0.4087572395561314,0.9537764800306154
"NHPI-mediated allylic C-H -> enone",NHPI,20.2,36.2,24.89082106442851,9.036450630709002,224.9246757065199,33.0,167.0,2.09e-9,2.09e-9,1.866e-9,2.0,1.0,1.0,18.382854552596687,19.760578608296157,166.1157576160442,32.688991520764205,32.43165488188198,"plateau (c-control; c_red/cb 1.68e-03, c_sub/cb 9.3e-01)",c-control,32.688991520764205,0.001683948898987922,0.9272910815400583,0.5357686474570875,mixed,mixed,19.782975254721876,0.6744092638236845,0.39750597654730613,0.9547445691550251
"NHPI-mediated allylic C-H -> enone",NHPI,20.2,36.2,24.89082106442851,9.036450630709002,224.9246757065199,33.0,167.0,2.09e-9,2.09e-9,1.866e-9,2.0,1.0,1.0,18.382854552596687,19.760578608296157,166.1157576160442,32.688991520764205,32.43165488188198,"plateau (c-control; c_red/cb 1.68e-03, c_sub/cb 9.3e-01)",c-control,32.688991520764205,0.001683948898987922,0.9272910815400583,0.5357686474570875,mixed,mixed,20.191056253245414,0.6841020873365282,0.3863303975760592,0.9557261889292943
"NHPI-mediated allylic C-H -> enone",NHPI,20.2,36.2,24.89082106442851,9.036450630709002,224.9246757065199,33.0,167.0,2.09e-9,2.09e-9,1.866e-9,2.0,1.0,1.0,18.382854552596687,19.760578608296157,166.1157576160442,32.688991520764205,32.43165488188198,"plateau (c-control; c_red/cb 1.68e-03, c_sub/cb 9.3e-01)",c-control,32.688991520764205,0.001683948898987922,0.9272910815400583,0.5357686474570875,mixed,mixed,20.600087805446968,0.6937003403976515,0.37522837848243656,0.9567211162959001
"NHPI-mediated allylic C-H -> enone",NHPI,20.2,36.2,24.89082106442851,9.036450630709002,224.9246757065199,33.0,167.0,2.09e-9,2.09e-9,1.866e-9,2.0,1.0,1.0,18.382854552596687,19.760578608296157,166.1157576160442,32.688991520764205,32.43165488188198,"plateau (c-control; c_red/cb 1.68e-03, c_sub/cb 9.3e-01)",c-control,32.688991520764205,0.001683948898987922,0.9272910815400583,0.5357686474570875,mixed,mixed,21.010072125475926,0.7032062731267835,0.36419778096158417,0.9577291266599787
"NHPI-mediated allylic C-H -> enone",NHPI,20.2,36.2,24.89082106442851,9.036450630709002,224.9246757065199,33.0,167.0,2.09e-9,2.09e-9,1.866e-9,2.0,1.0,1.0,18.382854552596687,19.760578608296157,166.1157576160442,32.688991520764205,32.43165488188198,"plateau (c-control; c_red/cb 1.68e-03, c_sub/cb 9.3e-01)",c-control,32.688991520764205,0.001683948898987922,0.9272910815400583,0.5357686474570875,mixed,mixed,21.421011432639155,0.7126221421421572,0.3532364519218674,0.9587499938183512
"NHPI-mediated allylic C-H -> enone",NHPI,20.2,36.2,24.89082106442851,9.036450630709002,224.9246757065199,33.0,167.0,2.09e-9,2.09e-9,1.866e-9,2.0,1.0,1.0,18.382854552596687,19.760578608296157,166.1157576160442,32.688991520764205,32.43165488188198,"plateau (c-control; c_red/cb 1.68e-03, c_sub/cb 9.3e-01)",c-control,32.688991520764205,0.001683948898987922,0.9272910815400583,0.5357686474570875,mixed,mixed,21.83290795141302,0.7219502112728928,0.34234222282823196,0.9597834898869275
"NHPI-mediated allylic C-H -> enone",NHPI,20.2,36.2,24.89082106442851,9.036450630709002,224.9246757065199,33.0,167.0,2.09e-9,2.09e-9,1.866e-9,2.0,1.0,1.0,18.382854552596687,19.760578608296157,166.1157576160442,32.688991520764205,32.43165488188198,"plateau (c-control; c_red/cb 1.68e-03, c_sub/cb 9.3e-01)",c-control,32.688991520764205,0.001683948898987922,0.9272910815400583,0.5357686474570875,mixed,mixed,22.245763911455402,0.7311927522803005,0.3315129090302922,0.9608293852264155
"NHPI-mediated allylic C-H -> enone",NHPI,20.2,36.2,24.89082106442851,9.036450630709002,224.9246757065199,33.0,167.0,2.09e-9,2.09e-9,1.866e-9,2.0,1.0,1.0,18.382854552596687,19.760578608296157,166.1157576160442,32.688991520764205,32.43165488188198,"plateau (c-control; c_red/cb 1.68e-03, c_sub/cb 9.3e-01)",c-control,32.688991520764205,0.001683948898987922,0.9272910815400583,0.5357686474570875,mixed,mixed,22.659581547617787,0.7403520455886803,0.32074630907462315,0.9618874483662812
"NHPI-mediated allylic C-H -> enone",NHPI,20.2,36.2,24.89082106442851,9.036450630709002,224.9246757065199,33.0,167.0,2.09e-9,2.09e-9,1.866e-9,2.0,1.0,1.0,18.382854552596687,19.760578608296157,166.1157576160442,32.688991520764205,32.43165488188198,"plateau (c-control; c_red/cb 1.68e-03, c_sub/cb 9.3e-01)",c-control,32.688991520764205,0.001683948898987922,0.9272910815400583,0.5357686474570875,mixed,mixed,23.07436309995737,0.7494303810262012,0.31004020400071547,0.9629574459269041
"NHPI-mediated allylic C-H -> enone",NHPI,20.2,36.2,24.89082106442851,9.036450630709002,224.9246757065199,33.0,167.0,2.09e-9,2.09e-9,1.866e-9,2.0,1.0,1.0,18.382854552596687,19.760578608296157,166.1157576160442,32.688991520764205,32.43165488188198,"plateau (c-control; c_red/cb 1.68e-03, c_sub/cb 9.3e-01)",c-control,32.688991520764205,0.001683948898987922,0.9272910815400583,0.5357686474570875,mixed,mixed,23.490110813749155,0.7584300585764435,0.2993923566200385,0.9640391425398628
"NHPI-mediated allylic C-H -> enone",NHPI,20.2,36.2,24.89082106442851,9.036450630709002,224.9246757065199,33.0,167.0,2.09e-9,2.09e-9,1.866e-9,2.0,1.0,1.0,18.382854552596687,19.760578608296157,166.1157576160442,32.688991520764205,32.43165488188198,"plateau (c-control; c_red/cb 1.68e-03, c_sub/cb 9.3e-01)",c-control,32.688991520764205,0.001683948898987922,0.9272910815400583,0.5357686474570875,mixed,mixed,23.906826939498124,0.7673533891412069,0.28880051077764235,0.9651323007662849
"NHPI-mediated allylic C-H -> enone",NHPI,20.2,36.2,24.89082106442851,9.036450630709002,224.9246757065199,33.0,167.0,2.09e-9,2.09e-9,1.866e-9,2.0,1.0,1.0,18.382854552596687,19.760578608296157,166.1157576160442,32.688991520764205,32.43165488188198,"plateau (c-control; c_red/cb 1.68e-03, c_sub/cb 9.3e-01)",c-control,32.688991520764205,0.001683948898987922,0.9272910815400583,0.5357686474570875,mixed,mixed,24.324513732951424,0.7762026953151854,0.2782623905957115,0.966236681013208
"NHPI-mediated allylic C-H -> enone",NHPI,20.2,36.2,24.89082106442851,9.036450630709002,224.9246757065199,33.0,167.0,2.09e-9,2.09e-9,1.866e-9,2.0,1.0,1.0,18.382854552596687,19.760578608296157,166.1157576160442,32.688991520764205,32.43165488188198,"plateau (c-control; c_red/cb 1.68e-03, c_sub/cb 9.3e-01)",c-control,32.688991520764205,0.001683948898987922,0.9272910815400583,0.5357686474570875,mixed,mixed,24.743173455110576,0.7849803121731254,0.26777569969847015,0.9673520414478654
"NHPI-mediated allylic C-H -> enone",NHPI,20.2,36.2,24.89082106442851,9.036450630709002,224.9246757065199,33.0,167.0,2.09e-9,2.09e-9,1.866e-9,2.0,1.0,1.0,18.382854552596687,19.760578608296157,166.1157576160442,32.688991520764205,32.43165488188198,"plateau (c-control; c_red/cb 1.68e-03, c_sub/cb 9.3e-01)",c-control,32.688991520764205,0.001683948898987922,0.9272910815400583,0.5357686474570875,mixed,mixed,25.1628083722437,0.7936885880700884,0.2573381204178191,0.9684781379098497
"NHPI-mediated allylic C-H -> enone",NHPI,20.2,36.2,24.89082106442851,9.036450630709002,224.9246757065199,33.0,167.0,2.09e-9,2.09e-9,1.866e-9,2.0,1.0,1.0,18.382854552596687,19.760578608296157,166.1157576160442,32.688991520764205,32.43165488188198,"plateau (c-control; c_red/cb 1.68e-03, c_sub/cb 9.3e-01)",c-control,32.688991520764205,0.001683948898987922,0.9272910815400583,0.5357686474570875,mixed,mixed,25.583420755897805,0.802329885455455,0.24694731297906852,0.9696147238210723
"NHPI-mediated allylic C-H -> enone",NHPI,20.2,36.2,24.89082106442851,9.036450630709002,224.9246757065199,33.0,167.0,2.09e-9,2.09e-9,1.866e-9,2.0,1.0,1.0,18.382854552596687,19.760578608296157,166.1157576160442,32.688991520764205,32.43165488188198,"plateau (c-control; c_red/cb 1.68e-03, c_sub/cb 9.3e-01)",c-control,32.688991520764205,0.001683948898987922,0.9272910815400583,0.5357686474570875,mixed,mixed,26.00501288291106,0.8109065817013126,0.23660091466611383,0.97076155009344
"NHPI-mediated allylic C-H -> enone",NHPI,20.2,36.2,24.89082106442851,9.036450630709002,224.9246757065199,33.0,167.0,2.09e-9,2.09e-9,1.866e-9,2.0,1.0,1.0,18.382854552596687,19.760578608296157,166.1157576160442,32.688991520764205,32.43165488188198,"plateau (c-control; c_red/cb 1.68e-03, c_sub/cb 9.3e-01)",c-control,32.688991520764205,0.001683948898987922,0.9272910815400583,0.5357686474570875,mixed,mixed,26.427587035425148,0.8194210699458788,0.2262965389653825,0.9719183650341959
"NHPI-mediated allylic C-H -> enone",NHPI,20.2,36.2,24.89082106442851,9.036450630709002,224.9246757065199,33.0,167.0,2.09e-9,2.09e-9,1.866e-9,2.0,1.0,1.0,18.382854552596687,19.760578608296157,166.1157576160442,32.688991520764205,32.43165488188198,"plateau (c-control; c_red/cb 1.68e-03, c_sub/cb 9.3e-01)",c-control,32.688991520764205,0.001683948898987922,0.9272910815400583,0.5357686474570875,mixed,mixed,26.851145500897598,0.8278757599526365,0.21603177468786172,0.9730849142488219
"NHPI-mediated allylic C-H -> enone",NHPI,20.2,36.2,24.89082106442851,9.036450630709002,224.9246757065199,33.0,167.0,2.09e-9,2.09e-9,1.866e-9,2.0,1.0,1.0,18.382854552596687,19.760578608296157,166.1157576160442,32.688991520764205,32.43165488188198,"plateau (c-control; c_red/cb 1.68e-03, c_sub/cb 9.3e-01)",c-control,32.688991520764205,0.001683948898987922,0.9272910815400583,0.5357686474570875,mixed,mixed,27.27569057211416,0.8362730789858515,0.20580418506849818,0.9742609405414441
"NHPI-mediated allylic C-H -> enone",NHPI,20.2,36.2,24.89082106442851,9.036450630709002,224.9246757065199,33.0,167.0,2.09e-9,2.09e-9,1.866e-9,2.0,1.0,1.0,18.382854552596687,19.760578608296157,166.1157576160442,32.688991520764205,32.43165488188198,"plateau (c-control; c_red/cb 1.68e-03, c_sub/cb 9.3e-01)",c-control,32.688991520764205,0.001683948898987922,0.9272910815400583,0.5357686474570875,mixed,mixed,27.701224547201253,0.8446154727031665,0.19561130684223854,0.9754461838126562
"NHPI-mediated allylic C-H -> enone",NHPI,20.2,36.2,24.89082106442851,9.036450630709002,224.9246757065199,33.0,167.0,2.09e-9,2.09e-9,1.866e-9,2.0,1.0,1.0,18.382854552596687,19.760578608296157,166.1157576160442,32.688991520764205,32.43165488188198,"plateau (c-control; c_red/cb 1.68e-03, c_sub/cb 9.3e-01)",c-control,32.688991520764205,0.001683948898987922,0.9272910815400583,0.5357686474570875,mixed,mixed,28.12774972963836,0.8529054060659801,0.18545064929596428,0.9766403809546665
"NHPI-mediated allylic C-H -> enone",NHPI,20.2,36.2,24.89082106442851,9.036450630709002,224.9246757065199,33.0,167.0,2.09e-9,2.09e-9,1.866e-9,2.0,1.0,1.0,18.382854552596687,19.760578608296157,166.1157576160442,32.688991520764205,32.43165488188198,"plateau (c-control; c_red/cb 1.68e-03, c_sub/cb 9.3e-01)",c-control,32.688991520764205,0.001683948898987922,0.9272910815400583,0.5357686474570875,mixed,mixed,28.55526842827053,0.8611453642683283,0.1753196932955476,0.9778432657436995
"NHPI-mediated allylic C-H -> enone",NHPI,20.2,36.2,24.89082106442851,9.036450630709002,224.9246757065199,33.0,167.0,2.09e-9,2.09e-9,1.866e-9,2.0,1.0,1.0,18.382854552596687,19.760578608296157,166.1157576160442,32.688991520764205,32.43165488188198,"plateau (c-control; c_red/cb 1.68e-03, c_sub/cb 9.3e-01)",c-control,32.688991520764205,0.001683948898987922,0.9272910815400583,0.5357686474570875,mixed,mixed,28.98378295732087,0.8693378536849997,0.1652158902872379,0.9790545687295528
"NHPI-mediated allylic C-H -> enone",NHPI,20.2,36.2,24.89082106442851,9.036450630709002,224.9246757065199,33.0,167.0,2.09e-9,2.09e-9,1.866e-9,2.0,1.0,1.0,18.382854552596687,19.760578608296157,166.1157576160442,32.688991520764205,32.43165488188198,"plateau (c-control; c_red/cb 1.68e-03, c_sub/cb 9.3e-01)",c-control,32.688991520764205,0.001683948898987922,0.9272910815400583,0.5357686474570875,mixed,mixed,29.41329563640305,0.8774854028396362,0.15513666127256576,0.980274017122226
"NHPI-mediated allylic C-H -> enone",NHPI,20.2,36.2,24.89082106442851,9.036450630709002,224.9246757065199,33.0,167.0,2.09e-9,2.09e-9,1.866e-9,2.0,1.0,1.0,18.382854552596687,19.760578608296157,166.1157576160442,32.688991520764205,32.43165488188198,"plateau (c-control; c_red/cb 1.68e-03, c_sub/cb 9.3e-01)",c-control,32.688991520764205,0.001683948898987922,0.9272910815400583,0.5357686474570875,mixed,mixed,29.843808790533892,0.8855905633935803,0.14507939575592582,0.9815013346755254
"NHPI-mediated allylic C-H -> enone",NHPI,20.2,36.2,24.89082106442851,9.036450630709002,224.9246757065199,33.0,167.0,2.09e-9,2.09e-9,1.866e-9,2.0,1.0,1.0,18.382854552596687,19.760578608296157,166.1157576160442,32.688991520764205,32.43165488188198,"plateau (c-control; c_red/cb 1.68e-03, c_sub/cb 9.3e-01)",c-control,32.688991520764205,0.001683948898987922,0.9272910815400583,0.5357686474570875,mixed,mixed,30.275324750145934,0.8936559111562559,0.1350414506639807,0.9827362415675526
"NHPI-mediated allylic C-H -> enone",NHPI,20.2,36.2,24.89082106442851,9.036450630709002,224.9246757065199,33.0,167.0,2.09e-9,2.09e-9,1.866e-9,2.0,1.0,1.0,18.382854552596687,19.760578608296157,166.1157576160442,32.688991520764205,32.43165488188198,"plateau (c-control; c_red/cb 1.68e-03, c_sub/cb 9.3e-01)",c-control,32.688991520764205,0.001683948898987922,0.9272910815400583,0.5357686474570875,mixed,mixed,30.707845851100046,0.9016840471178668,0.12502014923600163,0.9839784542779701
"NHPI-mediated allylic C-H -> enone",NHPI,20.2,36.2,24.89082106442851,9.036450630709002,224.9246757065199,33.0,167.0,2.09e-9,2.09e-9,1.866e-9,2.0,1.0,1.0,18.382854552596687,19.760578608296157,166.1157576160442,32.688991520764205,32.43165488188198,"plateau (c-control; c_red/cb 1.68e-03, c_sub/cb 9.3e-01)",c-control,32.688991520764205,0.001683948898987922,0.9272910815400583,0.5357686474570875,mixed,mixed,31.141374434698097,0.9096775985052414,0.11501277988423686,0.985227685461958
"NHPI-mediated allylic C-H -> enone",NHPI,20.2,36.2,24.89082106442851,9.036450630709002,224.9246757065199,33.0,167.0,2.09e-9,2.09e-9,1.866e-9,2.0,1.0,1.0,18.382854552596687,19.760578608296157,166.1157576160442,32.688991520764205,32.43165488188198,"plateau (c-control; c_red/cb 1.68e-03, c_sub/cb 9.3e-01)",c-control,32.688991520764205,0.001683948898987922,0.9272910815400583,0.5357686474570875,mixed,mixed,31.575912847695587,0.9176392198616454,0.10501659502337678,0.9864836438207499
"NHPI-mediated allylic C-H -> enone",NHPI,20.2,36.2,24.89082106442851,9.036450630709002,224.9246757065199,33.0,167.0,2.09e-9,2.09e-9,1.866e-9,2.0,1.0,1.0,18.382854552596687,19.760578608296157,166.1157576160442,32.688991520764205,32.43165488188198,"plateau (c-control; c_red/cb 1.68e-03, c_sub/cb 9.3e-01)",c-control,32.688991520764205,0.001683948898987922,0.9272910815400583,0.5357686474570875,mixed,mixed,32.011463442314394,0.9255715941514169,0.0950288098681541,0.9877460339686358
"NHPI-mediated allylic C-H -> enone",NHPI,20.2,36.2,24.89082106442851,9.036450630709002,224.9246757065199,33.0,167.0,2.09e-9,2.09e-9,1.866e-9,2.0,1.0,1.0,18.382854552596687,19.760578608296157,166.1157576160442,32.688991520764205,32.43165488188198,"plateau (c-control; c_red/cb 1.68e-03, c_sub/cb 9.3e-01)",c-control,32.688991520764205,0.001683948898987922,0.9272910815400583,0.5357686474570875,mixed,mixed,32.44802857625548,0.933477433890289,0.0850466011980951,0.9890145562963409
"NHPI-mediated allylic C-H -> enone",NHPI,20.2,36.2,24.89082106442851,9.036450630709002,224.9246757065199,33.0,167.0,2.09e-9,2.09e-9,1.866e-9,2.0,1.0,1.0,18.382854552596687,19.760578608296157,166.1157576160442,32.688991520764205,32.43165488188198,"plateau (c-control; c_red/cb 1.68e-03, c_sub/cb 9.3e-01)",c-control,32.688991520764205,0.001683948898987922,0.9272910815400583,0.5357686474570875,mixed,mixed,32.88561061271166,0.9413594823022987,0.07506710608840969,0.9902889068306471
"NHPI-mediated allylic C-H -> enone",NHPI,20.2,36.2,24.89082106442851,9.036450630709002,224.9246757065199,33.0,167.0,2.09e-9,2.09e-9,1.866e-9,2.0,1.0,1.0,18.382854552596687,19.760578608296157,166.1157576160442,32.688991520764205,32.43165488188198,"plateau (c-control; c_red/cb 1.68e-03, c_sub/cb 9.3e-01)",c-control,32.688991520764205,0.001683948898987922,0.9272910815400583,0.5357686474570875,mixed,mixed,33.32421192038039,0.9492205145041734,0.06508742060597739,0.9915687770901593
"NHPI-mediated allylic C-H -> enone",NHPI,20.2,36.2,24.89082106442851,9.036450630709002,224.9246757065199,33.0,167.0,2.09e-9,2.09e-9,1.866e-9,2.0,1.0,1.0,18.382854552596687,19.760578608296157,166.1157576160442,32.688991520764205,32.43165488188198,"plateau (c-control; c_red/cb 1.68e-03, c_sub/cb 9.3e-01)",c-control,32.688991520764205,0.001683948898987922,0.9272910815400583,0.5357686474570875,mixed,mixed,33.76383487347661,0.957063338718145,0.05510459846936337,0.9928538539370859
"NHPI-mediated allylic C-H -> enone",NHPI,20.2,36.2,24.89082106442851,9.036450630709002,224.9246757065199,33.0,167.0,2.09e-9,2.09e-9,1.866e-9,2.0,1.0,1.0,18.382854552596687,19.760578608296157,166.1157576160442,32.688991520764205,32.43165488188198,"plateau (c-control; c_red/cb 1.68e-03, c_sub/cb 9.3e-01)",c-control,32.688991520764205,0.001683948898987922,0.9272910815400583,0.5357686474570875,mixed,mixed,34.204481851745584,0.964890797514123,0.045115649671763465,0.994143819424923
"NHPI-mediated allylic C-H -> enone",NHPI,20.2,36.2,24.89082106442851,9.036450630709002,224.9246757065199,33.0,167.0,2.09e-9,2.09e-9,1.866e-9,2.0,1.0,1.0,18.382854552596687,19.760578608296157,166.1157576160442,32.688991520764205,32.43165488188198,"plateau (c-control; c_red/cb 1.68e-03, c_sub/cb 9.3e-01)",c-control,32.688991520764205,0.001683948898987922,0.9272910815400583,0.5357686474570875,mixed,mixed,34.64615524047574,0.9727057690822126,0.035117539065752934,0.9954383506419051
"NHPI-mediated allylic C-H -> enone",NHPI,20.2,36.2,24.89082106442851,9.036450630709002,224.9246757065199,33.0,167.0,2.09e-9,2.09e-9,1.866e-9,2.0,1.0,1.0,18.382854552596687,19.760578608296157,166.1157576160442,32.688991520764205,32.43165488188198,"plateau (c-control; c_red/cb 1.68e-03, c_sub/cb 9.3e-01)",c-control,32.688991520764205,0.001683948898987922,0.9272910815400583,0.5357686474570875,mixed,mixed,35.08885743051166,0.9805111685365673,0.02510718490867639,0.9967371195501085
"NHPI-mediated allylic C-H -> enone",NHPI,20.2,36.2,24.89082106442851,9.036450630709002,224.9246757065199,33.0,167.0,2.09e-9,2.09e-9,1.866e-9,2.0,1.0,1.0,18.382854552596687,19.760578608296157,166.1157576160442,32.688991520764205,32.43165488188198,"plateau (c-control; c_red/cb 1.68e-03, c_sub/cb 9.3e-01)",c-control,32.688991520764205,0.001683948898987922,0.9272910815400583,0.5357686474570875,mixed,mixed,35.532590818266975,0.9883099492515904,0.015081457367491714,0.9980397928200577
"NHPI-mediated allylic C-H -> enone",NHPI,20.2,36.2,24.89082106442851,9.036450630709002,224.9246757065199,33.0,167.0,2.09e-9,2.09e-9,1.866e-9,2.0,1.0,1.0,18.382854552596687,19.760578608296157,166.1157576160442,32.688991520764205,32.43165488188198,"plateau (c-control; c_red/cb 1.68e-03, c_sub/cb 9.3e-01)",c-control,32.688991520764205,0.001683948898987922,0.9272910815400583,0.5357686474570875,mixed,mixed,35.97735780573732,0.9961051042315351,0.005037176981846661,0.9993460316607201
"Br- oxidation / electrophilic bromination",Bromination,22800.0,36.2,1.2571904773411902,0.12544494230769232,0.15770818689984578,250.0,33.3,2.08e-9,1.2e-9,9.7945e-10,2.0,1.0,0.5,138.5977144751381,276.8325696854756,17.386382296311712,289.1437828711966,289.08587634332304,"plateau (c-control; c_red/cb 1.67e-03, c_sub/cb 3.1e-30)",c-control,289.1437828711966,0.0016693221669559048,3.0535840897755417e-30,0.6461555001430845,substrate-limited,substrate-limited,0.012571904773411973,0.0016693288442445726,1.698710829936642,3.0535840897755417e-30
"Br- oxidation / electrophilic bromination",Bromination,22800.0,36.2,1.2571904773411902,0.12544494230769232,0.15770818689984578,250.0,33.3,2.08e-9,1.2e-9,9.7945e-10,2.0,1.0,0.5,138.5977144751381,276.8325696854756,17.386382296311712,289.1437828711966,289.08587634332304,"plateau (c-control; c_red/cb 1.67e-03, c_sub/cb 3.1e-30)",c-control,289.1437828711966,0.0016693221669559048,3.0535840897755417e-30,0.6461555001430845,substrate-limited,substrate-limited,0.038325025516931385,0.00241140604337859,1.6974245627914764,3.0731312137442953e-30
"Br- oxidation / electrophilic bromination",Bromination,22800.0,36.2,1.2571904773411902,0.12544494230769232,0.15770818689984578,250.0,33.3,2.08e-9,1.2e-9,9.7945e-10,2.0,1.0,0.5,138.5977144751381,276.8325696854756,17.386382296311712,289.1437828711966,289.08587634332304,"plateau (c-control; c_red/cb 1.67e-03, c_sub/cb 3.1e-30)",c-control,289.1437828711966,0.0016693221669559048,3.0535840897755417e-30,0.6461555001430845,substrate-limited,substrate-limited,0.06532629959136549,0.0031894488304162814,1.6960759552939448,3.1152346722913477e-30
"Br- oxidation / electrophilic bromination",Bromination,22800.0,36.2,1.2571904773411902,0.12544494230769232,0.15770818689984578,250.0,33.3,2.08e-9,1.2e-9,9.7945e-10,2.0,1.0,0.5,138.5977144751381,276.8325696854756,17.386382296311712,289.1437828711966,289.08587634332304,"plateau (c-control; c_red/cb 1.67e-03, c_sub/cb 3.1e-30)",c-control,289.1437828711966,0.0016693221669559048,3.0535840897755417e-30,0.6461555001430845,substrate-limited,substrate-limited,0.09363622012113944,0.004005200317145433,1.6946619860502805,3.183439360727073e-30
"Br- oxidation / electrophilic bromination",Bromination,22800.0,36.2,1.2571904773411902,0.12544494230769232,0.15770818689984578,250.0,33.3,2.08e-9,1.2e-9,9.7945e-10,2.0,1.0,0.5,138.5977144751381,276.8325696854756,17.386382296311712,289.1437828711966,289.08587634332304,"plateau (c-control; c_red/cb 1.67e-03, c_sub/cb 3.1e-30)",c-control,289.1437828711966,0.0016693221669559048,3.0535840897755417e-30,0.6461555001430845,substrate-limited,substrate-limited,0.12331821209650931,0.004860488097184425,1.6931794872315473,3.281955620413189e-30
"Br- oxidation / electrophilic bromination",Bromination,22800.0,36.2,1.2571904773411902,0.12544494230769232,0.15770818689984578,250.0,33.3,2.08e-9,1.2e-9,9.7945e-10,2.0,1.0,0.5,138.5977144751381,276.8325696854756,17.386382296311712,289.1437828711966,289.08587634332304,"plateau (c-control; c_red/cb 1.67e-03, c_sub/cb 3.1e-30)",c-control,289.1437828711966,0.0016693221669559048,3.0535840897755417e-30,0.6461555001430845,substrate-limited,substrate-limited,0.15443877446966542,0.005757228340487117,1.6916251374764883,3.415825656178247e-30
"Br- oxidation / electrophilic bromination",Bromination,22800.0,36.2,1.2571904773411902,0.12544494230769232,0.15770818689984578,250.0,33.3,2.08e-9,1.2e-9,9.7945e-10,2.0,1.0,0.5,138.5977144751381,276.8325696854756,17.386382296311712,289.1437828711966,289.08587634332304,"plateau (c-control; c_red/cb 1.67e-03, c_sub/cb 3.1e-30)",c-control,289.1437828711966,0.0016693221669559048,3.0535840897755417e-30,0.6461555001430845,substrate-limited,substrate-limited,0.18706762913767935,0.00669743008629238,1.6899954544504263,3.591137882945106e-30
"Br- oxidation / electrophilic bromination",Bromination,22800.0,36.2,1.2571904773411902,0.12544494230769232,0.15770818689984578,250.0,33.3,2.08e-9,1.2e-9,9.7945e-10,2.0,1.0,0.5,138.5977144751381,276.8325696854756,17.386382296311712,289.1437828711966,289.08587634332304,"plateau (c-control; c_red/cb 1.67e-03, c_sub/cb 3.1e-30)",c-control,289.1437828711966,0.0016693221669559048,3.0535840897755417e-30,0.6461555001430845,substrate-limited,substrate-limited,0.22127787714607364,0.007683199744136187,1.6882867870434977,3.815304273064569e-30
"Br- oxidation / electrophilic bromination",Bromination,22800.0,36.2,1.2571904773411902,0.12544494230769232,0.15770818689984578,250.0,33.3,2.08e-9,1.2e-9,9.7945e-10,2.0,1.0,0.5,138.5977144751381,276.8325696854756,17.386382296311712,289.1437828711966,289.08587634332304,"plateau (c-control; c_red/cb 1.67e-03, c_sub/cb 3.1e-30)",c-control,289.1437828711966,0.0016693221669559048,3.0535840897755417e-30,0.6461555001430845,substrate-limited,substrate-limited,0.25714616246296923,0.008716745813010178,1.6864953071907816,4.0974209857256095e-30
"Br- oxidation / electrophilic bromination",Bromination,22800.0,36.2,1.2571904773411902,0.12544494230769232,0.15770818689984578,250.0,33.3,2.08e-9,1.2e-9,9.7945e-10,2.0,1.0,0.5,138.5977144751381,276.8325696854756,17.386382296311712,289.1437828711966,289.08587634332304,"plateau (c-control; c_red/cb 1.67e-03, c_sub/cb 3.1e-30)",c-control,289.1437828711966,0.0016693221669559048,3.0535840897755417e-30,0.6461555001430845,substrate-limited,substrate-limited,0.29475284369072735,0.009800383829239461,1.6846170012959851,4.448739755509405e-30
"Br- oxidation / electrophilic bromination",Bromination,22800.0,36.2,1.2571904773411902,0.12544494230769232,0.15770818689984578,250.0,33.3,2.08e-9,1.2e-9,9.7945e-10,2.0,1.0,0.5,138.5977144751381,276.8325696854756,17.386382296311712,289.1437828711966,289.08587634332304,"plateau (c-control; c_red/cb 1.67e-03, c_sub/cb 3.1e-30)",c-control,289.1437828711966,0.0016693221669559048,3.0535840897755417e-30,0.6461555001430845,substrate-limited,substrate-limited,0.3341821740997847,0.01093654155416474,1.682647661239448,4.883287526252979e-30
"Br- oxidation / electrophilic bromination",Bromination,22800.0,36.2,1.2571904773411902,0.12544494230769232,0.15770818689984578,250.0,33.3,2.08e-9,1.2e-9,9.7945e-10,2.0,1.0,0.5,138.5977144751381,276.8325696854756,17.386382296311712,289.1437828711966,289.08587634332304,"plateau (c-control; c_red/cb 1.67e-03, c_sub/cb 3.1e-30)",c-control,289.1437828711966,0.0016693221669559048,3.0535840897755417e-30,0.6461555001430845,substrate-limited,substrate-limited,0.37552249038802643,0.012127764413251151,1.6805828749503646,5.418685840099415e-30
"Br- oxidation / electrophilic bromination",Bromination,22800.0,36.2,1.2571904773411902,0.12544494230769232,0.15770818689984578,250.0,33.3,2.08e-9,1.2e-9,9.7945e-10,2.0,1.0,0.5,138.5977144751381,276.8325696854756,17.386382296311712,289.1437828711966,289.08587634332304,"plateau (c-control; c_red/cb 1.67e-03, c_sub/cb 3.1e-30)",c-control,289.1437828711966,0.0016693221669559048,3.0535840897755417e-30,0.6461555001430845,substrate-limited,substrate-limited,0.4188664105885911,0.013376721198809553,1.6784180165220637,6.077241286564561e-30
"Br- oxidation / electrophilic bromination",Bromination,22800.0,36.2,1.2571904773411902,0.12544494230769232,0.15770818689984578,250.0,33.3,2.08e-9,1.2e-9,9.7945e-10,2.0,1.0,0.5,138.5977144751381,276.8325696854756,17.386382296311712,289.1437828711966,289.08587634332304,"plateau (c-control; c_red/cb 1.67e-03, c_sub/cb 3.1e-30)",c-control,289.1437828711966,0.0016693221669559048,3.0535840897755417e-30,0.6461555001430845,substrate-limited,substrate-limited,0.46431104156949277,0.01468621004910638,1.6761482358482147,6.887406471410031e-30
"Br- oxidation / electrophilic bromination",Bromination,22800.0,36.2,1.2571904773411902,0.12544494230769232,0.15770818689984578,250.0,33.3,2.08e-9,1.2e-9,9.7945e-10,2.0,1.0,0.5,138.5977144751381,276.8325696854756,17.386382296311712,289.1437828711966,289.08587634332304,"plateau (c-control; c_red/cb 1.67e-03, c_sub/cb 3.1e-30)",c-control,289.1437828711966,0.0016693221669559048,3.0535840897755417e-30,0.6461555001430845,substrate-limited,substrate-limited,0.5119581965899432,0.016059164717257723,1.673768447756753,7.885751325821235e-30
"Br- oxidation / electrophilic bromination",Bromination,22800.0,36.2,1.2571904773411902,0.12544494230769232,0.15770818689984578,250.0,33.3,2.08e-9,1.2e-9,9.7945e-10,2.0,1.0,0.5,138.5977144751381,276.8325696854756,17.386382296311712,289.1437828711966,289.08587634332304,"plateau (c-control; c_red/cb 1.67e-03, c_sub/cb 3.1e-30)",c-control,289.1437828711966,0.0016693221669559048,3.0535840897755417e-30,0.6461555001430845,substrate-limited,substrate-limited,0.5619146234007785,0.017498661143952224,1.671273320617149,9.119642903285212e-30
"Br- oxidation / electrophilic bromination",Bromination,22800.0,36.2,1.2571904773411902,0.12544494230769232,0.15770818689984578,250.0,33.3,2.08e-9,1.2e-9,9.7945e-10,2.0,1.0,0.5,138.5977144751381,276.8325696854756,17.386382296311712,289.1437828711966,289.08587634332304,"plateau (c-control; c_red/cb 1.67e-03, c_sub/cb 3.1e-30)",c-control,289.1437828711966,0.0016693221669559048,3.0535840897755417e-30,0.6461555001430845,substrate-limited,substrate-limited,0.614292243400025,0.019007924348728198,1.6686572643955369,1.0650916807140724e-29
"Br- oxidation / electrophilic bromination",Bromination,22800.0,36.2,1.2571904773411902,0.12544494230769232,0.15770818689984578,250.0,33.3,2.08e-9,1.2e-9,9.7945e-10,2.0,1.0,0.5,138.5977144751381,276.8325696854756,17.386382296311712,289.1437828711966,289.08587634332304,"plateau (c-control; c_red/cb 1.67e-03, c_sub/cb 3.1e-30)",c-control,289.1437828711966,0.0016693221669559048,3.0535840897755417e-30,0.6461555001430845,substrate-limited,substrate-limited,0.6692084023794025,0.020590335655244124,1.6659144181309093,1.256094831977891e-29
"Br- oxidation / electrophilic bromination",Bromination,22800.0,36.2,1.2571904773411902,0.12544494230769232,0.15770818689984578,250.0,33.3,2.08e-9,1.2e-9,9.7945e-10,2.0,1.0,0.5,138.5977144751381,276.8325696854756,17.386382296311712,289.1437828711966,289.08587634332304,"plateau (c-control; c_red/cb 1.67e-03, c_sub/cb 3.1e-30)",c-control,289.1437828711966,0.0016693221669559048,3.0535840897755417e-30,0.6461555001430845,substrate-limited,substrate-limited,0.7267861334235324,0.02224944026672977,1.6630386368043353,1.4957716566000537e-29
"Br- oxidation / electrophilic bromination",Bromination,22800.0,36.2,1.2571904773411902,0.12544494230769232,0.15770818689984578,250.0,33.3,2.08e-9,1.2e-9,9.7945e-10,2.0,1.0,0.5,138.5977144751381,276.8325696854756,17.386382296311712,289.1437828711966,289.08587634332304,"plateau (c-control; c_red/cb 1.67e-03, c_sub/cb 3.1e-30)",c-control,289.1437828711966,0.0016693221669559048,3.0535840897755417e-30,0.6461555001430845,substrate-limited,substrate-limited,0.7871544325508462,0.023988955208589957,1.6600234775717775,1.7985732314420042e-29
"Br- oxidation / electrophilic bromination",Bromination,22800.0,36.2,1.2571904773411902,0.12544494230769232,0.15770818689984578,250.0,33.3,2.08e-9,1.2e-9,9.7945e-10,2.0,1.0,0.5,138.5977144751381,276.8325696854756,17.386382296311712,289.1437828711966,289.08587634332304,"plateau (c-control; c_red/cb 1.67e-03, c_sub/cb 3.1e-30)",c-control,289.1437828711966,0.0016693221669559048,3.0535840897755417e-30,0.6461555001430845,substrate-limited,substrate-limited,0.8504485477137317,0.02581277765595527,1.656862185329677,2.1840118966705846e-29
"Br- oxidation / electrophilic bromination",Bromination,22800.0,36.2,1.2571904773411902,0.12544494230769232,0.15770818689984578,250.0,33.3,2.08e-9,1.2e-9,9.7945e-10,2.0,1.0,0.5,138.5977144751381,276.8325696854756,17.386382296311712,289.1437828711966,289.08587634332304,"plateau (c-control; c_red/cb 1.67e-03, c_sub/cb 3.1e-30)",c-control,289.1437828711966,0.0016693221669559048,3.0535840897755417e-30,0.6461555001430845,substrate-limited,substrate-limited,0.9168102818053928,0.027724993664836786,1.6535476775809492,2.678677556060601e-29
"Br- oxidation / electrophilic bromination",Bromination,22800.0,36.2,1.2571904773411902,0.12544494230769232,0.15770818689984578,250.0,33.3,2.08e-9,1.2e-9,9.7945e-10,2.0,1.0,0.5,138.5977144751381,276.8325696854756,17.386382296311712,289.1437828711966,289.08587634332304,"plateau (c-control; c_red/cb 1.67e-03, c_sub/cb 3.1e-30)",c-control,289.1437828711966,0.0016693221669559048,3.0535840897755417e-30,0.6461555001430845,substrate-limited,substrate-limited,0.9863883103522655,0.02972988732644566,1.6500725285674938,3.319153609118329e-29
"Br- oxidation / electrophilic bromination",Bromination,22800.0,36.2,1.2571904773411902,0.12544494230769232,0.15770818689984578,250.0,33.3,2.08e-9,1.2e-9,9.7945e-10,2.0,1.0,0.5,138.5977144751381,276.8325696854756,17.386382296311712,289.1437828711966,289.08587634332304,"plateau (c-control; c_red/cb 1.67e-03, c_sub/cb 3.1e-30)",c-control,289.1437828711966,0.0016693221669559048,3.0535840897755417e-30,0.6461555001430845,substrate-limited,substrate-limited,1.059338514603751,0.03183195036518707,1.6464289526336757,4.156277474308496e-29
"Br- oxidation / electrophilic bromination",Bromination,22800.0,36.2,1.2571904773411902,0.12544494230769232,0.15770818689984578,250.0,33.3,2.08e-9,1.2e-9,9.7945e-10,2.0,1.0,0.5,138.5977144751381,276.8325696854756,17.386382296311712,289.1437828711966,289.08587634332304,"plateau (c-control; c_red/cb 1.67e-03, c_sub/cb 3.1e-30)",c-control,289.1437828711966,0.0016693221669559048,3.0535840897755417e-30,0.6461555001430845,substrate-limited,substrate-limited,1.1358243307655063,0.034035892201831376,1.6426087867834926,5.261432475292772e-29
"Br- oxidation / electrophilic bromination",Bromination,22800.0,36.2,1.2571904773411902,0.12544494230769232,0.15770818689984578,250.0,33.3,2.08e-9,1.2e-9,9.7945e-10,2.0,1.0,0.5,138.5977144751381,276.8325696854756,17.386382296311712,289.1437828711966,289.08587634332304,"plateau (c-control; c_red/cb 1.67e-03, c_sub/cb 3.1e-30)",c-control,289.1437828711966,0.0016693221669559048,3.0535840897755417e-30,0.6461555001430845,substrate-limited,substrate-limited,1.2160171161587108,0.03634665050440795,1.6386034723923588,6.735943058402196e-29
"Br- oxidation / electrophilic bromination",Bromination,22800.0,36.2,1.2571904773411902,0.12544494230769232,0.15770818689984578,250.0,33.3,2.08e-9,1.2e-9,9.7945e-10,2.0,1.0,0.5,138.5977144751381,276.8325696854756,17.386382296311712,289.1437828711966,289.08587634332304,"plateau (c-control; c_red/cb 1.67e-03, c_sub/cb 3.1e-30)",c-control,289.1437828711966,0.0016693221669559048,3.0535840897755417e-30,0.6461555001430845,substrate-limited,substrate-limited,1.3000965331256455,0.03876940225045973,1.6344040360325363,8.725266140873864e-29
"Br- oxidation / electrophilic bromination",Bromination,22800.0,36.2,1.2571904773411902,0.12544494230769232,0.15770818689984578,250.0,33.3,2.08e-9,1.2e-9,9.7945e-10,2.0,1.0,0.5,138.5977144751381,276.8325696854756,17.386382296311712,289.1437828711966,289.08587634332304,"plateau (c-control; c_red/cb 1.67e-03, c_sub/cb 3.1e-30)",c-control,289.1437828711966,0.0016693221669559048,3.0535840897755417e-30,0.6461555001430845,substrate-limited,substrate-limited,1.388250951541679,0.04130957532544212,1.6300010693692328,1.1440684213600868e-28
"Br- oxidation / electrophilic bromination",Bromination,22800.0,36.2,1.2571904773411902,0.12544494230769232,0.15770818689984578,250.0,33.3,2.08e-9,1.2e-9,9.7945e-10,2.0,1.0,0.5,138.5977144751381,276.8325696854756,17.386382296311712,289.1437828711966,289.08587634332304,"plateau (c-control; c_red/cb 1.67e-03, c_sub/cb 3.1e-30)",c-control,289.1437828711966,0.0016693221669559048,3.0535840897755417e-30,0.6461555001430845,substrate-limited,substrate-limited,1.4806778708354362,0.04397286068325093,1.625384708082365,1.5192879033780789e-28
"Br- oxidation / electrophilic bromination",Bromination,22800.0,36.2,1.2571904773411902,0.12544494230769232,0.15770818689984578,250.0,33.3,2.08e-9,1.2e-9,9.7945e-10,2.0,1.0,0.5,138.5977144751381,276.8325696854756,17.386382296311712,289.1437828711966,289.08587634332304,"plateau (c-control; c_red/cb 1.67e-03, c_sub/cb 3.1e-30)",c-control,289.1437828711966,0.0016693221669559048,3.0535840897755417e-30,0.6461555001430845,substrate-limited,substrate-limited,1.5775843624626444,0.046765225096123846,1.620544609766718,2.044456513148214e-28
"Br- oxidation / electrophilic bromination",Bromination,22800.0,36.2,1.2571904773411902,0.12544494230769232,0.15770818689984578,250.0,33.3,2.08e-9,1.2e-9,9.7945e-10,2.0,1.0,0.5,138.5977144751381,276.8325696854756,17.386382296311712,289.1437828711966,289.08587634332304,"plateau (c-control; c_red/cb 1.67e-03, c_sub/cb 3.1e-30)",c-control,289.1437828711966,0.0016693221669559048,3.0535840897755417e-30,0.6461555001430845,substrate-limited,substrate-limited,1.6791875338249558,0.04969292452247981,1.6154699307610343,2.7894112838055953e-28
"Br- oxidation / electrophilic bromination",Bromination,22800.0,36.2,1.2571904773411902,0.12544494230769232,0.15770818689984578,250.0,33.3,2.08e-9,1.2e-9,9.7945e-10,2.0,1.0,0.5,138.5977144751381,276.8325696854756,17.386382296311712,289.1437828711966,289.08587634332304,"plateau (c-control; c_red/cb 1.67e-03, c_sub/cb 3.1e-30)",c-control,289.1437828711966,0.0016693221669559048,3.0535840897755417e-30,0.6461555001430845,substrate-limited,substrate-limited,1.78571501467311,0.05276251812264548,1.610149301854081,3.861026235663952e-28
"Br- oxidation / electrophilic bromination",Bromination,22800.0,36.2,1.2571904773411902,0.12544494230769232,0.15770818689984578,250.0,33.3,2.08e-9,1.2e-9,9.7945e-10,2.0,1.0,0.5,138.5977144751381,276.8325696854756,17.386382296311712,289.1437828711966,289.08587634332304,"plateau (c-control; c_red/cb 1.67e-03, c_sub/cb 3.1e-30)",c-control,289.1437828711966,0.0016693221669559048,3.0535840897755417e-30,0.6461555001430845,substrate-limited,substrate-limited,1.8974054670841585,0.05598088295386925,1.6045708028132932,5.425229226122446e-28
"Br- oxidation / electrophilic bromination",Bromination,22800.0,36.2,1.2571904773411902,0.12544494230769232,0.15770818689984578,250.0,33.3,2.08e-9,1.2e-9,9.7945e-10,2.0,1.0,0.5,138.5977144751381,276.8325696854756,17.386382296311712,289.1437828711966,289.08587634332304,"plateau (c-control; c_red/cb 1.67e-03, c_sub/cb 3.1e-30)",c-control,289.1437828711966,0.0016693221669559048,3.0535840897755417e-30,0.6461555001430845,substrate-limited,substrate-limited,2.014509120155298,0.05935522937754533,1.5987219356789215,7.743527178060226e-28
"Br- oxidation / electrophilic bromination",Bromination,22800.0,36.2,1.2571904773411902,0.12544494230769232,0.15770818689984578,250.0,33.3,2.08e-9,1.2e-9,9.7945e-10,2.0,1.0,0.5,138.5977144751381,276.8325696854756,17.386382296311712,289.1437828711966,289.08587634332304,"plateau (c-control; c_red/cb 1.67e-03, c_sub/cb 3.1e-30)",c-control,289.1437828711966,0.0016693221669559048,3.0535840897755417e-30,0.6461555001430845,substrate-limited,substrate-limited,2.1372883306122272,0.06289311721316586,1.5925895967638457,1.1234548621113052e-27
"Br- oxidation / electrophilic bromination",Bromination,22800.0,36.2,1.2571904773411902,0.12544494230769232,0.15770818689984578,250.0,33.3,2.08e-9,1.2e-9,9.7945e-10,2.0,1.0,0.5,138.5977144751381,276.8325696854756,17.386382296311712,289.1437828711966,289.08587634332304,"plateau (c-control; c_red/cb 1.67e-03, c_sub/cb 3.1e-30)",c-control,289.1437828711966,0.0016693221669559048,3.0535840897755417e-30,0.6461555001430845,substrate-limited,substrate-limited,2.2660181705880067,0.06660247267519215,1.5861600472963333,1.6579424306607292e-27
"Br- oxidation / electrophilic bromination",Bromination,22800.0,36.2,1.2571904773411902,0.12544494230769232,0.15770818689984578,250.0,33.3,2.08e-9,1.2e-9,9.7945e-10,2.0,1.0,0.5,138.5977144751381,276.8325696854756,17.386382296311712,289.1437828711966,289.08587634332304,"plateau (c-control; c_red/cb 1.67e-03, c_sub/cb 3.1e-30)",c-control,289.1437828711966,0.0016693221669559048,3.0535840897755417e-30,0.6461555001430845,substrate-limited,substrate-limited,2.4009870438892644,0.07049160613078997,1.5794188826399633,2.4905278688856114e-27
"Br- oxidation / electrophilic bromination",Bromination,22800.0,36.2,1.2571904773411902,0.12544494230769232,0.15770818689984578,250.0,33.3,2.08e-9,1.2e-9,9.7945e-10,2.0,1.0,0.5,138.5977144751381,276.8325696854756,17.386382296311712,289.1437828711966,289.08587634332304,"plateau (c-control; c_red/cb 1.67e-03, c_sub/cb 3.1e-30)",c-control,289.1437828711966,0.0016693221669559048,3.0535840897755417e-30,0.6461555001430845,substrate-limited,substrate-limited,2.542497332130424,0.07456923071821293,1.5723510000217633,3.811032996546084e-27
"Br- oxidation / electrophilic bromination",Bromination,22800.0,36.2,1.2571904773411902,0.12544494230769232,0.15770818689984578,250.0,33.3,2.08e-9,1.2e-9,9.7945e-10,2.0,1.0,0.5,138.5977144751381,276.8325696854756,17.386382296311712,289.1437828711966,289.08587634332304,"plateau (c-control; c_red/cb 1.67e-03, c_sub/cb 3.1e-30)",c-control,289.1437828711966,0.0016693221669559048,3.0535840897755417e-30,0.6461555001430845,substrate-limited,substrate-limited,2.6908660721835393,0.07884448186754657,1.5649405646962524,5.945036459935565e-27
"Br- oxidation / electrophilic bromination",Bromination,22800.0,36.2,1.2571904773411902,0.12544494230769232,0.15770818689984578,250.0,33.3,2.08e-9,1.2e-9,9.7945e-10,2.0,1.0,0.5,138.5977144751381,276.8325696854756,17.386382296311712,289.1437828711966,289.08587634332304,"plateau (c-control; c_red/cb 1.67e-03, c_sub/cb 3.1e-30)",c-control,289.1437828711966,0.0016693221669559048,3.0535840897755417e-30,0.6461555001430845,substrate-limited,substrate-limited,2.846425666461478,0.0833269377675464,1.5571709744695856,9.461670645115734e-27
"Br- oxidation / electrophilic bromination",Bromination,22800.0,36.2,1.2571904773411902,0.12544494230769232,0.15770818689984578,250.0,33.3,2.08e-9,1.2e-9,9.7945e-10,2.0,1.0,0.5,138.5977144751381,276.8325696854756,17.386382296311712,289.1437828711966,289.08587634332304,"plateau (c-control; c_red/cb 1.67e-03, c_sub/cb 3.1e-30)",c-control,289.1437828711966,0.0016693221669559048,3.0535840897755417e-30,0.6461555001430845,substrate-limited,substrate-limited,3.0095246276257623,0.08802664082442413,1.5490248225043308,1.537564032579555e-26
"Br- oxidation / electrophilic bromination",Bromination,22800.0,36.2,1.2571904773411902,0.12544494230769232,0.15770818689984578,250.0,33.3,2.08e-9,1.2e-9,9.7945e-10,2.0,1.0,0.5,138.5977144751381,276.8325696854756,17.386382296311712,289.1437828711966,289.08587634332304,"plateau (c-control; c_red/cb 1.67e-03, c_sub/cb 3.1e-30)",c-control,289.1437828711966,0.0016693221669559048,3.0535840897755417e-30,0.6461555001430845,substrate-limited,substrate-limited,3.1805283593874956,0.09295412016065743,1.5404838583215268,2.5533515082954866e-26
"Br- oxidation / electrophilic bromination",Bromination,22800.0,36.2,1.2571904773411902,0.12544494230769232,0.15770818689984578,250.0,33.3,2.08e-9,1.2e-9,9.7945e-10,2.0,1.0,0.5,138.5977144751381,276.8325696854756,17.386382296311712,289.1437828711966,289.08587634332304,"plateau (c-control; c_red/cb 1.67e-03, c_sub/cb 3.1e-30)",c-control,289.1437828711966,0.0016693221669559048,3.0535840897755417e-30,0.6461555001430845,substrate-limited,substrate-limited,3.359819975150664,0.09812041520422897,1.53152894691267,4.336795379324644e-26
"Br- oxidation / electrophilic bromination",Bromination,22800.0,36.2,1.2571904773411902,0.12544494230769232,0.15770818689984578,250.0,33.3,2.08e-9,1.2e-9,9.7945e-10,2.0,1.0,0.5,138.5977144751381,276.8325696854756,17.386382296311712,289.1437828711966,289.08587634332304,"plateau (c-control; c_red/cb 1.67e-03, c_sub/cb 3.1e-30)",c-control,289.1437828711966,0.0016693221669559048,3.0535840897755417e-30,0.6461555001430845,substrate-limited,substrate-limited,3.5478011563318876,0.1035371004211447,1.522140025870015,7.540248497401251e-26
"Br- oxidation / electrophilic bromination",Bromination,22800.0,36.2,1.2571904773411902,0.12544494230769232,0.15770818689984578,250.0,33.3,2.08e-9,1.2e-9,9.7945e-10,2.0,1.0,0.5,138.5977144751381,276.8325696854756,17.386382296311712,289.1437828711966,289.08587634332304,"plateau (c-control; c_red/cb 1.67e-03, c_sub/cb 3.1e-30)",c-control,289.1437828711966,0.0016693221669559048,3.0535840897755417e-30,0.6461555001430845,substrate-limited,substrate-limited,3.7448930522795796,0.10921631124663976,1.5122960604391573,1.3432172859172647e-25
"Br- oxidation / electrophilic bromination",Bromination,22800.0,36.2,1.2571904773411902,0.12544494230769232,0.15770818689984578,250.0,33.3,2.08e-9,1.2e-9,9.7945e-10,2.0,1.0,0.5,138.5977144751381,276.8325696854756,17.386382296311712,289.1437828711966,289.08587634332304,"plateau (c-control; c_red/cb 1.67e-03, c_sub/cb 3.1e-30)",c-control,289.1437828711966,0.0016693221669559048,3.0535840897755417e-30,0.6461555001430845,substrate-limited,substrate-limited,3.9515372238086806,0.11517077127316966,1.5019749963931721,2.4538251737218645e-25
"Br- oxidation / electrophilic bromination",Bromination,22800.0,36.2,1.2571904773411902,0.12544494230769232,0.15770818689984578,250.0,33.3,2.08e-9,1.2e-9,9.7945e-10,2.0,1.0,0.5,138.5977144751381,276.8325696854756,17.386382296311712,289.1437828711966,289.08587634332304,"plateau (c-control; c_red/cb 1.67e-03, c_sub/cb 3.1e-30)",c-control,289.1437828711966,0.0016693221669559048,3.0535840897755417e-30,0.6461555001430845,substrate-limited,substrate-limited,4.168196632464841,0.12141382075609707,1.4911537106227644,4.601263763198282e-25
"Br- oxidation / electrophilic bromination",Bromination,22800.0,36.2,1.2571904773411902,0.12544494230769232,0.15770818689984578,250.0,33.3,2.08e-9,1.2e-9,9.7945e-10,2.0,1.0,0.5,138.5977144751381,276.8325696854756,17.386382296311712,289.1437828711966,289.08587634332304,"plateau (c-control; c_red/cb 1.67e-03, c_sub/cb 3.1e-30)",c-control,289.1437828711966,0.0016693221669559048,3.0535840897755417e-30,0.6461555001430845,substrate-limited,substrate-limited,4.395356677734382,0.127959446500938,1.4798079593317075,8.864452625665933e-25
"Br- oxidation / electrophilic bromination",Bromination,22800.0,36.2,1.2571904773411902,0.12544494230769232,0.15770818689984578,250.0,33.3,2.08e-9,1.2e-9,9.7945e-10,2.0,1.0,0.5,138.5977144751381,276.8325696854756,17.386382296311712,289.1437828711966,289.08587634332304,"plateau (c-control; c_red/cb 1.67e-03, c_sub/cb 3.1e-30)",c-control,289.1437828711966,0.0016693221669559048,3.0535840897755417e-30,0.6461555001430845,substrate-limited,substrate-limited,4.633526284523773,0.13482231319912633,1.4679123237215141,1.7562152421460567e-24
"Br- oxidation / electrophilic bromination",Bromination,22800.0,36.2,1.2571904773411902,0.12544494230769232,0.15770818689984578,250.0,33.3,2.08e-9,1.2e-9,9.7945e-10,2.0,1.0,0.5,138.5977144751381,276.8325696854756,17.386382296311712,289.1437828711966,289.08587634332304,"plateau (c-control; c_red/cb 1.67e-03, c_sub/cb 3.1e-30)",c-control,289.1437828711966,0.0016693221669559048,3.0535840897755417e-30,0.6461555001430845,substrate-limited,substrate-limited,4.883239043345006,0.14201779628250058,1.4554401530436656,3.581523000179923e-24
"Br- oxidation / electrophilic bromination",Bromination,22800.0,36.2,1.2571904773411902,0.12544494230769232,0.15770818689984578,250.0,33.3,2.08e-9,1.2e-9,9.7945e-10,2.0,1.0,0.5,138.5977144751381,276.8325696854756,17.386382296311712,289.1437828711966,289.08587634332304,"plateau (c-control; c_red/cb 1.67e-03, c_sub/cb 3.1e-30)",c-control,289.1437828711966,0.0016693221669559048,3.0535840897755417e-30,0.6461555001430845,substrate-limited,substrate-limited,5.145054405761304,0.14956201637011984,1.4423635048917922,7.525530546843795e-24
"Br- oxidation / electrophilic bromination",Bromination,22800.0,36.2,1.2571904773411902,0.12544494230769232,0.15770818689984578,250.0,33.3,2.08e-9,1.2e-9,9.7945e-10,2.0,1.0,0.5,138.5977144751381,276.8325696854756,17.386382296311712,289.1437828711966,289.08587634332304,"plateau (c-control; c_red/cb 1.67e-03, c_sub/cb 3.1e-30)",c-control,289.1437828711966,0.0016693221669559048,3.0535840897755417e-30,0.6461555001430845,substrate-limited,substrate-limited,5.419558937771416,0.15747187538458202,1.4286530826000583,1.6308031314475093e-23
"Br- oxidation / electrophilic bromination",Bromination,22800.0,36.2,1.2571904773411902,0.12544494230769232,0.15770818689984578,250.0,33.3,2.08e-9,1.2e-9,9.7945e-10,2.0,1.0,0.5,138.5977144751381,276.8325696854756,17.386382296311712,289.1437828711966,289.08587634332304,"plateau (c-control; c_red/cb 1.67e-03, c_sub/cb 3.1e-30)",c-control,289.1437828711966,0.0016693221669559048,3.0535840897755417e-30,0.6461555001430845,substrate-limited,substrate-limited,5.707367633940578,0.16576509441875942,1.4142781696074838,3.6481723610820396e-23
"Br- oxidation / electrophilic bromination",Bromination,22800.0,36.2,1.2571904773411902,0.12544494230769232,0.15770818689984578,250.0,33.3,2.08e-9,1.2e-9,9.7945e-10,2.0,1.0,0.5,138.5977144751381,276.8325696854756,17.386382296311712,289.1437828711966,289.08587634332304,"plateau (c-control; c_red/cb 1.67e-03, c_sub/cb 3.1e-30)",c-control,289.1437828711966,0.0016693221669559048,3.0535840897755417e-30,0.6461555001430845,substrate-limited,substrate-limited,6.009125295222256,0.1744602534377878,1.3992065606411674,8.432758268428962e-23
"Br- oxidation / electrophilic bromination",Bromination,22800.0,36.2,1.2571904773411902,0.12544494230769232,0.15770818689984578,250.0,33.3,2.08e-9,1.2e-9,9.7945e-10,2.0,1.0,0.5,138.5977144751381,276.8325696854756,17.386382296311712,289.1437828711966,289.08587634332304,"plateau (c-control; c_red/cb 1.67e-03, c_sub/cb 3.1e-30)",c-control,289.1437828711966,0.0016693221669559048,3.0535840897755417e-30,0.6461555001430845,substrate-limited,substrate-limited,6.325507973557547,0.18357683290525492,1.383404489564225,2.0159978521854057e-22
"Br- oxidation / electrophilic bromination",Bromination,22800.0,36.2,1.2571904773411902,0.12544494230769232,0.15770818689984578,250.0,33.3,2.08e-9,1.2e-9,9.7945e-10,2.0,1.0,0.5,138.5977144751381,276.8325696854756,17.386382296311712,289.1437828711966,289.08587634332304,"plateau (c-control; c_red/cb 1.67e-03, c_sub/cb 3.1e-30)",c-control,289.1437828711966,0.0016693221669559048,3.0535840897755417e-30,0.6461555001430845,substrate-limited,substrate-limited,6.657224486488682,0.19313525742684948,1.3668365537267944,4.989238914577164e-22
"Br- oxidation / electrophilic bromination",Bromination,22800.0,36.2,1.2571904773411902,0.12544494230769232,0.15770818689984578,250.0,33.3,2.08e-9,1.2e-9,9.7945e-10,2.0,1.0,0.5,138.5977144751381,276.8325696854756,17.386382296311712,289.1437828711966,289.08587634332304,"plateau (c-control; c_red/cb 1.67e-03, c_sub/cb 3.1e-30)",c-control,289.1437828711966,0.0016693221669559048,3.0535840897755417e-30,0.6461555001430845,substrate-limited,substrate-limited,7.005018005179927,0.203156941509246,1.3494656346506397,1.2793502600951003e-21
"Br- oxidation / electrophilic bromination",Bromination,22800.0,36.2,1.2571904773411902,0.12544494230769232,0.15770818689984578,250.0,33.3,2.08e-9,1.2e-9,9.7945e-10,2.0,1.0,0.5,138.5977144751381,276.8325696854756,17.386382296311712,289.1437828711966,289.08587634332304,"plateau (c-control; c_red/cb 1.67e-03, c_sub/cb 3.1e-30)",c-control,289.1437828711966,0.0016693221669559048,3.0535840897755417e-30,0.6461555001430845,substrate-limited,substrate-limited,7.369667719403681,0.21366433753674594,1.3312528148696408,3.401958969926856e-21
"Br- oxidation / electrophilic bromination",Bromination,22800.0,36.2,1.2571904773411902,0.12544494230769232,0.15770818689984578,250.0,33.3,2.08e-9,1.2e-9,9.7945e-10,2.0,1.0,0.5,138.5977144751381,276.8325696854756,17.386382296311712,289.1437828711966,289.08587634332304,"plateau (c-control; c_red/cb 1.67e-03, c_sub/cb 3.1e-30)",c-control,289.1437828711966,0.0016693221669559048,3.0535840897755417e-30,0.6461555001430845,substrate-limited,substrate-limited,7.751990583221934,0.22468098607315837,1.3121572907398582,9.388794014037692e-21
"Br- oxidation / electrophilic bromination",Bromination,22800.0,36.2,1.2571904773411902,0.12544494230769232,0.15770818689984578,250.0,33.3,2.08e-9,1.2e-9,9.7945e-10,2.0,1.0,0.5,138.5977144751381,276.8325696854756,17.386382296311712,289.1437828711966,289.08587634332304,"plateau (c-control; c_red/cb 1.67e-03, c_sub/cb 3.1e-30)",c-control,289.1437828711966,0.0016693221669559048,3.0535840897755417e-30,0.6461555001430845,substrate-limited,substrate-limited,8.152843145274126,0.23623156860161715,1.292136281023863,2.6913360999414012e-20
"Br- oxidation / electrophilic bromination",Bromination,22800.0,36.2,1.2571904773411902,0.12544494230769232,0.15770818689984578,250.0,33.3,2.08e-9,1.2e-9,9.7945e-10,2.0,1.0,0.5,138.5977144751381,276.8325696854756,17.386382296311712,289.1437828711966,289.08587634332304,"plateau (c-control; c_red/cb 1.67e-03, c_sub/cb 3.1e-30)",c-control,289.1437828711966,0.0016693221669559048,3.0535840897755417e-30,0.6461555001430845,substrate-limited,substrate-limited,8.573123467771898,0.2483419628204914,1.2711449310444811,8.018910315892575e-20
"Br- oxidation / electrophilic bromination",Bromination,22800.0,36.2,1.2571904773411902,0.12544494230769232,0.15770818689984578,250.0,33.3,2.08e-9,1.2e-9,9.7945e-10,2.0,1.0,0.5,138.5977144751381,276.8325696854756,17.386382296311712,289.1437828711966,289.08587634332304,"plateau (c-control; c_red/cb 1.67e-03, c_sub/cb 3.1e-30)",c-control,289.1437828711966,0.0016693221669559048,3.0535840897755417e-30,0.6461555001430845,substrate-limited,substrate-limited,9.013773138500039,0.2610393006192727,1.2491362121932608,2.4850511218439123e-19
"Br- oxidation / electrophilic bromination",Bromination,22800.0,36.2,1.2571904773411902,0.12544494230769232,0.15770818689984578,250.0,33.3,2.08e-9,1.2e-9,9.7945e-10,2.0,1.0,0.5,138.5977144751381,276.8325696854756,17.386382296311712,289.1437828711966,289.08587634332304,"plateau (c-control; c_red/cb 1.67e-03, c_sub/cb 3.1e-30)",c-control,289.1437828711966,0.0016693221669559048,3.0535840897755417e-30,0.6461555001430845,substrate-limited,substrate-limited,9.475779380331282,0.2743520288643278,1.2260608165684983,8.014524151228145e-19
"Br- oxidation / electrophilic bromination",Bromination,22800.0,36.2,1.2571904773411902,0.12544494230769232,0.15770818689984578,250.0,33.3,2.08e-9,1.2e-9,9.7945e-10,2.0,1.0,0.5,138.5977144751381,276.8325696854756,17.386382296311712,289.1437828711966,289.08587634332304,"plateau (c-control; c_red/cb 1.67e-03, c_sub/cb 3.1e-30)",c-control,289.1437828711966,0.0016693221669559048,3.0535840897755417e-30,0.6461555001430845,substrate-limited,substrate-limited,9.960177262981052,0.28830997313069945,1.2018670465067873,2.6912493861471423e-18
"Br- oxidation / electrophilic bromination",Bromination,22800.0,36.2,1.2571904773411902,0.12544494230769232,0.15770818689984578,250.0,33.3,2.08e-9,1.2e-9,9.7945e-10,2.0,1.0,0.5,138.5977144751381,276.8325696854756,17.386382296311712,289.1437828711966,289.08587634332304,"plateau (c-control; c_red/cb 1.67e-03, c_sub/cb 3.1e-30)",c-control,289.1437828711966,0.0016693221669559048,3.0535840897755417e-30,0.6461555001430845,substrate-limited,substrate-limited,10.468052021957334,0.3029444045227405,1.1765006987605828,9.413064078290624e-18
"Br- oxidation / electrophilic bromination",Bromination,22800.0,36.2,1.2571904773411902,0.12544494230769232,0.15770818689984578,250.0,33.3,2.08e-9,1.2e-9,9.7945e-10,2.0,1.0,0.5,138.5977144751381,276.8325696854756,17.386382296311712,289.1437828711966,289.08587634332304,"plateau (c-control; c_red/cb 1.67e-03, c_sub/cb 3.1e-30)",c-control,289.1437828711966,0.0016693221669559048,3.0535840897755417e-30,0.6461555001430845,substrate-limited,substrate-limited,11.000541489901007,0.3182881097332806,1.1499049430623134,3.4302474605500185e-17
"Br- oxidation / electrophilic bromination",Bromination,22800.0,36.2,1.2571904773411902,0.12544494230769232,0.15770818689984578,250.0,33.3,2.08e-9,1.2e-9,9.7945e-10,2.0,1.0,0.5,138.5977144751381,276.8325696854756,17.386382296311712,289.1437828711966,289.08587634332304,"plateau (c-control; c_red/cb 1.67e-03, c_sub/cb 3.1e-30)",c-control,289.1437828711966,0.0016693221669559048,3.0535840897755417e-30,0.6461555001430845,substrate-limited,substrate-limited,11.55883864576375,0.3343754644982896,1.122020194802964,1.3025551425632311e-16
"Br- oxidation / electrophilic bromination",Bromination,22800.0,36.2,1.2571904773411902,0.12544494230769232,0.15770818689984578,250.0,33.3,2.08e-9,1.2e-9,9.7945e-10,2.0,1.0,0.5,138.5977144751381,276.8325696854756,17.386382296311712,289.1437828711966,289.08587634332304,"plateau (c-control; c_red/cb 1.67e-03, c_sub/cb 3.1e-30)",c-control,289.1437828711966,0.0016693221669559048,3.0535840897755417e-30,0.6461555001430845,substrate-limited,substrate-limited,12.144194287534674,0.3512425106116028,1.0927839815398879,5.153904283360533e-16
"Br- oxidation / electrophilic bromination",Bromination,22800.0,36.2,1.2571904773411902,0.12544494230769232,0.15770818689984578,250.0,33.3,2.08e-9,1.2e-9,9.7945e-10,2.0,1.0,0.5,138.5977144751381,276.8325696854756,17.386382296311712,289.1437828711966,289.08587634332304,"plateau (c-control; c_red/cb 1.67e-03, c_sub/cb 3.1e-30)",c-control,289.1437828711966,0.0016693221669559048,3.0535840897755417e-30,0.6461555001430845,substrate-limited,substrate-limited,12.757919834503593,0.368927036672247,1.0621308030347714,2.124540495905291e-15
"Br- oxidation / electrophilic bromination",Bromination,22800.0,36.2,1.2571904773411902,0.12544494230769232,0.15770818689984578,250.0,33.3,2.08e-9,1.2e-9,9.7945e-10,2.0,1.0,0.5,138.5977144751381,276.8325696854756,17.386382296311712,289.1437828711966,289.08587634332304,"plateau (c-control; c_red/cb 1.67e-03, c_sub/cb 3.1e-30)",c-control,289.1437828711966,0.0016693221669559048,3.0535840897755417e-30,0.6461555001430845,substrate-limited,substrate-limited,13.40139026533904,0.38746866274527675,1.0299919845081869,9.120450971089102e-15
"Br- oxidation / electrophilic bromination",Bromination,22800.0,36.2,1.2571904773411902,0.12544494230769232,0.15770818689984578,250.0,33.3,2.08e-9,1.2e-9,9.7945e-10,2.0,1.0,0.5,138.5977144751381,276.8325696854756,17.386382296311712,289.1437828711966,289.08587634332304,"plateau (c-control; c_red/cb 1.67e-03, c_sub/cb 3.1e-30)",c-control,289.1437828711966,0.0016693221669559048,3.0535840897755417e-30,0.6461555001430845,substrate-limited,substrate-limited,14.076047198563504,0.4069089291257891,0.9962955227819663,4.075003602431959e-14
"Br- oxidation / electrophilic bromination",Bromination,22800.0,36.2,1.2571904773411902,0.12544494230769232,0.15770818689984578,250.0,33.3,2.08e-9,1.2e-9,9.7945e-10,2.0,1.0,0.5,138.5977144751381,276.8325696854756,17.386382296311712,289.1437828711966,289.08587634332304,"plateau (c-control; c_red/cb 1.67e-03, c_sub/cb 3.1e-30)",c-control,289.1437828711966,0.0016693221669559048,3.0535840897755417e-30,0.6461555001430845,substrate-limited,substrate-limited,14.783402122327258,0.4272913894049841,0.9609659249647006,1.89333558285372e-13
"Br- oxidation / electrophilic bromination",Bromination,22800.0,36.2,1.2571904773411902,0.12544494230769232,0.15770818689984578,250.0,33.3,2.08e-9,1.2e-9,9.7945e-10,2.0,1.0,0.5,138.5977144751381,276.8325696854756,17.386382296311712,289.1437828711966,289.08587634332304,"plateau (c-control; c_red/cb 1.67e-03, c_sub/cb 3.1e-30)",c-control,289.1437828711966,0.0016693221669559048,3.0535840897755417e-30,0.6461555001430845,substrate-limited,substrate-limited,15.52503978071675,0.4486617080467606,0.9239240393189767,9.137263013029905e-13
"Br- oxidation / electrophilic bromination",Bromination,22800.0,36.2,1.2571904773411902,0.12544494230769232,0.15770818689984578,250.0,33.3,2.08e-9,1.2e-9,9.7945e-10,2.0,1.0,0.5,138.5977144751381,276.8325696854756,17.386382296311712,289.1437828711966,289.08587634332304,"plateau (c-control; c_red/cb 1.67e-03, c_sub/cb 3.1e-30)",c-control,289.1437828711966,0.0016693221669559048,3.0535840897755417e-30,0.6461555001430845,substrate-limited,substrate-limited,16.30262172418414,0.4710677626934186,0.8850868779315522,4.573498180347731e-12
"Br- oxidation / electrophilic bromination",Bromination,22800.0,36.2,1.2571904773411902,0.12544494230769232,0.15770818689984578,250.0,33.3,2.08e-9,1.2e-9,9.7945e-10,2.0,1.0,0.5,138.5977144751381,276.8325696854756,17.386382296311712,289.1437828711966,289.08587634332304,"plateau (c-control; c_red/cb 1.67e-03, c_sub/cb 3.1e-30)",c-control,289.1437828711966,0.0016693221669559048,3.0535840897755417e-30,0.6461555001430845,substrate-limited,substrate-limited,17.117890032052326,0.49455975142942193,0.8443674307897541,2.3697893688847646e-11
"Br- oxidation / electrophilic bromination",Bromination,22800.0,36.2,1.2571904773411902,0.12544494230769232,0.15770818689984578,250.0,33.3,2.08e-9,1.2e-9,9.7945e-10,2.0,1.0,0.5,138.5977144751381,276.8325696854756,17.386382296311712,289.1437828711966,289.08587634332304,"plateau (c-control; c_red/cb 1.67e-03, c_sub/cb 3.1e-30)",c-control,289.1437828711966,0.0016693221669559048,3.0535840897755417e-30,0.6461555001430845,substrate-limited,substrate-limited,17.972671215435255,0.5191903052421653,0.8016744708509392,1.2681931096661973e-10
"Br- oxidation / electrophilic bromination",Bromination,22800.0,36.2,1.2571904773411902,0.12544494230769232,0.15770818689984578,250.0,33.3,2.08e-9,1.2e-9,9.7945e-10,2.0,1.0,0.5,138.5977144751381,276.8325696854756,17.386382296311712,289.1437828711966,289.08587634332304,"plateau (c-control; c_red/cb 1.67e-03, c_sub/cb 3.1e-30)",c-control,289.1437828711966,0.0016693221669559048,3.0535840897755417e-30,0.6461555001430845,substrate-limited,substrate-limited,18.86888030931758,0.5450146059238495,0.7569123496875152,6.98915068722538e-10
"Br- oxidation / electrophilic bromination",Bromination,22800.0,36.2,1.2571904773411902,0.12544494230769232,0.15770818689984578,250.0,33.3,2.08e-9,1.2e-9,9.7945e-10,2.0,1.0,0.5,138.5977144751381,276.8325696854756,17.386382296311712,289.1437828711966,289.08587634332304,"plateau (c-control; c_red/cb 1.67e-03, c_sub/cb 3.1e-30)",c-control,289.1437828711966,0.0016693221669559048,3.0535840897755417e-30,0.6461555001430845,substrate-limited,substrate-limited,19.808525162961434,0.5720905096326101,0.7099807833622908,3.9526791375330045e-9
"Br- oxidation / electrophilic bromination",Bromination,22800.0,36.2,1.2571904773411902,0.12544494230769232,0.15770818689984578,250.0,33.3,2.08e-9,1.2e-9,9.7945e-10,2.0,1.0,0.5,138.5977144751381,276.8325696854756,17.386382296311712,289.1437828711966,289.08587634332304,"plateau (c-control; c_red/cb 1.67e-03, c_sub/cb 3.1e-30)",c-control,289.1437828711966,0.0016693221669559048,3.0535840897755417e-30,0.6461555001430845,substrate-limited,substrate-limited,20.793710938252524,0.6004786761167815,0.6607746287226712,2.284047896930765e-8
"Br- oxidation / electrophilic bromination",Bromination,22800.0,36.2,1.2571904773411902,0.12544494230769232,0.15770818689984578,250.0,33.3,2.08e-9,1.2e-9,9.7945e-10,2.0,1.0,0.5,138.5977144751381,276.8325696854756,17.386382296311712,289.1437828711966,289.08587634332304,"plateau (c-control; c_red/cb 1.67e-03, c_sub/cb 3.1e-30)",c-control,289.1437828711966,0.0016693221669559048,3.0535840897755417e-30,0.6461555001430845,substrate-limited,substrate-limited,21.82664482606349,0.6302427022597507,0.6091836536081233,1.3413870853086899e-7
"Br- oxidation / electrophilic bromination",Bromination,22800.0,36.2,1.2571904773411902,0.12544494230769232,0.15770818689984578,250.0,33.3,2.08e-9,1.2e-9,9.7945e-10,2.0,1.0,0.5,138.5977144751381,276.8325696854756,17.386382296311712,289.1437828711966,289.08587634332304,"plateau (c-control; c_red/cb 1.67e-03, c_sub/cb 3.1e-30)",c-control,289.1437828711966,0.0016693221669559048,3.0535840897755417e-30,0.6461555001430845,substrate-limited,substrate-limited,22.909640991200988,0.6614492504939036,0.5550923243278365,7.953964727140915e-7
"Br- oxidation / electrophilic bromination",Bromination,22800.0,36.2,1.2571904773411902,0.12544494230769232,0.15770818689984578,250.0,33.3,2.08e-9,1.2e-9,9.7945e-10,2.0,1.0,0.5,138.5977144751381,276.8325696854756,17.386382296311712,289.1437828711966,289.08587634332304,"plateau (c-control; c_red/cb 1.67e-03, c_sub/cb 3.1e-30)",c-control,289.1437828711966,0.0016693221669559048,3.0535840897755417e-30,0.6461555001430845,substrate-limited,substrate-limited,24.045125757015143,0.6941681147867933,0.49837975091160297,4.723189048210561e-6
"Br- oxidation / electrophilic bromination",Bromination,22800.0,36.2,1.2571904773411902,0.12544494230769232,0.15770818689984578,250.0,33.3,2.08e-9,1.2e-9,9.7945e-10,2.0,1.0,0.5,138.5977144751381,276.8325696854756,17.386382296311712,289.1437828711966,289.08587634332304,"plateau (c-control; c_red/cb 1.67e-03, c_sub/cb 3.1e-30)",c-control,289.1437828711966,0.0016693221669559048,3.0535840897755417e-30,0.6461555001430845,substrate-limited,substrate-limited,25.235643041286714,0.7284718930192351,0.4389206011724142,2.7797967397898674e-5
"Br- oxidation / electrophilic bromination",Bromination,22800.0,36.2,1.2571904773411902,0.12544494230769232,0.15770818689984578,250.0,33.3,2.08e-9,1.2e-9,9.7945e-10,2.0,1.0,0.5,138.5977144751381,276.8325696854756,17.386382296311712,289.1437828711966,289.08587634332304,"plateau (c-control; c_red/cb 1.67e-03, c_sub/cb 3.1e-30)",c-control,289.1437828711966,0.0016693221669559048,3.0535840897755417e-30,0.6461555001430845,substrate-limited,substrate-limited,26.48386005557058,0.7644334450504816,0.37659144130113087,0.00016000333761682426
"Br- oxidation / electrophilic bromination",Bromination,22800.0,36.2,1.2571904773411902,0.12544494230769232,0.15770818689984578,250.0,33.3,2.08e-9,1.2e-9,9.7945e-10,2.0,1.0,0.5,138.5977144751381,276.8325696854756,17.386382296311712,289.1437828711966,289.08587634332304,"plateau (c-control; c_red/cb 1.67e-03, c_sub/cb 3.1e-30)",c-control,289.1437828711966,0.0016693221669559048,3.0535840897755417e-30,0.6461555001430845,substrate-limited,substrate-limited,27.79257328076414,0.8021118734039542,0.31130518119689454,0.0008850003997222926
"Br- oxidation / electrophilic bromination",Bromination,22800.0,36.2,1.2571904773411902,0.12544494230769232,0.15770818689984578,250.0,33.3,2.08e-9,1.2e-9,9.7945e-10,2.0,1.0,0.5,138.5977144751381,276.8325696854756,17.386382296311712,289.1437828711966,289.08587634332304,"plateau (c-control; c_red/cb 1.67e-03, c_sub/cb 3.1e-30)",c-control,289.1437828711966,0.0016693221669559048,3.0535840897755417e-30,0.6461555001430845,substrate-limited,substrate-limited,29.164714732288232,0.8414855468812575,0.24317517584473458,0.004592415152641827
"Br- oxidation / electrophilic bromination",Bromination,22800.0,36.2,1.2571904773411902,0.12544494230769232,0.15770818689984578,250.0,33.3,2.08e-9,1.2e-9,9.7945e-10,2.0,1.0,0.5,138.5977144751381,276.8325696854756,17.386382296311712,289.1437828711966,289.08587634332304,"plateau (c-control; c_red/cb 1.67e-03, c_sub/cb 3.1e-30)",c-control,289.1437828711966,0.0016693221669559048,3.0535840897755417e-30,0.6461555001430845,substrate-limited,substrate-limited,30.603358528916928,0.8821843092508791,0.17317097024174255,0.021612416765976434
"Br- oxidation / electrophilic bromination",Bromination,22800.0,36.2,1.2571904773411902,0.12544494230769232,0.15770818689984578,250.0,33.3,2.08e-9,1.2e-9,9.7945e-10,2.0,1.0,0.5,138.5977144751381,276.8325696854756,17.386382296311712,289.1437828711966,289.08587634332304,"plateau (c-control; c_red/cb 1.67e-03, c_sub/cb 3.1e-30)",c-control,289.1437828711966,0.0016693221669559048,3.0535840897755417e-30,0.6461555001430845,substrate-limited,substrate-limited,32.111727779972874,0.922707039249429,0.10503401941934976,0.08783972894702496
"Br- oxidation / electrophilic bromination",Bromination,22800.0,36.2,1.2571904773411902,0.12544494230769232,0.15770818689984578,250.0,33.3,2.08e-9,1.2e-9,9.7945e-10,2.0,1.0,0.5,138.5977144751381,276.8325696854756,17.386382296311712,289.1437828711966,289.08587634332304,"plateau (c-control; c_red/cb 1.67e-03, c_sub/cb 3.1e-30)",c-control,289.1437828711966,0.0016693221669559048,3.0535840897755417e-30,0.6461555001430845,substrate-limited,substrate-limited,33.69320180631817,0.9593714380484041,0.04784897898527345,0.2883877509753906
"Br- oxidation / electrophilic bromination",Bromination,22800.0,36.2,1.2571904773411902,0.12544494230769232,0.15770818689984578,250.0,33.3,2.08e-9,1.2e-9,9.7945e-10,2.0,1.0,0.5,138.5977144751381,276.8325696854756,17.386382296311712,289.1437828711966,289.08587634332304,"plateau (c-control; c_red/cb 1.67e-03, c_sub/cb 3.1e-30)",c-control,289.1437828711966,0.0016693221669559048,3.0535840897755417e-30,0.6461555001430845,substrate-limited,substrate-limited,35.351323711318535,0.988240157664795,0.011328292465977479,0.7142195358568172
