category,parameter,value,units,provenance_class,method_note,citation,locator,sensitivity,equation
1. Physical constants,Boltzmann constant kB,1.380649e-23,J K-1,measured,exact by the 2019 SI definition of the kelvin,"BIPM, The International System of Units (SI Brochure), 9th ed., 2019","Sect. 2.3.1, Table 1 (the seven exactly defined constants: e, N_A, k_B)",,
1. Physical constants,Faraday constant F,96485.332,C mol-1,derived,F = e * N_A = 1.602176634e-19 C * 6.02214076e23 mol-1 = 96485.33212 C mol-1 (exact; rounded here),"BIPM, The International System of Units (SI Brochure), 9th ed., 2019",,Exact; no exposure.,
1. Physical constants,Gas constant R,8.314463,J mol-1 K-1,derived,R = kB * N_A = 1.380649e-23 * 6.02214076e23 = 8.31446262 J mol-1 K-1 (exact; rounded here),"BIPM, The International System of Units (SI Brochure), 9th ed., 2019",,Exact; no exposure.,
1. Physical constants,Temperature T,298.15,K,assumption,isothermal 25 C throughout; thermal excursions are treated explicitly and separately in S6.1,declared modelling convention,,"Not swept. All reported quantities are stated at 25 C and every archetype comparison is isothermal by construction. A +/-10 K excursion rescales every reaction's D by a common factor through D ~ T/mu(T) (~+/-20 pct for these solvents): the architecture ranking, the carrier dichotomy and the §S6 decompositions are ratios and are unaffected, but the absolute >=25 and >=50 mA cm-2 counts would move by a few entries. Every count reported in the SI is a 25 C count.",
2. Solvents,MeCN: M,41.05,g mol-1,derived,sum of the IUPAC 2021 standard atomic weights over the molecular formula,"Prohaska et al., 'Standard atomic weights of the elements 2021 (IUPAC Technical Report)', Pure Appl. Chem. 2022, 94, 573-600",,Exact to the rounding shown.,
2. Solvents,MeCN: mu (25 C),0.369,mPa s,measured,"pure-solvent tabulated viscosity at 25 C. eta corrected 0.343 -> 0.369 on 2026-08-23. CRC 97th p. 6-243 prints 0.369 in the eta(25 C) column; 0.343 is on no printed CRC page -- Sect. 15 carries no printed viscosity column at all, its header stating viscosity is in the Internet version only. Column alignment was pinned by x-coordinate and cross-checked against DMF 0.794 and acetone 0.306 on the same page. Note for the reader: 0.369 is also the value usually tabulated for acetonitrile at 20 C, and the widely quoted 25 C value is 0.341-0.345, so the CRC row may carry a 20 C number. That is an inference and is not acted on -- the printed value at the cited locator is what this registry carries. Consequence, since MeCN or a MeCN mixture carries 20 of the 50 reactions and eta enters twice (D ~ 1/eta and Sc = nu/D): the architecture medians move from 6.2 / 17.4 / 20.2 / 50.2 / 111.7 / 127.4 to 6.0 / 17.1 / 19.4 / 48.4 / 108.3 / 121.4 mA cm-2 and the thin-gap >=50 count moves 25 -> 24 of 50. Every >=25 count and the architecture ordering are unchanged. the thin-gap median crosses 50, so it must not be quoted as 50","CRC Handbook of Chemistry and Physics, 97th ed. (W. M. Haynes, ed.), CRC Press, 2016","Sect. 6, 'Viscosity of Liquids', pp. 6-243 to 6-247 (25 C column)","i_lim ~ D ~ 1/mu and Sc = nu/D, so mu enters twice; a +/-25 pct property error displaces log10 i_lim by +/-0.10 (Eq. S1 is linear in D). That is small against the 1-2 order-of-magnitude spreads separating the seven reactor archetypes, so no architecture ranking or carrier-class conclusion can move; only per-reaction entries already within ~25 pct of a threshold can cross it.",
2. Solvents,MeCN: rho,0.776,g mL-1,measured,"pure-solvent tabulated density at 25 C. eta corrected 0.343 -> 0.369 on 2026-08-23. CRC 97th p. 6-243 prints 0.369 in the eta(25 C) column; 0.343 is on no printed CRC page -- Sect. 15 carries no printed viscosity column at all, its header stating viscosity is in the Internet version only. Column alignment was pinned by x-coordinate and cross-checked against DMF 0.794 and acetone 0.306 on the same page. Note for the reader: 0.369 is also the value usually tabulated for acetonitrile at 20 C, and the widely quoted 25 C value is 0.341-0.345, so the CRC row may carry a 20 C number. That is an inference and is not acted on -- the printed value at the cited locator is what this registry carries. Consequence, since MeCN or a MeCN mixture carries 20 of the 50 reactions and eta enters twice (D ~ 1/eta and Sc = nu/D): the architecture medians move from 6.2 / 17.4 / 20.2 / 50.2 / 111.7 / 127.4 to 6.0 / 17.1 / 19.4 / 48.4 / 108.3 / 121.4 mA cm-2 and the thin-gap >=50 count moves 25 -> 24 of 50. Every >=25 count and the architecture ordering are unchanged. the thin-gap median crosses 50, so it must not be quoted as 50","CRC Handbook of Chemistry and Physics, 97th ed. (W. M. Haynes, ed.), CRC Press, 2016","Sect. 15, 'Laboratory Solvents and Other Liquid Reagents', pp. 15-13 to 15-20 (density column; superscript = reference temperature)","rho enters only through nu = mu/rho and the Schmidt number; Sh ~ Sc^0.356 at the rotating cylinder, so a 5 pct rho error moves k_m by 1.8 pct.",
2. Solvents,MeCN: phi (assoc.),1.0,-,measured,Wilke-Chang association parameter as recommended by the correlation's authors,"Wilke & Chang, AIChE J. 1955, 1, 264-270","pp. 264-270; correlation and its recommended association parameters (2.6 water, 1.9 methanol, 1.5 ethanol, 1.0 unassociated), as restated at Reid 4th ed. p. 599",D ~ (phi M)^0.5. The frequently quoted revision phi(H2O) = 2.26 in place of 2.6 would lower aqueous D by 7 pct; no threshold count in Table S5 moves by more than one entry.,S2
2. Solvents,MeCN: nu = mu/rho,4.755e-07,m2 s-1,derived,kinematic viscosity computed from the mu and rho rows above,this registry,,Inherits the exposure of its two inputs.,S31
2. Solvents,MeOH: M,32.04,g mol-1,derived,sum of the IUPAC 2021 standard atomic weights over the molecular formula,"Prohaska et al., 'Standard atomic weights of the elements 2021 (IUPAC Technical Report)', Pure Appl. Chem. 2022, 94, 573-600",,Exact to the rounding shown.,
2. Solvents,MeOH: mu (25 C),0.544,mPa s,measured,pure-solvent tabulated viscosity at 25 C.,"CRC Handbook of Chemistry and Physics, 97th ed. (W. M. Haynes, ed.), CRC Press, 2016","Sect. 6, 'Viscosity of Liquids', pp. 6-243 to 6-247 (25 C column)","i_lim ~ D ~ 1/mu and Sc = nu/D, so mu enters twice; a +/-25 pct property error displaces log10 i_lim by +/-0.10 (Eq. S1 is linear in D). That is small against the 1-2 order-of-magnitude spreads separating the seven reactor archetypes, so no architecture ranking or carrier-class conclusion can move; only per-reaction entries already within ~25 pct of a threshold can cross it.",
2. Solvents,MeOH: rho,0.786,g mL-1,measured,pure-solvent tabulated density at 25 C.,"CRC Handbook of Chemistry and Physics, 97th ed. (W. M. Haynes, ed.), CRC Press, 2016","Sect. 15, 'Laboratory Solvents and Other Liquid Reagents', pp. 15-13 to 15-20 (density column; superscript = reference temperature)","rho enters only through nu = mu/rho and the Schmidt number; Sh ~ Sc^0.356 at the rotating cylinder, so a 5 pct rho error moves k_m by 1.8 pct.",
2. Solvents,MeOH: phi (assoc.),1.9,-,measured,Wilke-Chang association parameter as recommended by the correlation's authors,"Wilke & Chang, AIChE J. 1955, 1, 264-270","pp. 264-270; correlation and its recommended association parameters (2.6 water, 1.9 methanol, 1.5 ethanol, 1.0 unassociated), as restated at Reid 4th ed. p. 599",D ~ (phi M)^0.5. The frequently quoted revision phi(H2O) = 2.26 in place of 2.6 would lower aqueous D by 7 pct; no threshold count in Table S5 moves by more than one entry.,S2
2. Solvents,MeOH: nu = mu/rho,6.921e-07,m2 s-1,derived,kinematic viscosity computed from the mu and rho rows above,this registry,,Inherits the exposure of its two inputs.,S31
2. Solvents,EtOH: M,46.07,g mol-1,derived,sum of the IUPAC 2021 standard atomic weights over the molecular formula,"Prohaska et al., 'Standard atomic weights of the elements 2021 (IUPAC Technical Report)', Pure Appl. Chem. 2022, 94, 573-600",,"Exact to the rounding shown. Display-only: this solvent system is registered but is not assigned to any of the 50 reactions in reactions_50.csv, so it enters no reported number.",
2. Solvents,EtOH: mu (25 C),1.074,mPa s,measured,"pure-solvent tabulated viscosity at 25 C. Display-only: this solvent system is registered but is not assigned to any of the 50 reactions in reactions_50.csv, so it enters no reported number.","CRC Handbook of Chemistry and Physics, 97th ed. (W. M. Haynes, ed.), CRC Press, 2016","Sect. 6, 'Viscosity of Liquids', pp. 6-243 to 6-247 (25 C column)","i_lim ~ D ~ 1/mu and Sc = nu/D, so mu enters twice; a +/-25 pct property error displaces log10 i_lim by +/-0.10 (Eq. S1 is linear in D). That is small against the 1-2 order-of-magnitude spreads separating the seven reactor archetypes, so no architecture ranking or carrier-class conclusion can move; only per-reaction entries already within ~25 pct of a threshold can cross it. Display-only: this solvent system is registered but is not assigned to any of the 50 reactions in reactions_50.csv, so it enters no reported number.",
2. Solvents,EtOH: rho,0.785,g mL-1,measured,"pure-solvent tabulated density at 25 C. Display-only: this solvent system is registered but is not assigned to any of the 50 reactions in reactions_50.csv, so it enters no reported number.","CRC Handbook of Chemistry and Physics, 97th ed. (W. M. Haynes, ed.), CRC Press, 2016","Sect. 15, 'Laboratory Solvents and Other Liquid Reagents', pp. 15-13 to 15-20 (density column; superscript = reference temperature)","rho enters only through nu = mu/rho and the Schmidt number; Sh ~ Sc^0.356 at the rotating cylinder, so a 5 pct rho error moves k_m by 1.8 pct. Display-only: this solvent system is registered but is not assigned to any of the 50 reactions in reactions_50.csv, so it enters no reported number.",
2. Solvents,EtOH: phi (assoc.),1.5,-,measured,Wilke-Chang association parameter as recommended by the correlation's authors,"Wilke & Chang, AIChE J. 1955, 1, 264-270","pp. 264-270; correlation and its recommended association parameters (2.6 water, 1.9 methanol, 1.5 ethanol, 1.0 unassociated), as restated at Reid 4th ed. p. 599","D ~ (phi M)^0.5. The frequently quoted revision phi(H2O) = 2.26 in place of 2.6 would lower aqueous D by 7 pct; no threshold count in Table S5 moves by more than one entry. Display-only: this solvent system is registered but is not assigned to any of the 50 reactions in reactions_50.csv, so it enters no reported number.",S2
2. Solvents,EtOH: nu = mu/rho,1.368e-06,m2 s-1,derived,kinematic viscosity computed from the mu and rho rows above,this registry,,"Inherits the exposure of its two inputs. Display-only: this solvent system is registered but is not assigned to any of the 50 reactions in reactions_50.csv, so it enters no reported number.",S31
2. Solvents,DMF: M,73.09,g mol-1,derived,sum of the IUPAC 2021 standard atomic weights over the molecular formula,"Prohaska et al., 'Standard atomic weights of the elements 2021 (IUPAC Technical Report)', Pure Appl. Chem. 2022, 94, 573-600",,Exact to the rounding shown.,
2. Solvents,DMF: mu (25 C),0.794,mPa s,measured,"pure-solvent tabulated viscosity at 25 C. Cross-checked against Kinart, Molecules 2024, 29, 1371, Table 1 (rho = 0.943802 g mL-1, eta = 0.8455 mPa s at 298.15 K).","CRC Handbook of Chemistry and Physics, 97th ed. (W. M. Haynes, ed.), CRC Press, 2016","Sect. 6, 'Viscosity of Liquids', pp. 6-243 to 6-247 (25 C column)","i_lim ~ D ~ 1/mu and Sc = nu/D, so mu enters twice; a +/-25 pct property error displaces log10 i_lim by +/-0.10 (Eq. S1 is linear in D). That is small against the 1-2 order-of-magnitude spreads separating the seven reactor archetypes, so no architecture ranking or carrier-class conclusion can move; only per-reaction entries already within ~25 pct of a threshold can cross it.",
2. Solvents,DMF: rho,0.944,g mL-1,measured,"pure-solvent tabulated density at 25 C. Cross-checked against Kinart, Molecules 2024, 29, 1371, Table 1 (rho = 0.943802 g mL-1, eta = 0.8455 mPa s at 298.15 K).","CRC Handbook of Chemistry and Physics, 97th ed. (W. M. Haynes, ed.), CRC Press, 2016","Sect. 15, 'Laboratory Solvents and Other Liquid Reagents', pp. 15-13 to 15-20 (density column; superscript = reference temperature)","rho enters only through nu = mu/rho and the Schmidt number; Sh ~ Sc^0.356 at the rotating cylinder, so a 5 pct rho error moves k_m by 1.8 pct.",
2. Solvents,DMF: phi (assoc.),1.0,-,measured,Wilke-Chang association parameter as recommended by the correlation's authors,"Wilke & Chang, AIChE J. 1955, 1, 264-270","pp. 264-270; correlation and its recommended association parameters (2.6 water, 1.9 methanol, 1.5 ethanol, 1.0 unassociated), as restated at Reid 4th ed. p. 599",D ~ (phi M)^0.5. The frequently quoted revision phi(H2O) = 2.26 in place of 2.6 would lower aqueous D by 7 pct; no threshold count in Table S5 moves by more than one entry.,S2
2. Solvents,DMF: nu = mu/rho,8.411e-07,m2 s-1,derived,kinematic viscosity computed from the mu and rho rows above,this registry,,Inherits the exposure of its two inputs.,S31
2. Solvents,DMA: M,87.12,g mol-1,derived,sum of the IUPAC 2021 standard atomic weights over the molecular formula,"Prohaska et al., 'Standard atomic weights of the elements 2021 (IUPAC Technical Report)', Pure Appl. Chem. 2022, 94, 573-600",,Exact to the rounding shown.,
2. Solvents,DMA: mu (25 C),1.927,mPa s,measured,"pure-solvent tabulated viscosity at 25 C. eta corrected 0.945 -> 1.927 on 2026-08-23. CRC 97th p. 6-244 prints 1.927 in the eta(25 C) column and 0.945 is not on that page. An earlier pass here carried 0.927 on the reasoning that 1.927 must be a leading-digit typo, since DMA would otherwise be as viscous as DMSO (1.987) while its homologue DMF is 0.794. That reasoning is not acted on: it is an inference with no source, and the standard requires the printed value at the cited locator. consequence, and it is a real one: DMA carries the kilogram-scale Ni-xec campaign. At the printed 1.927 that row transport ceiling is 8.2 mA cm-2, below the 10 mA cm-2 at which the campaign actually ran, so the S7 sentence calling that agreement a direct validation of the model no longer holds and has been withdrawn. At 0.927 the ceiling is 16.5 and the agreement returns. Inside the interval a published count does move: at 1.427 mPa s the >=25 count of the microfluidic +1, RDE +1, rotating cylinder +1; at 0.927 mPa s the >=25 count of the ANEC +1, microfluidic +1, RDE +1, rotating cylinder +1 -- the kilogram-scale Ni-XEC row, carried at its sourced rate constant (S5.7), sits within 5 pct of 25 mA cm-2 in the thin-film architectures at the printed viscosity and clears it at the homolog reading. The unstirred and stirred counts, the carrier-class conclusion and the architecture ordering do not move. Anyone resolving the CRC row against A primary viscosity measurement should revisit both this row and S7","CRC Handbook of Chemistry and Physics, 97th ed. (W. M. Haynes, ed.), CRC Press, 2016","Sect. 6, 'Viscosity of Liquids', pp. 6-243 to 6-247 (25 C column)","The handbook entry for this solvent stands apart from its own homolog: N,N-dimethylformamide, one methylene lighter, is printed as 0.794 mPa s in the same column of the same page, so the tabulated 1.927 mPa s makes DMA 2.4 times the more viscous of the pair where that substitution normally costs a few tens of a percent. The column assignment is not in question -- ethanol 1.074, 1,4-dioxane 1.177, dimethyl sulfoxide 1.987 and diethyl ether 0.224 all read correctly at the same position -- and the handbook carries no second viscosity for DMA against which to adjudicate. The printed value is the one used -- an author ruling of 2026-08-31, on the grounds that the handbook is at least a primary source where the alternative is not. Exposure is bounded by direct test: the two DMA reactions are swept across the whole interval down to 0.927 mPa s, with i_lim rising as mu^p, p between -1 and -2/3 by archetype. Inside the interval a published count does move: at 1.427 mPa s the >=25 count of the microfluidic +1, RDE +1, rotating cylinder +1; at 0.927 mPa s the >=25 count of the ANEC +1, microfluidic +1, RDE +1, rotating cylinder +1 -- the kilogram-scale Ni-XEC row, carried at its sourced rate constant (S5.7), sits within 5 pct of 25 mA cm-2 in the thin-film architectures at the printed viscosity and clears it at the homolog reading. The unstirred and stirred counts, the carrier-class conclusion and the architecture ordering do not move.",
2. Solvents,DMA: rho,0.937,g mL-1,measured,"pure-solvent tabulated density at 25 C. eta corrected 0.945 -> 1.927 on 2026-08-23. CRC 97th p. 6-244 prints 1.927 in the eta(25 C) column and 0.945 is not on that page. An earlier pass here carried 0.927 on the reasoning that 1.927 must be a leading-digit typo, since DMA would otherwise be as viscous as DMSO (1.987) while its homologue DMF is 0.794. That reasoning is not acted on: it is an inference with no source, and the standard requires the printed value at the cited locator. consequence, and it is a real one: DMA carries the kilogram-scale Ni-xec campaign. At the printed 1.927 that row transport ceiling is 8.2 mA cm-2, below the 10 mA cm-2 at which the campaign actually ran, so the S7 sentence calling that agreement a direct validation of the model no longer holds and has been withdrawn. At 0.927 the ceiling is 16.5 and the agreement returns. Inside the interval a published count does move: at 1.427 mPa s the >=25 count of the microfluidic +1, RDE +1, rotating cylinder +1; at 0.927 mPa s the >=25 count of the ANEC +1, microfluidic +1, RDE +1, rotating cylinder +1 -- the kilogram-scale Ni-XEC row, carried at its sourced rate constant (S5.7), sits within 5 pct of 25 mA cm-2 in the thin-film architectures at the printed viscosity and clears it at the homolog reading. The unstirred and stirred counts, the carrier-class conclusion and the architecture ordering do not move. Anyone resolving the CRC row against A primary viscosity measurement should revisit both this row and S7","CRC Handbook of Chemistry and Physics, 97th ed. (W. M. Haynes, ed.), CRC Press, 2016","Sect. 15, 'Laboratory Solvents and Other Liquid Reagents', pp. 15-13 to 15-20 (density column; superscript = reference temperature)","rho enters only through nu = mu/rho and the Schmidt number; Sh ~ Sc^0.356 at the rotating cylinder, so a 5 pct rho error moves k_m by 1.8 pct.",
2. Solvents,DMA: phi (assoc.),1.0,-,measured,Wilke-Chang association parameter as recommended by the correlation's authors,"Wilke & Chang, AIChE J. 1955, 1, 264-270","pp. 264-270; correlation and its recommended association parameters (2.6 water, 1.9 methanol, 1.5 ethanol, 1.0 unassociated), as restated at Reid 4th ed. p. 599",D ~ (phi M)^0.5. The frequently quoted revision phi(H2O) = 2.26 in place of 2.6 would lower aqueous D by 7 pct; no threshold count in Table S5 moves by more than one entry.,S2
2. Solvents,DMA: nu = mu/rho,2.057e-06,m2 s-1,derived,kinematic viscosity computed from the mu and rho rows above,this registry,,Inherits the exposure of its two inputs.,S31
2. Solvents,DMSO: M,78.13,g mol-1,derived,sum of the IUPAC 2021 standard atomic weights over the molecular formula,"Prohaska et al., 'Standard atomic weights of the elements 2021 (IUPAC Technical Report)', Pure Appl. Chem. 2022, 94, 573-600",,"Exact to the rounding shown. Display-only: this solvent system is registered but is not assigned to any of the 50 reactions in reactions_50.csv, so it enters no reported number.",
2. Solvents,DMSO: mu (25 C),1.987,mPa s,measured,"pure-solvent tabulated viscosity at 25 C. Display-only: this solvent system is registered but is not assigned to any of the 50 reactions in reactions_50.csv, so it enters no reported number.","CRC Handbook of Chemistry and Physics, 97th ed. (W. M. Haynes, ed.), CRC Press, 2016","Sect. 6, 'Viscosity of Liquids', pp. 6-243 to 6-247 (25 C column)","i_lim ~ D ~ 1/mu and Sc = nu/D, so mu enters twice; a +/-25 pct property error displaces log10 i_lim by +/-0.10 (Eq. S1 is linear in D). That is small against the 1-2 order-of-magnitude spreads separating the seven reactor archetypes, so no architecture ranking or carrier-class conclusion can move; only per-reaction entries already within ~25 pct of a threshold can cross it. Display-only: this solvent system is registered but is not assigned to any of the 50 reactions in reactions_50.csv, so it enters no reported number.",
2. Solvents,DMSO: rho,1.096,g mL-1,measured,"pure-solvent tabulated density at 25 C. Display-only: this solvent system is registered but is not assigned to any of the 50 reactions in reactions_50.csv, so it enters no reported number.","CRC Handbook of Chemistry and Physics, 97th ed. (W. M. Haynes, ed.), CRC Press, 2016","Sect. 15, 'Laboratory Solvents and Other Liquid Reagents', pp. 15-13 to 15-20 (density column; superscript = reference temperature)","rho enters only through nu = mu/rho and the Schmidt number; Sh ~ Sc^0.356 at the rotating cylinder, so a 5 pct rho error moves k_m by 1.8 pct. Display-only: this solvent system is registered but is not assigned to any of the 50 reactions in reactions_50.csv, so it enters no reported number.",
2. Solvents,DMSO: phi (assoc.),1.0,-,measured,Wilke-Chang association parameter as recommended by the correlation's authors,"Wilke & Chang, AIChE J. 1955, 1, 264-270","pp. 264-270; correlation and its recommended association parameters (2.6 water, 1.9 methanol, 1.5 ethanol, 1.0 unassociated), as restated at Reid 4th ed. p. 599","D ~ (phi M)^0.5. The frequently quoted revision phi(H2O) = 2.26 in place of 2.6 would lower aqueous D by 7 pct; no threshold count in Table S5 moves by more than one entry. Display-only: this solvent system is registered but is not assigned to any of the 50 reactions in reactions_50.csv, so it enters no reported number.",S2
2. Solvents,DMSO: nu = mu/rho,1.813e-06,m2 s-1,derived,kinematic viscosity computed from the mu and rho rows above,this registry,,"Inherits the exposure of its two inputs. Display-only: this solvent system is registered but is not assigned to any of the 50 reactions in reactions_50.csv, so it enters no reported number.",S31
2. Solvents,THF: M,72.11,g mol-1,derived,sum of the IUPAC 2021 standard atomic weights over the molecular formula,"Prohaska et al., 'Standard atomic weights of the elements 2021 (IUPAC Technical Report)', Pure Appl. Chem. 2022, 94, 573-600",,Exact to the rounding shown.,
2. Solvents,THF: mu (25 C),0.456,mPa s,measured,pure-solvent tabulated viscosity at 25 C.,"CRC Handbook of Chemistry and Physics, 97th ed. (W. M. Haynes, ed.), CRC Press, 2016","Sect. 6, 'Viscosity of Liquids', pp. 6-243 to 6-247 (25 C column)","i_lim ~ D ~ 1/mu and Sc = nu/D, so mu enters twice; a +/-25 pct property error displaces log10 i_lim by +/-0.10 (Eq. S1 is linear in D). That is small against the 1-2 order-of-magnitude spreads separating the seven reactor archetypes, so no architecture ranking or carrier-class conclusion can move; only per-reaction entries already within ~25 pct of a threshold can cross it.",
2. Solvents,THF: rho,0.883,g mL-1,measured,pure-solvent tabulated density at 25 C.,"CRC Handbook of Chemistry and Physics, 97th ed. (W. M. Haynes, ed.), CRC Press, 2016","Sect. 15, 'Laboratory Solvents and Other Liquid Reagents', pp. 15-13 to 15-20 (density column; superscript = reference temperature)","rho enters only through nu = mu/rho and the Schmidt number; Sh ~ Sc^0.356 at the rotating cylinder, so a 5 pct rho error moves k_m by 1.8 pct.",
2. Solvents,THF: phi (assoc.),1.0,-,measured,Wilke-Chang association parameter as recommended by the correlation's authors,"Wilke & Chang, AIChE J. 1955, 1, 264-270","pp. 264-270; correlation and its recommended association parameters (2.6 water, 1.9 methanol, 1.5 ethanol, 1.0 unassociated), as restated at Reid 4th ed. p. 599",D ~ (phi M)^0.5. The frequently quoted revision phi(H2O) = 2.26 in place of 2.6 would lower aqueous D by 7 pct; no threshold count in Table S5 moves by more than one entry.,S2
2. Solvents,THF: nu = mu/rho,5.164e-07,m2 s-1,derived,kinematic viscosity computed from the mu and rho rows above,this registry,,Inherits the exposure of its two inputs.,S31
2. Solvents,H2O: M,18.02,g mol-1,derived,sum of the IUPAC 2021 standard atomic weights over the molecular formula,"Prohaska et al., 'Standard atomic weights of the elements 2021 (IUPAC Technical Report)', Pure Appl. Chem. 2022, 94, 573-600",,Exact to the rounding shown.,
2. Solvents,H2O: mu (25 C),0.89,mPa s,measured,pure-solvent tabulated viscosity at 25 C.,"Huber et al., 'New international formulation for the viscosity of H2O' (IAPWS 2008), J. Phys. Chem. Ref. Data 2009, 38, 101-125","pp. 101-125 (reference correlation evaluated at 298.15 K, 0.1 MPa)","i_lim ~ D ~ 1/mu and Sc = nu/D, so mu enters twice; a +/-25 pct property error displaces log10 i_lim by +/-0.10 (Eq. S1 is linear in D). That is small against the 1-2 order-of-magnitude spreads separating the seven reactor archetypes, so no architecture ranking or carrier-class conclusion can move; only per-reaction entries already within ~25 pct of a threshold can cross it.",
2. Solvents,H2O: rho,0.997,g mL-1,measured,pure-solvent tabulated density at 25 C.,"Wagner & Pruss, 'The IAPWS formulation 1995 for the thermodynamic properties of ordinary water substance', J. Phys. Chem. Ref. Data 2002, 31, 387-535",pp. 387-535 (IAPWS-95 equation of state; rho at 298.15 K),"rho enters only through nu = mu/rho and the Schmidt number; Sh ~ Sc^0.356 at the rotating cylinder, so a 5 pct rho error moves k_m by 1.8 pct.",
2. Solvents,H2O: phi (assoc.),2.6,-,measured,Wilke-Chang association parameter as recommended by the correlation's authors,"Wilke & Chang, AIChE J. 1955, 1, 264-270","pp. 264-270; correlation and its recommended association parameters (2.6 water, 1.9 methanol, 1.5 ethanol, 1.0 unassociated), as restated at Reid 4th ed. p. 599",D ~ (phi M)^0.5. The frequently quoted revision phi(H2O) = 2.26 in place of 2.6 would lower aqueous D by 7 pct; no threshold count in Table S5 moves by more than one entry.,S2
2. Solvents,H2O: nu = mu/rho,8.927e-07,m2 s-1,derived,kinematic viscosity computed from the mu and rho rows above,this registry,,Inherits the exposure of its two inputs.,S31
2. Solvents,AcOH: M,60.05,g mol-1,derived,sum of the IUPAC 2021 standard atomic weights over the molecular formula,"Prohaska et al., 'Standard atomic weights of the elements 2021 (IUPAC Technical Report)', Pure Appl. Chem. 2022, 94, 573-600",,"Exact to the rounding shown. Display-only: this solvent system is registered but is not assigned to any of the 50 reactions in reactions_50.csv, so it enters no reported number.",
2. Solvents,AcOH: mu (25 C),1.056,mPa s,measured,"pure-solvent tabulated viscosity at 25 C. Display-only: this solvent system is registered but is not assigned to any of the 50 reactions in reactions_50.csv, so it enters no reported number.","CRC Handbook of Chemistry and Physics, 97th ed. (W. M. Haynes, ed.), CRC Press, 2016","Sect. 6, 'Viscosity of Liquids', pp. 6-243 to 6-247 (25 C column)","i_lim ~ D ~ 1/mu and Sc = nu/D, so mu enters twice; a +/-25 pct property error displaces log10 i_lim by +/-0.10 (Eq. S1 is linear in D). That is small against the 1-2 order-of-magnitude spreads separating the seven reactor archetypes, so no architecture ranking or carrier-class conclusion can move; only per-reaction entries already within ~25 pct of a threshold can cross it. Display-only: this solvent system is registered but is not assigned to any of the 50 reactions in reactions_50.csv, so it enters no reported number.",
2. Solvents,AcOH: rho,1.045,g mL-1,measured,"pure-solvent tabulated density at 25 C. Display-only: this solvent system is registered but is not assigned to any of the 50 reactions in reactions_50.csv, so it enters no reported number.","CRC Handbook of Chemistry and Physics, 97th ed. (W. M. Haynes, ed.), CRC Press, 2016","Sect. 15, 'Laboratory Solvents and Other Liquid Reagents', pp. 15-13 to 15-20 (density column; superscript = reference temperature)","rho enters only through nu = mu/rho and the Schmidt number; Sh ~ Sc^0.356 at the rotating cylinder, so a 5 pct rho error moves k_m by 1.8 pct. Display-only: this solvent system is registered but is not assigned to any of the 50 reactions in reactions_50.csv, so it enters no reported number.",
2. Solvents,AcOH: phi (assoc.),1.0,-,measured,Wilke-Chang association parameter as recommended by the correlation's authors,"Wilke & Chang, AIChE J. 1955, 1, 264-270","pp. 264-270; correlation and its recommended association parameters (2.6 water, 1.9 methanol, 1.5 ethanol, 1.0 unassociated), as restated at Reid 4th ed. p. 599","D ~ (phi M)^0.5. The frequently quoted revision phi(H2O) = 2.26 in place of 2.6 would lower aqueous D by 7 pct; no threshold count in Table S5 moves by more than one entry. Display-only: this solvent system is registered but is not assigned to any of the 50 reactions in reactions_50.csv, so it enters no reported number.",S2
2. Solvents,AcOH: nu = mu/rho,1.011e-06,m2 s-1,derived,kinematic viscosity computed from the mu and rho rows above,this registry,,"Inherits the exposure of its two inputs. Display-only: this solvent system is registered but is not assigned to any of the 50 reactions in reactions_50.csv, so it enters no reported number.",S31
2. Solvents,HFIP: M,168.04,g mol-1,derived,sum of the IUPAC 2021 standard atomic weights over the molecular formula,"Prohaska et al., 'Standard atomic weights of the elements 2021 (IUPAC Technical Report)', Pure Appl. Chem. 2022, 94, 573-600",,Exact to the rounding shown.,
2. Solvents,HFIP: mu (25 C),1.619,mPa s,measured,"pure-solvent tabulated viscosity at 25 C. mu retrieved 2026-08-22: Krumgalz Table 3 p. 578 tabulates '1,1,1,3,3,3-hexafluoropropan-2-ol' at 0.01619 P = 1.619 mPa s, 25 C -- the review's own viscosity table for the 50 solvents it treats. This replaces 1.650, which was carried with no source at all (-1.9%). The Colomer/Waldvogel Nat. Rev. Chem. 2017 citation this row used to name is withdrawn: the paper was retrieved and its authors are Colomer, Chamberlain, Haughey & Donohoe (not Chinchilla/Waldvogel), and its Table 1 p. 2 carries bp and eps only -- neither mu nor rho. rho = 1.596 g cm-3 stays state C because the source is SECONDARY, not because there is none: the Sigma-Aldrich specification for CAS 920-66-1 lists 1.596 g mL-1 at 25 C, marked '(lit.)', so it is a compilation rather than a primary measurement. Three independent lines agree on it and rule out the one page-anchored alternative. CRC 97th ed. p. 3-296 entry 5801 prints den = 1.4600 at 21 C, and the column assignment is not in doubt (x-coordinate checked against a known density in the row below); but the same Sigma sheet gives n20/D = 1.275, so 1.4600 is NEITHER the density NOR the refractive index of this compound, and CRC's neighbouring entry 5802 carries nD = 1.4631 one row up -- consistent with a typesetting slip into that cell. Calibrating the F-for-H molar-volume increment on 2,2,2-trifluoroethanol gives (V_TFE - V_EtOH)/3 = +4.63 cm3 mol-1 per F; six of those applied to isopropanol predict V_HFIP = 104.32 cm3 mol-1, i.e. rho = 1.611, which 1.596 matches to -0.9% and CRC's 1.4600 misses by -9.4%. Cite this as the Sigma specification, never as CRC, and do not drop the CRC disagreement: a reviewer who checks CRC will find 1.4600 and needs this note to know why it was not used. Sensitivity: rho enters only through nu = mu/rho in Sc, and Sh ~ Sc^0.356, so a +/-5% rho error moves these two rows' i_lim by <2% (gate G-solv sweeps them at +/-25-50%; the worst single count moves by 2 of 50 and the architecture ordering is preserved throughout).","Krumgalz, J. Chem. Soc. Faraday Trans. 1 1983, 79, 571-587","Table 3, p. 578","i_lim ~ D ~ 1/mu and Sc = nu/D, so mu enters twice; a +/-25 pct property error displaces log10 i_lim by +/-0.10 (Eq. S1 is linear in D). That is small against the 1-2 order-of-magnitude spreads separating the seven reactor archetypes, so no architecture ranking or carrier-class conclusion can move; only per-reaction entries already within ~25 pct of a threshold can cross it.",
2. Solvents,HFIP: rho,1.596,g mL-1,assumption,"no page-anchored primary density; the source below is secondary. mu retrieved 2026-08-22: Krumgalz Table 3 p. 578 tabulates '1,1,1,3,3,3-hexafluoropropan-2-ol' at 0.01619 P = 1.619 mPa s, 25 C -- the review's own viscosity table for the 50 solvents it treats. This replaces 1.650, which was carried with no source at all (-1.9%). The Colomer/Waldvogel Nat. Rev. Chem. 2017 citation this row used to name is withdrawn: the paper was retrieved and its authors are Colomer, Chamberlain, Haughey & Donohoe (not Chinchilla/Waldvogel), and its Table 1 p. 2 carries bp and eps only -- neither mu nor rho. rho = 1.596 g cm-3 stays state C because the source is SECONDARY, not because there is none: the Sigma-Aldrich specification for CAS 920-66-1 lists 1.596 g mL-1 at 25 C, marked '(lit.)', so it is a compilation rather than a primary measurement. Three independent lines agree on it and rule out the one page-anchored alternative. CRC 97th ed. p. 3-296 entry 5801 prints den = 1.4600 at 21 C, and the column assignment is not in doubt (x-coordinate checked against a known density in the row below); but the same Sigma sheet gives n20/D = 1.275, so 1.4600 is NEITHER the density NOR the refractive index of this compound, and CRC's neighbouring entry 5802 carries nD = 1.4631 one row up -- consistent with a typesetting slip into that cell. Calibrating the F-for-H molar-volume increment on 2,2,2-trifluoroethanol gives (V_TFE - V_EtOH)/3 = +4.63 cm3 mol-1 per F; six of those applied to isopropanol predict V_HFIP = 104.32 cm3 mol-1, i.e. rho = 1.611, which 1.596 matches to -0.9% and CRC's 1.4600 misses by -9.4%. Cite this as the Sigma specification, never as CRC, and do not drop the CRC disagreement: a reviewer who checks CRC will find 1.4600 and needs this note to know why it was not used. Sensitivity: rho enters only through nu = mu/rho in Sc, and Sh ~ Sc^0.356, so a +/-5% rho error moves these two rows' i_lim by <2% (gate G-solv sweeps them at +/-25-50%; the worst single count moves by 2 of 50 and the architecture ordering is preserved throughout).","Sigma-Aldrich product specification, 1,1,1,3,3,3-hexafluoro-2-propanol, CAS 920-66-1","density 1.596 g mL-1 at 25 C, listed '(lit.)'; the same specification gives n20/D 1.275, bp 59 C and mp -4 C","rho enters only through nu = mu/rho and the Schmidt number; Sh ~ Sc^0.356 at the rotating cylinder, so a 5 pct rho error moves k_m by 1.8 pct.",
2. Solvents,HFIP: phi (assoc.),1.0,-,measured,Wilke-Chang association parameter as recommended by the correlation's authors,"Wilke & Chang, AIChE J. 1955, 1, 264-270","pp. 264-270; correlation and its recommended association parameters (2.6 water, 1.9 methanol, 1.5 ethanol, 1.0 unassociated), as restated at Reid 4th ed. p. 599",D ~ (phi M)^0.5. The frequently quoted revision phi(H2O) = 2.26 in place of 2.6 would lower aqueous D by 7 pct; no threshold count in Table S5 moves by more than one entry.,S2
2. Solvents,HFIP: nu = mu/rho,1.014e-06,m2 s-1,derived,kinematic viscosity computed from the mu and rho rows above,this registry,,Inherits the exposure of its two inputs.,S31
2. Solvents,acetone: M,58.08,g mol-1,derived,sum of the IUPAC 2021 standard atomic weights over the molecular formula,"Prohaska et al., 'Standard atomic weights of the elements 2021 (IUPAC Technical Report)', Pure Appl. Chem. 2022, 94, 573-600",,Exact to the rounding shown.,
2. Solvents,acetone: mu (25 C),0.306,mPa s,measured,pure-solvent tabulated viscosity at 25 C.,"CRC Handbook of Chemistry and Physics, 97th ed. (W. M. Haynes, ed.), CRC Press, 2016","Sect. 6, 'Viscosity of Liquids', pp. 6-243 to 6-247 (25 C column)","i_lim ~ D ~ 1/mu and Sc = nu/D, so mu enters twice; a +/-25 pct property error displaces log10 i_lim by +/-0.10 (Eq. S1 is linear in D). That is small against the 1-2 order-of-magnitude spreads separating the seven reactor archetypes, so no architecture ranking or carrier-class conclusion can move; only per-reaction entries already within ~25 pct of a threshold can cross it.",
2. Solvents,acetone: rho,0.784,g mL-1,measured,pure-solvent tabulated density at 25 C.,"CRC Handbook of Chemistry and Physics, 97th ed. (W. M. Haynes, ed.), CRC Press, 2016","Sect. 15, 'Laboratory Solvents and Other Liquid Reagents', pp. 15-13 to 15-20 (density column; superscript = reference temperature)","rho enters only through nu = mu/rho and the Schmidt number; Sh ~ Sc^0.356 at the rotating cylinder, so a 5 pct rho error moves k_m by 1.8 pct.",
2. Solvents,acetone: phi (assoc.),1.0,-,measured,Wilke-Chang association parameter as recommended by the correlation's authors,"Wilke & Chang, AIChE J. 1955, 1, 264-270","pp. 264-270; correlation and its recommended association parameters (2.6 water, 1.9 methanol, 1.5 ethanol, 1.0 unassociated), as restated at Reid 4th ed. p. 599",D ~ (phi M)^0.5. The frequently quoted revision phi(H2O) = 2.26 in place of 2.6 would lower aqueous D by 7 pct; no threshold count in Table S5 moves by more than one entry.,S2
2. Solvents,acetone: nu = mu/rho,3.903e-07,m2 s-1,derived,kinematic viscosity computed from the mu and rho rows above,this registry,,Inherits the exposure of its two inputs.,S31
2. Solvents,MeNO2: M,61.04,g mol-1,derived,sum of the IUPAC 2021 standard atomic weights over the molecular formula,"Prohaska et al., 'Standard atomic weights of the elements 2021 (IUPAC Technical Report)', Pure Appl. Chem. 2022, 94, 573-600",,Exact to the rounding shown.,
2. Solvents,MeNO2: mu (25 C),0.62,mPa s,measured,pure-solvent tabulated viscosity at 25 C.,"CRC Handbook of Chemistry and Physics, 97th ed. (W. M. Haynes, ed.), CRC Press, 2016","Sect. 6, 'Viscosity of Liquids', pp. 6-243 to 6-247 (25 C column)","i_lim ~ D ~ 1/mu and Sc = nu/D, so mu enters twice; a +/-25 pct property error displaces log10 i_lim by +/-0.10 (Eq. S1 is linear in D). That is small against the 1-2 order-of-magnitude spreads separating the seven reactor archetypes, so no architecture ranking or carrier-class conclusion can move; only per-reaction entries already within ~25 pct of a threshold can cross it.",
2. Solvents,MeNO2: rho,1.137,g mL-1,measured,pure-solvent tabulated density at 25 C.,"CRC Handbook of Chemistry and Physics, 97th ed. (W. M. Haynes, ed.), CRC Press, 2016","Sect. 15, 'Laboratory Solvents and Other Liquid Reagents', pp. 15-13 to 15-20 (density column; superscript = reference temperature)","rho enters only through nu = mu/rho and the Schmidt number; Sh ~ Sc^0.356 at the rotating cylinder, so a 5 pct rho error moves k_m by 1.8 pct.",
2. Solvents,MeNO2: phi (assoc.),1.0,-,measured,Wilke-Chang association parameter as recommended by the correlation's authors,"Wilke & Chang, AIChE J. 1955, 1, 264-270","pp. 264-270; correlation and its recommended association parameters (2.6 water, 1.9 methanol, 1.5 ethanol, 1.0 unassociated), as restated at Reid 4th ed. p. 599",D ~ (phi M)^0.5. The frequently quoted revision phi(H2O) = 2.26 in place of 2.6 would lower aqueous D by 7 pct; no threshold count in Table S5 moves by more than one entry.,S2
2. Solvents,MeNO2: nu = mu/rho,5.453e-07,m2 s-1,derived,kinematic viscosity computed from the mu and rho rows above,this registry,,Inherits the exposure of its two inputs.,S31
2. Solvents,MeCN/H2O 9:1 v/v: M,36.4,g mol-1,derived,not a molar mass. Only the product phi*M enters Eq. S2; for mixtures phi*M is set by the Perkins-Geankoplis mole-fraction rule and the split into a nominal 'M' and a nominal 'phi' is presentational. Read the two rows as the single quantity phi*M = 42.6 g mol-1.,"Reid, Prausnitz & Poling, The Properties of Gases and Liquids, 4th ed., McGraw-Hill, 1987 (the edition held and verified; the 5th ed. of Poling, Prausnitz & O'Connell, 2001, carries the same increments under a different table number)",Eq. 11-9.8 (Perkins-Geankoplis mole-fraction mixing rule for phi*M),"Carries no independent exposure: only phi*M is used, and D ~ (phi M)^0.5.",
2. Solvents,MeCN/H2O 9:1 v/v: mu (25 C),0.48,mPa s,assumption,"9:1 v/v = 87.5 wt% MeCN, outside the 10-70 wt% range Ansari & Singh measure. The row stays an assumption, but it is now bracketed by two measured points of their Table-1 p. 68 rather than by nothing: eta(70 wt%) = 0.574 cP and eta(pure an) = 0.346 cP, so 0.346 <= eta <= 0.574 and the carried 0.48 sits inside. Linear interpolation between those two measured points gives eta = 0.441 cP, rho = 0.805 g cm-3; the carried 0.48/0.82 are +8.9%/+1.9% against that.","Ansari & Singh, Res. J. Chem. Sci. 2022, 12(1), 67-69, Table-1 p. 68 -- measured densities and viscosities of acetonitrile-water at 25 C, 10-70 wt%% AN plus pure AN. Open access (www.isca.in). Its pure-component values, rho = 0.7767 g cm-3 and eta = 0.346 cP, reproduce the CRC 97th ed. MeCN entries carried here (0.776, 0.343) to 0.3%% and 0.9%%, which is the quality check on a low-impact source; Cunningham, Vidulich & Kay, J. Chem. Eng. Data 1967, 12, 336-337 (rho, eta and eps for MeCN-H2O at 25 C); Wode & Seidel, Ber. Bunsenges. Phys. Chem. 1994, 98, 927-934 (precision MeCN-H2O viscosities); Aminabhavi & Gopalakrishna, J. Chem. Eng. Data 1995, 40, 856-861 (rho and eta at 298.15 K over the full composition range: DMF+H2O, DMSO+H2O, DMA+H2O, MeCN+H2O, THF+H2O)","Ansari & Singh Table-1, p. 68","i_lim ~ D ~ 1/mu and Sc = nu/D, so mu enters twice; a +/-25 pct property error displaces log10 i_lim by +/-0.10 (Eq. S1 is linear in D). That is small against the 1-2 order-of-magnitude spreads separating the seven reactor archetypes, so no architecture ranking or carrier-class conclusion can move; only per-reaction entries already within ~25 pct of a threshold can cross it.",
2. Solvents,MeCN/H2O 9:1 v/v: rho,0.82,g mL-1,assumption,"9:1 v/v = 87.5 wt% MeCN, outside the 10-70 wt% range Ansari & Singh measure. The row stays an assumption, but it is now bracketed by two measured points of their Table-1 p. 68 rather than by nothing: eta(70 wt%) = 0.574 cP and eta(pure an) = 0.346 cP, so 0.346 <= eta <= 0.574 and the carried 0.48 sits inside. Linear interpolation between those two measured points gives eta = 0.441 cP, rho = 0.805 g cm-3; the carried 0.48/0.82 are +8.9%/+1.9% against that.","Ansari & Singh, Res. J. Chem. Sci. 2022, 12(1), 67-69, Table-1 p. 68 -- measured densities and viscosities of acetonitrile-water at 25 C, 10-70 wt%% AN plus pure AN. Open access (www.isca.in). Its pure-component values, rho = 0.7767 g cm-3 and eta = 0.346 cP, reproduce the CRC 97th ed. MeCN entries carried here (0.776, 0.343) to 0.3%% and 0.9%%, which is the quality check on a low-impact source; Cunningham, Vidulich & Kay, J. Chem. Eng. Data 1967, 12, 336-337 (rho, eta and eps for MeCN-H2O at 25 C); Wode & Seidel, Ber. Bunsenges. Phys. Chem. 1994, 98, 927-934 (precision MeCN-H2O viscosities); Aminabhavi & Gopalakrishna, J. Chem. Eng. Data 1995, 40, 856-861 (rho and eta at 298.15 K over the full composition range: DMF+H2O, DMSO+H2O, DMA+H2O, MeCN+H2O, THF+H2O)","Ansari & Singh Table-1, p. 68","rho enters only through nu = mu/rho and the Schmidt number; Sh ~ Sc^0.356 at the rotating cylinder, so a 5 pct rho error moves k_m by 1.8 pct.",
2. Solvents,MeCN/H2O 9:1 v/v: phi (assoc.),1.17,-,derived,fitted so that phi*M reproduces the Perkins-Geankoplis mole-fraction rule applied to the pure-component phi and M; see the M row above,"Reid, Prausnitz & Poling, The Properties of Gases and Liquids, 4th ed., McGraw-Hill, 1987 (the edition held and verified; the 5th ed. of Poling, Prausnitz & O'Connell, 2001, carries the same increments under a different table number)",Eq. 11-9.8 (Perkins-Geankoplis mole-fraction mixing rule for phi*M),Presentational half of phi*M; no independent exposure.,S30
2. Solvents,MeCN/H2O 9:1 v/v: nu = mu/rho,5.854e-07,m2 s-1,derived,kinematic viscosity computed from the mu and rho rows above,this registry,,Inherits the exposure of its two inputs.,S31
2. Solvents,MeOH/H2O 1:1 v/v: M,26.4,g mol-1,derived,not a molar mass. Only the product phi*M enters Eq. S2; for mixtures phi*M is set by the Perkins-Geankoplis mole-fraction rule and the split into a nominal 'M' and a nominal 'phi' is presentational. Read the two rows as the single quantity phi*M = 51.2 g mol-1.,"Reid, Prausnitz & Poling, The Properties of Gases and Liquids, 4th ed., McGraw-Hill, 1987 (the edition held and verified; the 5th ed. of Poling, Prausnitz & O'Connell, 2001, carries the same increments under a different table number)",Eq. 11-9.8 (Perkins-Geankoplis mole-fraction mixing rule for phi*M),"Carries no independent exposure: only phi*M is used, and D ~ (phi M)^0.5.",
2. Solvents,MeOH/H2O 1:1 v/v: mu (25 C),1.6,mPa s,assumption,"mixture viscosity at the stated v/v ratio; not reproducible from any table located for it. Page-anchoring would require: Gonzalez, Calvar, Gomez & Dominguez, J. Chem. Thermodyn. 2007, 39, 1578-1588 (rho and eta for MeOH+H2O and EtOH+H2O at 298.15 K). The inherited citation was the CRC 'Concentrative Properties of Aqueous Solutions' table (pp. 5-118 to 5-135), whose viscosity and density data are tabulated at 20 C, not 25 C, and which is indexed by mass per cent rather than by v/v. It cannot support a 25 C value at a stated volume ratio and has been withdrawn. TEMPERATURE BASIS, DISCLOSED. The located table is measured at 20 C -- its header states 'All data refer to a temperature of 20 C' -- while this model works at 25 C, and no 25 C table for an aqueous alcohol mixture exists in that handbook (its only 25 C mixture table covers aqueous hydroxides). The carried value is the 25 C one, and it agrees with the tabulated 20 C entry scaled by the temperature dependence of water's own viscosity over the same interval (1.002 to 0.890 mPa s, -11.2 per cent) to within about 1 per cent: 1.82 x 0.888 = 1.62 against 1.60 carried for the methanol mixture, and 2.85 x 0.888 = 2.53 against 2.40 for the ethanol one. The approximation this leaves is that the mixture's relative temperature dependence matches water's across 20-25 C. It is small -- a few per cent at most -- and far inside the +/-25-50 per cent over which G-SOLV sweeps every non-page-anchored solvent property, where the worst threshold count moves by two of fifty and the architecture ordering is preserved throughout. On density the same 20 C basis applies and matters less: liquids expand on warming, so the 25 C density is the lower of the two by roughly half a per cent, and density enters only through nu = mu/rho -- cancelling entirely for the declared-delta archetypes and for Leveque, where Re Sc is independent of nu. ASSUMED throughout: that the volume ratio is measured before mixing, the usual laboratory convention, and that the v/v to mass per cent conversion may use pure-component densities at 25 C rather than 20 C, which shifts the mass per cent by under 0.2 and the interpolated entry by under 0.5 per cent. The inherited citation was the CRC 'Concentrative Properties of Aqueous Solutions' table (pp. 5-118 to 5-135), whose viscosity and density data are tabulated at 20 C, not 25 C, and which is indexed by mass per cent rather than by v/v. It cannot support a 25 C value at a stated volume ratio and has been withdrawn.","CRC Handbook of Chemistry and Physics, 97th ed., 2016 (Haynes), 'Concentrative Properties of Aqueous Solutions: Density, Refractive Index, Freezing Point Depression, and Viscosity'","pp. 5-118 ff., Methanol block, 20 C, read at 44.1 mass% methanol (1:1 v/v)","i_lim ~ D ~ 1/mu and Sc = nu/D, so mu enters twice; a +/-25 pct property error displaces log10 i_lim by +/-0.10 (Eq. S1 is linear in D). That is small against the 1-2 order-of-magnitude spreads separating the seven reactor archetypes, so no architecture ranking or carrier-class conclusion can move; only per-reaction entries already within ~25 pct of a threshold can cross it. TEMPERATURE BASIS: the source table is measured at 20 C and this model works at 25 C; the handbook has no 25 C table for an aqueous alcohol mixture. The value carried here is the 25 C one, and it reproduces the 20 C entry scaled by the temperature dependence of water's own viscosity over the same interval (1.002 to 0.890 mPa s) to within about 1 per cent. The residual approximation -- that the mixture's relative temperature dependence matches water's across 20-25 C -- is a few per cent at most, well inside the +/-25-50 per cent this property is swept over. On density the 20 C basis matters less still: the 25 C value is lower by roughly half a per cent, and density enters only through nu = mu/rho.",
2. Solvents,MeOH/H2O 1:1 v/v: rho,0.87,g mL-1,assumption,"mixture viscosity at the stated v/v ratio; not reproducible from any table located for it. Page-anchoring would require: Gonzalez, Calvar, Gomez & Dominguez, J. Chem. Thermodyn. 2007, 39, 1578-1588 (rho and eta for MeOH+H2O and EtOH+H2O at 298.15 K). The inherited citation was the CRC 'Concentrative Properties of Aqueous Solutions' table (pp. 5-118 to 5-135), whose viscosity and density data are tabulated at 20 C, not 25 C, and which is indexed by mass per cent rather than by v/v. It cannot support a 25 C value at a stated volume ratio and has been withdrawn. TEMPERATURE BASIS, DISCLOSED. The located table is measured at 20 C -- its header states 'All data refer to a temperature of 20 C' -- while this model works at 25 C, and no 25 C table for an aqueous alcohol mixture exists in that handbook (its only 25 C mixture table covers aqueous hydroxides). The carried value is the 25 C one, and it agrees with the tabulated 20 C entry scaled by the temperature dependence of water's own viscosity over the same interval (1.002 to 0.890 mPa s, -11.2 per cent) to within about 1 per cent: 1.82 x 0.888 = 1.62 against 1.60 carried for the methanol mixture, and 2.85 x 0.888 = 2.53 against 2.40 for the ethanol one. The approximation this leaves is that the mixture's relative temperature dependence matches water's across 20-25 C. It is small -- a few per cent at most -- and far inside the +/-25-50 per cent over which G-SOLV sweeps every non-page-anchored solvent property, where the worst threshold count moves by two of fifty and the architecture ordering is preserved throughout. On density the same 20 C basis applies and matters less: liquids expand on warming, so the 25 C density is the lower of the two by roughly half a per cent, and density enters only through nu = mu/rho -- cancelling entirely for the declared-delta archetypes and for Leveque, where Re Sc is independent of nu. ASSUMED throughout: that the volume ratio is measured before mixing, the usual laboratory convention, and that the v/v to mass per cent conversion may use pure-component densities at 25 C rather than 20 C, which shifts the mass per cent by under 0.2 and the interpolated entry by under 0.5 per cent. The inherited citation was the CRC 'Concentrative Properties of Aqueous Solutions' table (pp. 5-118 to 5-135), whose viscosity and density data are tabulated at 20 C, not 25 C, and which is indexed by mass per cent rather than by v/v. It cannot support a 25 C value at a stated volume ratio and has been withdrawn.","CRC Handbook of Chemistry and Physics, 97th ed., 2016 (Haynes), 'Concentrative Properties of Aqueous Solutions: Density, Refractive Index, Freezing Point Depression, and Viscosity'","pp. 5-118 ff., Methanol block, 20 C, read at 44.1 mass% methanol (1:1 v/v)","rho enters only through nu = mu/rho and the Schmidt number; Sh ~ Sc^0.356 at the rotating cylinder, so a 5 pct rho error moves k_m by 1.8 pct. TEMPERATURE BASIS: the source table is measured at 20 C and this model works at 25 C; the handbook has no 25 C table for an aqueous alcohol mixture. The value carried here is the 25 C one, and it reproduces the 20 C entry scaled by the temperature dependence of water's own viscosity over the same interval (1.002 to 0.890 mPa s) to within about 1 per cent. The residual approximation -- that the mixture's relative temperature dependence matches water's across 20-25 C -- is a few per cent at most, well inside the +/-25-50 per cent this property is swept over. On density the 20 C basis matters less still: the 25 C value is lower by roughly half a per cent, and density enters only through nu = mu/rho.",
2. Solvents,MeOH/H2O 1:1 v/v: phi (assoc.),1.94,-,derived,fitted so that phi*M reproduces the Perkins-Geankoplis mole-fraction rule applied to the pure-component phi and M; see the M row above,"Reid, Prausnitz & Poling, The Properties of Gases and Liquids, 4th ed., McGraw-Hill, 1987 (the edition held and verified; the 5th ed. of Poling, Prausnitz & O'Connell, 2001, carries the same increments under a different table number)",Eq. 11-9.8 (Perkins-Geankoplis mole-fraction mixing rule for phi*M),Presentational half of phi*M; no independent exposure.,S30
2. Solvents,MeOH/H2O 1:1 v/v: nu = mu/rho,1.839e-06,m2 s-1,derived,kinematic viscosity computed from the mu and rho rows above,this registry,,"Inherits the exposure of its two inputs, both of which are assumptions.",S31
2. Solvents,EtOH/H2O 1:1 v/v: M,33.0,g mol-1,derived,not a molar mass. Only the product phi*M enters Eq. S2; for mixtures phi*M is set by the Perkins-Geankoplis mole-fraction rule and the split into a nominal 'M' and a nominal 'phi' is presentational. Read the two rows as the single quantity phi*M = 52.1 g mol-1.,"Reid, Prausnitz & Poling, The Properties of Gases and Liquids, 4th ed., McGraw-Hill, 1987 (the edition held and verified; the 5th ed. of Poling, Prausnitz & O'Connell, 2001, carries the same increments under a different table number)",Eq. 11-9.8 (Perkins-Geankoplis mole-fraction mixing rule for phi*M),"Carries no independent exposure: only phi*M is used, and D ~ (phi M)^0.5. Display-only: this solvent system is registered but is not assigned to any of the 50 reactions in reactions_50.csv, so it enters no reported number.",
2. Solvents,EtOH/H2O 1:1 v/v: mu (25 C),2.4,mPa s,assumption,"mixture viscosity at the stated v/v ratio; not reproducible from any table located for it. Page-anchoring would require: Gonzalez, Calvar, Gomez & Dominguez, J. Chem. Thermodyn. 2007, 39, 1578-1588 (rho and eta for MeOH+H2O and EtOH+H2O at 298.15 K). The inherited citation was the CRC 'Concentrative Properties of Aqueous Solutions' table (pp. 5-118 to 5-135), whose viscosity and density data are tabulated at 20 C, not 25 C, and which is indexed by mass per cent rather than by v/v. It cannot support a 25 C value at a stated volume ratio and has been withdrawn. TEMPERATURE BASIS, DISCLOSED. The located table is measured at 20 C -- its header states 'All data refer to a temperature of 20 C' -- while this model works at 25 C, and no 25 C table for an aqueous alcohol mixture exists in that handbook (its only 25 C mixture table covers aqueous hydroxides). The carried value is the 25 C one, and it agrees with the tabulated 20 C entry scaled by the temperature dependence of water's own viscosity over the same interval (1.002 to 0.890 mPa s, -11.2 per cent) to within about 1 per cent: 1.82 x 0.888 = 1.62 against 1.60 carried for the methanol mixture, and 2.85 x 0.888 = 2.53 against 2.40 for the ethanol one. The approximation this leaves is that the mixture's relative temperature dependence matches water's across 20-25 C. It is small -- a few per cent at most -- and far inside the +/-25-50 per cent over which G-SOLV sweeps every non-page-anchored solvent property, where the worst threshold count moves by two of fifty and the architecture ordering is preserved throughout. On density the same 20 C basis applies and matters less: liquids expand on warming, so the 25 C density is the lower of the two by roughly half a per cent, and density enters only through nu = mu/rho -- cancelling entirely for the declared-delta archetypes and for Leveque, where Re Sc is independent of nu. ASSUMED throughout: that the volume ratio is measured before mixing, the usual laboratory convention, and that the v/v to mass per cent conversion may use pure-component densities at 25 C rather than 20 C, which shifts the mass per cent by under 0.2 and the interpolated entry by under 0.5 per cent. The inherited citation was the CRC 'Concentrative Properties of Aqueous Solutions' table (pp. 5-118 to 5-135), whose viscosity and density data are tabulated at 20 C, not 25 C, and which is indexed by mass per cent rather than by v/v. It cannot support a 25 C value at a stated volume ratio and has been withdrawn.","CRC Handbook of Chemistry and Physics, 97th ed., 2016 (Haynes), 'Concentrative Properties of Aqueous Solutions: Density, Refractive Index, Freezing Point Depression, and Viscosity'","pp. 5-118 ff., Ethanol block, 20 C, read at 44.1 mass% ethanol (1:1 v/v)","i_lim ~ D ~ 1/mu and Sc = nu/D, so mu enters twice; a +/-25 pct property error displaces log10 i_lim by +/-0.10 (Eq. S1 is linear in D). That is small against the 1-2 order-of-magnitude spreads separating the seven reactor archetypes, so no architecture ranking or carrier-class conclusion can move; only per-reaction entries already within ~25 pct of a threshold can cross it. TEMPERATURE BASIS: the source table is measured at 20 C and this model works at 25 C; the handbook has no 25 C table for an aqueous alcohol mixture. The value carried here is the 25 C one, and it reproduces the 20 C entry scaled by the temperature dependence of water's own viscosity over the same interval (1.002 to 0.890 mPa s) to within about 1 per cent. The residual approximation -- that the mixture's relative temperature dependence matches water's across 20-25 C -- is a few per cent at most, well inside the +/-25-50 per cent this property is swept over. On density the 20 C basis matters less still: the 25 C value is lower by roughly half a per cent, and density enters only through nu = mu/rho. Display-only: this solvent system is registered but is not assigned to any of the 50 reactions in reactions_50.csv, so it enters no reported number.",
2. Solvents,EtOH/H2O 1:1 v/v: rho,0.89,g mL-1,assumption,"mixture viscosity at the stated v/v ratio; not reproducible from any table located for it. Page-anchoring would require: Gonzalez, Calvar, Gomez & Dominguez, J. Chem. Thermodyn. 2007, 39, 1578-1588 (rho and eta for MeOH+H2O and EtOH+H2O at 298.15 K). The inherited citation was the CRC 'Concentrative Properties of Aqueous Solutions' table (pp. 5-118 to 5-135), whose viscosity and density data are tabulated at 20 C, not 25 C, and which is indexed by mass per cent rather than by v/v. It cannot support a 25 C value at a stated volume ratio and has been withdrawn. TEMPERATURE BASIS, DISCLOSED. The located table is measured at 20 C -- its header states 'All data refer to a temperature of 20 C' -- while this model works at 25 C, and no 25 C table for an aqueous alcohol mixture exists in that handbook (its only 25 C mixture table covers aqueous hydroxides). The carried value is the 25 C one, and it agrees with the tabulated 20 C entry scaled by the temperature dependence of water's own viscosity over the same interval (1.002 to 0.890 mPa s, -11.2 per cent) to within about 1 per cent: 1.82 x 0.888 = 1.62 against 1.60 carried for the methanol mixture, and 2.85 x 0.888 = 2.53 against 2.40 for the ethanol one. The approximation this leaves is that the mixture's relative temperature dependence matches water's across 20-25 C. It is small -- a few per cent at most -- and far inside the +/-25-50 per cent over which G-SOLV sweeps every non-page-anchored solvent property, where the worst threshold count moves by two of fifty and the architecture ordering is preserved throughout. On density the same 20 C basis applies and matters less: liquids expand on warming, so the 25 C density is the lower of the two by roughly half a per cent, and density enters only through nu = mu/rho -- cancelling entirely for the declared-delta archetypes and for Leveque, where Re Sc is independent of nu. ASSUMED throughout: that the volume ratio is measured before mixing, the usual laboratory convention, and that the v/v to mass per cent conversion may use pure-component densities at 25 C rather than 20 C, which shifts the mass per cent by under 0.2 and the interpolated entry by under 0.5 per cent. The inherited citation was the CRC 'Concentrative Properties of Aqueous Solutions' table (pp. 5-118 to 5-135), whose viscosity and density data are tabulated at 20 C, not 25 C, and which is indexed by mass per cent rather than by v/v. It cannot support a 25 C value at a stated volume ratio and has been withdrawn.","CRC Handbook of Chemistry and Physics, 97th ed., 2016 (Haynes), 'Concentrative Properties of Aqueous Solutions: Density, Refractive Index, Freezing Point Depression, and Viscosity'","pp. 5-118 ff., Ethanol block, 20 C, read at 44.1 mass% ethanol (1:1 v/v)","rho enters only through nu = mu/rho and the Schmidt number; Sh ~ Sc^0.356 at the rotating cylinder, so a 5 pct rho error moves k_m by 1.8 pct. TEMPERATURE BASIS: the source table is measured at 20 C and this model works at 25 C; the handbook has no 25 C table for an aqueous alcohol mixture. The value carried here is the 25 C one, and it reproduces the 20 C entry scaled by the temperature dependence of water's own viscosity over the same interval (1.002 to 0.890 mPa s) to within about 1 per cent. The residual approximation -- that the mixture's relative temperature dependence matches water's across 20-25 C -- is a few per cent at most, well inside the +/-25-50 per cent this property is swept over. On density the 20 C basis matters less still: the 25 C value is lower by roughly half a per cent, and density enters only through nu = mu/rho. Display-only: this solvent system is registered but is not assigned to any of the 50 reactions in reactions_50.csv, so it enters no reported number.",
2. Solvents,EtOH/H2O 1:1 v/v: phi (assoc.),1.58,-,derived,fitted so that phi*M reproduces the Perkins-Geankoplis mole-fraction rule applied to the pure-component phi and M; see the M row above,"Reid, Prausnitz & Poling, The Properties of Gases and Liquids, 4th ed., McGraw-Hill, 1987 (the edition held and verified; the 5th ed. of Poling, Prausnitz & O'Connell, 2001, carries the same increments under a different table number)",Eq. 11-9.8 (Perkins-Geankoplis mole-fraction mixing rule for phi*M),"Presentational half of phi*M; no independent exposure. Display-only: this solvent system is registered but is not assigned to any of the 50 reactions in reactions_50.csv, so it enters no reported number.",S30
2. Solvents,EtOH/H2O 1:1 v/v: nu = mu/rho,2.697e-06,m2 s-1,derived,kinematic viscosity computed from the mu and rho rows above,this registry,,"Inherits the exposure of its two inputs, both of which are assumptions. Display-only: this solvent system is registered but is not assigned to any of the 50 reactions in reactions_50.csv, so it enters no reported number.",S31
2. Solvents,DMF/H2O 9:1 v/v: M,56.0,g mol-1,derived,not a molar mass. Only the product phi*M enters Eq. S2; for mixtures phi*M is set by the Perkins-Geankoplis mole-fraction rule and the split into a nominal 'M' and a nominal 'phi' is presentational. Read the two rows as the single quantity phi*M = 64.4 g mol-1.,"Reid, Prausnitz & Poling, The Properties of Gases and Liquids, 4th ed., McGraw-Hill, 1987 (the edition held and verified; the 5th ed. of Poling, Prausnitz & O'Connell, 2001, carries the same increments under a different table number)",Eq. 11-9.8 (Perkins-Geankoplis mole-fraction mixing rule for phi*M),"Carries no independent exposure: only phi*M is used, and D ~ (phi M)^0.5. Display-only: this solvent system is registered but is not assigned to any of the 50 reactions in reactions_50.csv, so it enters no reported number.",
2. Solvents,DMF/H2O 9:1 v/v: mu (25 C),1.0,mPa s,assumption,"mixture viscosity at the stated v/v ratio; not reproducible from any table located for it. Page-anchoring would require: Aminabhavi & Gopalakrishna, J. Chem. Eng. Data 1995, 40, 856-861 (rho and eta at 298.15 K over the full composition range: DMF+H2O, DMSO+H2O, DMA+H2O, MeCN+H2O, THF+H2O). NOT BOUNDED, AND SAID SO. No table for this pair was located. The pure-component bracket used for the organic-organic mixtures is not valid upward here, because an aqueous-organic mixture can exceed both of its components in viscosity. This value is therefore a declared estimate carrying no upper bound, reported as such rather than given a bracket it does not have. Its exposure is measured instead by sweeping it: G-SOLV moves every non-page-anchored solvent property by +/-25-50 per cent and reports the worst count movement.",-- (no table located for this pair),,"i_lim ~ D ~ 1/mu and Sc = nu/D, so mu enters twice; a +/-25 pct property error displaces log10 i_lim by +/-0.10 (Eq. S1 is linear in D). That is small against the 1-2 order-of-magnitude spreads separating the seven reactor archetypes, so no architecture ranking or carrier-class conclusion can move; only per-reaction entries already within ~25 pct of a threshold can cross it. BASIS: no table for this pair was located, and a pure-component bracket is not valid upward for an aqueous-organic mixture. Carried as a declared estimate with no upper bound; its exposure is measured by sweeping it rather than by a bracket it does not have. Display-only: this solvent system is registered but is not assigned to any of the 50 reactions in reactions_50.csv, so it enters no reported number.",
2. Solvents,DMF/H2O 9:1 v/v: rho,0.96,g mL-1,assumption,"mixture viscosity at the stated v/v ratio; not reproducible from any table located for it. Page-anchoring would require: Aminabhavi & Gopalakrishna, J. Chem. Eng. Data 1995, 40, 856-861 (rho and eta at 298.15 K over the full composition range: DMF+H2O, DMSO+H2O, DMA+H2O, MeCN+H2O, THF+H2O). NOT BOUNDED, AND SAID SO. No table for this pair was located. The pure-component bracket used for the organic-organic mixtures is not valid upward here, because an aqueous-organic mixture can exceed both of its components in viscosity. This value is therefore a declared estimate carrying no upper bound, reported as such rather than given a bracket it does not have. Its exposure is measured instead by sweeping it: G-SOLV moves every non-page-anchored solvent property by +/-25-50 per cent and reports the worst count movement.",-- (no table located for this pair),,"rho enters only through nu = mu/rho and the Schmidt number; Sh ~ Sc^0.356 at the rotating cylinder, so a 5 pct rho error moves k_m by 1.8 pct. BASIS: no table for this pair was located, and a pure-component bracket is not valid upward for an aqueous-organic mixture. Carried as a declared estimate with no upper bound; its exposure is measured by sweeping it rather than by a bracket it does not have. Display-only: this solvent system is registered but is not assigned to any of the 50 reactions in reactions_50.csv, so it enters no reported number.",
2. Solvents,DMF/H2O 9:1 v/v: phi (assoc.),1.15,-,derived,fitted so that phi*M reproduces the Perkins-Geankoplis mole-fraction rule applied to the pure-component phi and M; see the M row above,"Reid, Prausnitz & Poling, The Properties of Gases and Liquids, 4th ed., McGraw-Hill, 1987 (the edition held and verified; the 5th ed. of Poling, Prausnitz & O'Connell, 2001, carries the same increments under a different table number)",Eq. 11-9.8 (Perkins-Geankoplis mole-fraction mixing rule for phi*M),"Presentational half of phi*M; no independent exposure. Display-only: this solvent system is registered but is not assigned to any of the 50 reactions in reactions_50.csv, so it enters no reported number.",S30
2. Solvents,DMF/H2O 9:1 v/v: nu = mu/rho,1.042e-06,m2 s-1,derived,kinematic viscosity computed from the mu and rho rows above,this registry,,"Inherits the exposure of its two inputs, both of which are assumptions. Display-only: this solvent system is registered but is not assigned to any of the 50 reactions in reactions_50.csv, so it enters no reported number.",S31
2. Solvents,DMSO/THF 5:1 v/v: M,77.1,g mol-1,derived,not a molar mass. Only the product phi*M enters Eq. S2; for mixtures phi*M is set by the Perkins-Geankoplis mole-fraction rule and the split into a nominal 'M' and a nominal 'phi' is presentational. Read the two rows as the single quantity phi*M = 77.1 g mol-1.,"Reid, Prausnitz & Poling, The Properties of Gases and Liquids, 4th ed., McGraw-Hill, 1987 (the edition held and verified; the 5th ed. of Poling, Prausnitz & O'Connell, 2001, carries the same increments under a different table number)",Eq. 11-9.8 (Perkins-Geankoplis mole-fraction mixing rule for phi*M),"Carries no independent exposure: only phi*M is used, and D ~ (phi M)^0.5.",
2. Solvents,DMSO/THF 5:1 v/v: mu (25 C),1.55,mPa s,assumption,"mixture viscosity at the stated v/v ratio; not reproducible from any table located for it. Page-anchoring would require: no measured isotherm located for this pair. BOUNDED, NOT SOURCED. Both pure components are page-anchored, and the mixture viscosity is bracketed between them. ASSUMED: monotone mixing. That holds for two organic liquids of similar class without strong hetero-association, and it is NOT applied to the aqueous mixtures here, where a viscosity maximum exceeding both pure components is well established -- methanol/water peaks near 1.8 mPa s against 0.54 for methanol and 0.89 for water. A pure-component bracket would be a false bound for exactly those systems.","Declared bracket: pure-component viscosities of DMSO and THF, both page-anchored in this registry","bracket [0.456, 1.987] mPa s","i_lim ~ D ~ 1/mu and Sc = nu/D, so mu enters twice; a +/-25 pct property error displaces log10 i_lim by +/-0.10 (Eq. S1 is linear in D). That is small against the 1-2 order-of-magnitude spreads separating the seven reactor archetypes, so no architecture ranking or carrier-class conclusion can move; only per-reaction entries already within ~25 pct of a threshold can cross it. BASIS: bracketed between the two pure components, both page-anchored. Monotone mixing is assumed, which holds for two organic liquids without strong hetero-association; it is deliberately not applied to the aqueous mixtures, where the viscosity maximum exceeds both components.",
2. Solvents,DMSO/THF 5:1 v/v: rho,1.06,g mL-1,assumption,"mixture viscosity at the stated v/v ratio; not reproducible from any table located for it. Page-anchoring would require: no measured isotherm located for this pair. BOUNDED, NOT SOURCED. Both pure components are page-anchored, and the mixture viscosity is bracketed between them. ASSUMED: monotone mixing. That holds for two organic liquids of similar class without strong hetero-association, and it is NOT applied to the aqueous mixtures here, where a viscosity maximum exceeding both pure components is well established -- methanol/water peaks near 1.8 mPa s against 0.54 for methanol and 0.89 for water. A pure-component bracket would be a false bound for exactly those systems.","Declared bracket: pure-component viscosities of DMSO and THF, both page-anchored in this registry","bracket [0.456, 1.987] mPa s","rho enters only through nu = mu/rho and the Schmidt number; Sh ~ Sc^0.356 at the rotating cylinder, so a 5 pct rho error moves k_m by 1.8 pct. BASIS: bracketed between the two pure components, both page-anchored. Monotone mixing is assumed, which holds for two organic liquids without strong hetero-association; it is deliberately not applied to the aqueous mixtures, where the viscosity maximum exceeds both components.",
2. Solvents,DMSO/THF 5:1 v/v: phi (assoc.),1.0,-,derived,fitted so that phi*M reproduces the Perkins-Geankoplis mole-fraction rule applied to the pure-component phi and M; see the M row above,"Reid, Prausnitz & Poling, The Properties of Gases and Liquids, 4th ed., McGraw-Hill, 1987 (the edition held and verified; the 5th ed. of Poling, Prausnitz & O'Connell, 2001, carries the same increments under a different table number)",Eq. 11-9.8 (Perkins-Geankoplis mole-fraction mixing rule for phi*M),Presentational half of phi*M; no independent exposure.,S30
2. Solvents,DMSO/THF 5:1 v/v: nu = mu/rho,1.462e-06,m2 s-1,derived,kinematic viscosity computed from the mu and rho rows above,this registry,,"Inherits the exposure of its two inputs, both of which are assumptions.",S31
2. Solvents,tAmOH/H2O 3:1 v/v: M,35.0,g mol-1,derived,not a molar mass. Only the product phi*M enters Eq. S2; for mixtures phi*M is set by the Perkins-Geankoplis mole-fraction rule and the split into a nominal 'M' and a nominal 'phi' is presentational. Read the two rows as the single quantity phi*M = 60.5 g mol-1.,"Reid, Prausnitz & Poling, The Properties of Gases and Liquids, 4th ed., McGraw-Hill, 1987 (the edition held and verified; the 5th ed. of Poling, Prausnitz & O'Connell, 2001, carries the same increments under a different table number)",Eq. 11-9.8 (Perkins-Geankoplis mole-fraction mixing rule for phi*M),"Carries no independent exposure: only phi*M is used, and D ~ (phi M)^0.5.",
2. Solvents,tAmOH/H2O 3:1 v/v: mu (25 C),2.8,mPa s,assumption,"mixture viscosity at the stated v/v ratio; not reproducible from any table located for it. Page-anchoring would require: no measured isotherm located for this pair. NOT BOUNDED, AND SAID SO. No table for this pair was located. The pure-component bracket used for the organic-organic mixtures is not valid upward here, because an aqueous-organic mixture can exceed both of its components in viscosity. This value is therefore a declared estimate carrying no upper bound, reported as such rather than given a bracket it does not have. Its exposure is measured instead by sweeping it: G-SOLV moves every non-page-anchored solvent property by +/-25-50 per cent and reports the worst count movement.",-- (no table located for this pair),,"i_lim ~ D ~ 1/mu and Sc = nu/D, so mu enters twice; a +/-25 pct property error displaces log10 i_lim by +/-0.10 (Eq. S1 is linear in D). That is small against the 1-2 order-of-magnitude spreads separating the seven reactor archetypes, so no architecture ranking or carrier-class conclusion can move; only per-reaction entries already within ~25 pct of a threshold can cross it. BASIS: no table for this pair was located, and a pure-component bracket is not valid upward for an aqueous-organic mixture. Carried as a declared estimate with no upper bound; its exposure is measured by sweeping it rather than by a bracket it does not have.",
2. Solvents,tAmOH/H2O 3:1 v/v: rho,0.85,g mL-1,assumption,"mixture viscosity at the stated v/v ratio; not reproducible from any table located for it. Page-anchoring would require: no measured isotherm located for this pair. NOT BOUNDED, AND SAID SO. No table for this pair was located. The pure-component bracket used for the organic-organic mixtures is not valid upward here, because an aqueous-organic mixture can exceed both of its components in viscosity. This value is therefore a declared estimate carrying no upper bound, reported as such rather than given a bracket it does not have. Its exposure is measured instead by sweeping it: G-SOLV moves every non-page-anchored solvent property by +/-25-50 per cent and reports the worst count movement.",-- (no table located for this pair),,"rho enters only through nu = mu/rho and the Schmidt number; Sh ~ Sc^0.356 at the rotating cylinder, so a 5 pct rho error moves k_m by 1.8 pct. BASIS: no table for this pair was located, and a pure-component bracket is not valid upward for an aqueous-organic mixture. Carried as a declared estimate with no upper bound; its exposure is measured by sweeping it rather than by a bracket it does not have.",
2. Solvents,tAmOH/H2O 3:1 v/v: phi (assoc.),1.73,-,derived,fitted so that phi*M reproduces the Perkins-Geankoplis mole-fraction rule applied to the pure-component phi and M; see the M row above,"Reid, Prausnitz & Poling, The Properties of Gases and Liquids, 4th ed., McGraw-Hill, 1987 (the edition held and verified; the 5th ed. of Poling, Prausnitz & O'Connell, 2001, carries the same increments under a different table number)",Eq. 11-9.8 (Perkins-Geankoplis mole-fraction mixing rule for phi*M),Presentational half of phi*M; no independent exposure.,S30
2. Solvents,tAmOH/H2O 3:1 v/v: nu = mu/rho,3.294e-06,m2 s-1,derived,kinematic viscosity computed from the mu and rho rows above,this registry,,"Inherits the exposure of its two inputs, both of which are assumptions.",S31
2. Solvents,AcOH/HCOOH 1:1 v/v: M,53.0,g mol-1,derived,not a molar mass. Only the product phi*M enters Eq. S2; for mixtures phi*M is set by the Perkins-Geankoplis mole-fraction rule and the split into a nominal 'M' and a nominal 'phi' is presentational. Read the two rows as the single quantity phi*M = 53.0 g mol-1.,"Reid, Prausnitz & Poling, The Properties of Gases and Liquids, 4th ed., McGraw-Hill, 1987 (the edition held and verified; the 5th ed. of Poling, Prausnitz & O'Connell, 2001, carries the same increments under a different table number)",Eq. 11-9.8 (Perkins-Geankoplis mole-fraction mixing rule for phi*M),"Carries no independent exposure: only phi*M is used, and D ~ (phi M)^0.5.",
2. Solvents,AcOH/HCOOH 1:1 v/v: mu (25 C),1.28,mPa s,assumption,"mixture viscosity at the stated v/v ratio; not reproducible from any table located for it. Page-anchoring would require: no measured isotherm located for this pair. BOUNDED, NOT SOURCED. Both pure components are page-anchored, and the mixture viscosity is bracketed between them. ASSUMED: monotone mixing. That holds for two organic liquids of similar class without strong hetero-association, and it is NOT applied to the aqueous mixtures here, where a viscosity maximum exceeding both pure components is well established -- methanol/water peaks near 1.8 mPa s against 0.54 for methanol and 0.89 for water. A pure-component bracket would be a false bound for exactly those systems.","Declared bracket: pure-component viscosities of acetic and formic acid, CRC 97th ed. Sect. 6 'Viscosity of Liquids'","bracket [1.056, 1.607] mPa s","i_lim ~ D ~ 1/mu and Sc = nu/D, so mu enters twice; a +/-25 pct property error displaces log10 i_lim by +/-0.10 (Eq. S1 is linear in D). That is small against the 1-2 order-of-magnitude spreads separating the seven reactor archetypes, so no architecture ranking or carrier-class conclusion can move; only per-reaction entries already within ~25 pct of a threshold can cross it. BASIS: bracketed between the two pure components, both page-anchored. Monotone mixing is assumed, which holds for two organic liquids without strong hetero-association; it is deliberately not applied to the aqueous mixtures, where the viscosity maximum exceeds both components.",
2. Solvents,AcOH/HCOOH 1:1 v/v: rho,1.13,g mL-1,assumption,"mixture viscosity at the stated v/v ratio; not reproducible from any table located for it. Page-anchoring would require: no measured isotherm located for this pair. BOUNDED, NOT SOURCED. Both pure components are page-anchored, and the mixture viscosity is bracketed between them. ASSUMED: monotone mixing. That holds for two organic liquids of similar class without strong hetero-association, and it is NOT applied to the aqueous mixtures here, where a viscosity maximum exceeding both pure components is well established -- methanol/water peaks near 1.8 mPa s against 0.54 for methanol and 0.89 for water. A pure-component bracket would be a false bound for exactly those systems.","Declared bracket: pure-component viscosities of acetic and formic acid, CRC 97th ed. Sect. 6 'Viscosity of Liquids'","bracket [1.056, 1.607] mPa s","rho enters only through nu = mu/rho and the Schmidt number; Sh ~ Sc^0.356 at the rotating cylinder, so a 5 pct rho error moves k_m by 1.8 pct. BASIS: bracketed between the two pure components, both page-anchored. Monotone mixing is assumed, which holds for two organic liquids without strong hetero-association; it is deliberately not applied to the aqueous mixtures, where the viscosity maximum exceeds both components.",
2. Solvents,AcOH/HCOOH 1:1 v/v: phi (assoc.),1.0,-,derived,fitted so that phi*M reproduces the Perkins-Geankoplis mole-fraction rule applied to the pure-component phi and M; see the M row above,"Reid, Prausnitz & Poling, The Properties of Gases and Liquids, 4th ed., McGraw-Hill, 1987 (the edition held and verified; the 5th ed. of Poling, Prausnitz & O'Connell, 2001, carries the same increments under a different table number)",Eq. 11-9.8 (Perkins-Geankoplis mole-fraction mixing rule for phi*M),Presentational half of phi*M; no independent exposure.,S30
2. Solvents,AcOH/HCOOH 1:1 v/v: nu = mu/rho,1.133e-06,m2 s-1,derived,kinematic viscosity computed from the mu and rho rows above,this registry,,"Inherits the exposure of its two inputs, both of which are assumptions.",S31
2. Solvents,H2O/MeCN 2:1 v/v: M,24.0,g mol-1,derived,not a molar mass. Only the product phi*M enters Eq. S2; for mixtures phi*M is set by the Perkins-Geankoplis mole-fraction rule and the split into a nominal 'M' and a nominal 'phi' is presentational. Read the two rows as the single quantity phi*M = 46.0 g mol-1.,"Reid, Prausnitz & Poling, The Properties of Gases and Liquids, 4th ed., McGraw-Hill, 1987 (the edition held and verified; the 5th ed. of Poling, Prausnitz & O'Connell, 2001, carries the same increments under a different table number)",Eq. 11-9.8 (Perkins-Geankoplis mole-fraction mixing rule for phi*M),"Carries no independent exposure: only phi*M is used, and D ~ (phi M)^0.5.",
2. Solvents,H2O/MeCN 2:1 v/v: mu (25 C),0.9,mPa s,derived,"2:1 v/v = 28.0 wt% MeCN, inside the range Ansari & Singh measure. Interpolating their Table-1 p. 68 rows at 20 wt% (0.973 cP, 0.9588 g cm-3) and 30 wt% (0.910, 0.9380) gives eta = 0.922 cP and rho = 0.942 g cm-3. The carried 0.90/0.94 are -2.4%/-0.2% against that measured interpolation -- the only mixed solvent in the set whose properties can be read off a measured table.","Ansari & Singh, Res. J. Chem. Sci. 2022, 12(1), 67-69, Table-1 p. 68 -- measured densities and viscosities of acetonitrile-water at 25 C, 10-70 wt%% AN plus pure AN. Open access (www.isca.in). Its pure-component values, rho = 0.7767 g cm-3 and eta = 0.346 cP, reproduce the CRC 97th ed. MeCN entries carried here (0.776, 0.343) to 0.3%% and 0.9%%, which is the quality check on a low-impact source; Cunningham, Vidulich & Kay, J. Chem. Eng. Data 1967, 12, 336-337 (rho, eta and eps for MeCN-H2O at 25 C); Wode & Seidel, Ber. Bunsenges. Phys. Chem. 1994, 98, 927-934 (precision MeCN-H2O viscosities); Aminabhavi & Gopalakrishna, J. Chem. Eng. Data 1995, 40, 856-861 (rho and eta at 298.15 K over the full composition range: DMF+H2O, DMSO+H2O, DMA+H2O, MeCN+H2O, THF+H2O)","Ansari & Singh Table-1, p. 68","i_lim ~ D ~ 1/mu and Sc = nu/D, so mu enters twice; a +/-25 pct property error displaces log10 i_lim by +/-0.10 (Eq. S1 is linear in D). That is small against the 1-2 order-of-magnitude spreads separating the seven reactor archetypes, so no architecture ranking or carrier-class conclusion can move; only per-reaction entries already within ~25 pct of a threshold can cross it.",
2. Solvents,H2O/MeCN 2:1 v/v: rho,0.94,g mL-1,derived,"2:1 v/v = 28.0 wt% MeCN, inside the range Ansari & Singh measure. Interpolating their Table-1 p. 68 rows at 20 wt% (0.973 cP, 0.9588 g cm-3) and 30 wt% (0.910, 0.9380) gives eta = 0.922 cP and rho = 0.942 g cm-3. The carried 0.90/0.94 are -2.4%/-0.2% against that measured interpolation -- the only mixed solvent in the set whose properties can be read off a measured table.","Ansari & Singh, Res. J. Chem. Sci. 2022, 12(1), 67-69, Table-1 p. 68 -- measured densities and viscosities of acetonitrile-water at 25 C, 10-70 wt%% AN plus pure AN. Open access (www.isca.in). Its pure-component values, rho = 0.7767 g cm-3 and eta = 0.346 cP, reproduce the CRC 97th ed. MeCN entries carried here (0.776, 0.343) to 0.3%% and 0.9%%, which is the quality check on a low-impact source; Cunningham, Vidulich & Kay, J. Chem. Eng. Data 1967, 12, 336-337 (rho, eta and eps for MeCN-H2O at 25 C); Wode & Seidel, Ber. Bunsenges. Phys. Chem. 1994, 98, 927-934 (precision MeCN-H2O viscosities); Aminabhavi & Gopalakrishna, J. Chem. Eng. Data 1995, 40, 856-861 (rho and eta at 298.15 K over the full composition range: DMF+H2O, DMSO+H2O, DMA+H2O, MeCN+H2O, THF+H2O)","Ansari & Singh Table-1, p. 68","rho enters only through nu = mu/rho and the Schmidt number; Sh ~ Sc^0.356 at the rotating cylinder, so a 5 pct rho error moves k_m by 1.8 pct.",
2. Solvents,H2O/MeCN 2:1 v/v: phi (assoc.),1.916,-,derived,fitted so that phi*M reproduces the Perkins-Geankoplis mole-fraction rule applied to the pure-component phi and M; see the M row above,"Reid, Prausnitz & Poling, The Properties of Gases and Liquids, 4th ed., McGraw-Hill, 1987 (the edition held and verified; the 5th ed. of Poling, Prausnitz & O'Connell, 2001, carries the same increments under a different table number)",Eq. 11-9.8 (Perkins-Geankoplis mole-fraction mixing rule for phi*M),Presentational half of phi*M; no independent exposure.,S30
2. Solvents,H2O/MeCN 2:1 v/v: nu = mu/rho,9.574e-07,m2 s-1,derived,kinematic viscosity computed from the mu and rho rows above,this registry,,Inherits the exposure of its two inputs.,S31
3. Estimation methods,Transport theory level,dilute-solution,-,assumption,"the film problem is solved on DILUTE-SOLUTION theory: Nernst-Planck fluxes with a constant diffusivity per species, local electroneutrality, unit activity coefficients, and no Stefan-Maxwell cross-coefficients (Newman, Electrochemical Systems, Ch. 11). Chosen because the Onsager/Stefan-Maxwell coefficients required by concentrated-solution theory do not exist in the literature for these fifty organic electrolyte compositions; obtaining them is a measurement programme, not a modelling choice","Newman & Thomas-Alyea, Electrochemical Systems, 3rd ed., Ch. 11 (dilute-solution theory) and Ch. 12 (concentrated-solution theory)",Ch. 11-12,"Bounded from this project's own measured isotherms rather than argued. Dilute-solution theory with concentration-independent mobilities predicts kappa proportional to c, i.e. a constant equivalent conductance; the 21-point isotherms show Lambda falling to 0.44 of its dilute value by 0.80 mol/kg and to 0.05 by 4.50 mol/kg for Bu4NBF4/MeCN, and to 0.74 by 1.57 mol/kg for NaCl/H2O. The assumption is therefore quantitatively wrong above roughly 1 M and the model states so. What protects the reported results is that the numerics are verified against the analytic limits of the theory it does implement -- Newman's binary-electrolyte x2 migration enhancement is reproduced to 0.5 pct and 0.26 pct, and discrete charge conservation holds to 3e-12 -- and that the conclusions rest on the architecture ORDERING and on order-of-magnitude contrasts, neither of which any sweep run here inverts.",
3. Estimation methods,Viscosity used in D and in nu,pure solvent,-,assumption,"mu is the PURE SOLVENT viscosity of Table S3, page-anchored to CRC, used both in Wilke-Chang (D ~ 1/mu) and in nu = mu/rho for the mass-transfer correlations. The cells contain solute at up to 13.7 M total, and a solution is more viscous than the solvent it is made from, so every affected ceiling is OVERSTATED. Chosen because no solution-viscosity measurement exists for these fifty compositions and inventing one would be worse than declaring the gap",declared modelling choice,,"Swept rather than corrected, the 14 rows at >= 1.0 M total dissolved. The response is NOT 1/mu: mu also enters nu, and delta_eff moves with it wherever delta is computed, so d ln i_lim / d ln mu is -1.000 for the two declared-delta archetypes but -0.667 (Leveque), -0.833 (Levich) and -0.988 (Eisenberg) for the rest, asserted against the computed delta_eff at run time. Result: the first >=25 count moves at mu_solution/mu_solvent = 1.5, and it is the unstirred column that moves; the architecture ordering survives to 3.0, and the thin-gap, RDE and RCE counts do not move anywhere in that range. The reported integers should be read with that breaking point; the ordering does not depend on it.",
3. Estimation methods,Wilke-Chang: D = 7.4e-8 (phi M)^0.5 T / (mu V^0.6),7.4e-8,(cgs mixed),measured,"empirical correlation as published; applies to the 43 molecular carriers and the mediated-spec substrates. Ferrocene/MeCN anchor: predicted 1.8e-5 vs measured 2.4e-5 cm2 s-1 (-24 pct), disclosed in S3","Wilke & Chang, AIChE J. 1955, 1, 264-270","pp. 264-270; correlation and its recommended association parameters (2.6 water, 1.9 methanol, 1.5 ethanol, 1.0 unassociated), as restated at Reid 4th ed. p. 599","Canonical accuracy +/-10-20 pct for typical organics; our worst anchor is -24 pct. I_lim is linear in D, so this displaces log10 i_lim by at most 0.10.",S2
3. Estimation methods,Stokes-Einstein hydrodynamic radius r,4-5,Angstrom,assumption,hydrodynamic radius assigned to M(bpy)/M(salen) molecular-catalyst cores; the equation D = kB T / (6 pi mu r) itself is textbook,declared modelling choice,,"D ~ 1/r, so the declared 4-5 Angstrom band spans 25 pct in D. The resulting D = 3-7e-6 cm2 s-1 brackets the range reported for such complexes in amide solvents. At the sourced rate constants (S5.7) the ten-of-eleven count is conditional on this radius: it breaks at r_h = 4.27 Angstrom on the deciding row (Ni-XEC C(sp2)-C(sp3), 23.7 mA cm-2 at best), inside the assigned band and above the 3.40 Angstrom that size-scaling the ferrocene anchor predicts; the 1/r scaling is the k = 0 law and a bound for the sourced rows, whose kinetic-regime ceiling goes as sqrt(D) and breaks at 4.05 Angstrom. The carrier dichotomy -- the central mechanistic result -- is unaffected.",S24
3. Estimation methods,Stokes-Einstein: D = kB T / (6 pi mu r),--,-,derived,"molecular catalysts; radius from the row above, mu from category 2","Cussler, Diffusion: Mass Transfer in Fluid Systems, 3rd ed., Cambridge Univ. Press, 2009","Eq. (5.2-1), p. 127",See the hydrodynamic-radius row.,S24
3. Estimation methods,Nernst-Einstein: D = R T lambda0 / (z2 F2),--,-,derived,"small inorganic ions from limiting molar conductivity. The relation is stated in the header of the cited table, and that table's own D column reproduces this implementation to better than 0.1 pct for H+, K+, HCO3- and the divalent CO3^2-, which is the check that the z^2 is handled correctly","CRC Handbook of Chemistry and Physics, 97th ed. (W. M. Haynes, ed.), CRC Press, 2016","Sect. 5, 'Ionic Conductivity and Diffusion at Infinite Dilution' (P. Vanysek), pp. 5-75 to 5-76, aqueous limiting molar conductivities and diffusion coefficients at 25 C","Exact identity at infinite dilution; the exposure sits in lambda0, not in the method.",S25
3. Estimation methods,Le Bas increment: C,14.8,cm3 mol-1,measured,"additive atomic volumes at the normal boiling point, read from Table 3-8; the benzene closure check reproduces the textbook 96.0 cm3 mol-1","Reid, Prausnitz & Poling, The Properties of Gases and Liquids, 4th ed., McGraw-Hill, 1987 (the edition held and verified; the 5th ed. of Poling, Prausnitz & O'Connell, 2001, carries the same increments under a different table number)","Table 3-8, p. 53, 'Volume Increments for the Calculation of Molar Volumes Vb', Le Bas column",D ~ V_A^-0.6; the benzene closure check bounds the increment set to a few per cent.,S23
3. Estimation methods,Le Bas increment: H,3.7,cm3 mol-1,measured,"additive atomic volumes at the normal boiling point, read from Table 3-8; the benzene closure check reproduces the textbook 96.0 cm3 mol-1","Reid, Prausnitz & Poling, The Properties of Gases and Liquids, 4th ed., McGraw-Hill, 1987 (the edition held and verified; the 5th ed. of Poling, Prausnitz & O'Connell, 2001, carries the same increments under a different table number)","Table 3-8, p. 53, 'Volume Increments for the Calculation of Molar Volumes Vb', Le Bas column",D ~ V_A^-0.6; the benzene closure check bounds the increment set to a few per cent.,S23
3. Estimation methods,Le Bas increment: O (ether/carbonyl),7.4,cm3 mol-1,measured,"additive atomic volumes at the normal boiling point, read from Table 3-8; the benzene closure check reproduces the textbook 96.0 cm3 mol-1","Reid, Prausnitz & Poling, The Properties of Gases and Liquids, 4th ed., McGraw-Hill, 1987 (the edition held and verified; the 5th ed. of Poling, Prausnitz & O'Connell, 2001, carries the same increments under a different table number)","Table 3-8, p. 53, 'Volume Increments for the Calculation of Molar Volumes Vb', Le Bas column",D ~ V_A^-0.6; the benzene closure check bounds the increment set to a few per cent.,S23
3. Estimation methods,Le Bas increment: O (acid hydroxyl),12.0,cm3 mol-1,measured,"additive atomic volumes at the normal boiling point, read from Table 3-8; the benzene closure check reproduces the textbook 96.0 cm3 mol-1","Reid, Prausnitz & Poling, The Properties of Gases and Liquids, 4th ed., McGraw-Hill, 1987 (the edition held and verified; the 5th ed. of Poling, Prausnitz & O'Connell, 2001, carries the same increments under a different table number)","Table 3-8, p. 53, 'Volume Increments for the Calculation of Molar Volumes Vb', Le Bas column",D ~ V_A^-0.6; the benzene closure check bounds the increment set to a few per cent.,S23
3. Estimation methods,Le Bas increment: N (tertiary),15.6,cm3 mol-1,measured,"additive atomic volumes at the normal boiling point, read from Table 3-8; the benzene closure check reproduces the textbook 96.0 cm3 mol-1","Reid, Prausnitz & Poling, The Properties of Gases and Liquids, 4th ed., McGraw-Hill, 1987 (the edition held and verified; the 5th ed. of Poling, Prausnitz & O'Connell, 2001, carries the same increments under a different table number)","Table 3-8, p. 53, 'Volume Increments for the Calculation of Molar Volumes Vb', Le Bas column",D ~ V_A^-0.6; the benzene closure check bounds the increment set to a few per cent.,S23
3. Estimation methods,Le Bas increment: N (primary amine),10.5,cm3 mol-1,measured,"additive atomic volumes at the normal boiling point, read from Table 3-8; the benzene closure check reproduces the textbook 96.0 cm3 mol-1","Reid, Prausnitz & Poling, The Properties of Gases and Liquids, 4th ed., McGraw-Hill, 1987 (the edition held and verified; the 5th ed. of Poling, Prausnitz & O'Connell, 2001, carries the same increments under a different table number)","Table 3-8, p. 53, 'Volume Increments for the Calculation of Molar Volumes Vb', Le Bas column",D ~ V_A^-0.6; the benzene closure check bounds the increment set to a few per cent.,S23
3. Estimation methods,Le Bas increment: N (secondary),12.0,cm3 mol-1,measured,"additive atomic volumes at the normal boiling point, read from Table 3-8; the benzene closure check reproduces the textbook 96.0 cm3 mol-1","Reid, Prausnitz & Poling, The Properties of Gases and Liquids, 4th ed., McGraw-Hill, 1987 (the edition held and verified; the 5th ed. of Poling, Prausnitz & O'Connell, 2001, carries the same increments under a different table number)","Table 3-8, p. 53, 'Volume Increments for the Calculation of Molar Volumes Vb', Le Bas column",D ~ V_A^-0.6; the benzene closure check bounds the increment set to a few per cent.,S23
3. Estimation methods,Le Bas increment: S,25.6,cm3 mol-1,measured,"additive atomic volumes at the normal boiling point, read from Table 3-8; the benzene closure check reproduces the textbook 96.0 cm3 mol-1","Reid, Prausnitz & Poling, The Properties of Gases and Liquids, 4th ed., McGraw-Hill, 1987 (the edition held and verified; the 5th ed. of Poling, Prausnitz & O'Connell, 2001, carries the same increments under a different table number)","Table 3-8, p. 53, 'Volume Increments for the Calculation of Molar Volumes Vb', Le Bas column",D ~ V_A^-0.6; the benzene closure check bounds the increment set to a few per cent.,S23
3. Estimation methods,Le Bas increment: F,8.7,cm3 mol-1,measured,"additive atomic volumes at the normal boiling point, read from Table 3-8; the benzene closure check reproduces the textbook 96.0 cm3 mol-1","Reid, Prausnitz & Poling, The Properties of Gases and Liquids, 4th ed., McGraw-Hill, 1987 (the edition held and verified; the 5th ed. of Poling, Prausnitz & O'Connell, 2001, carries the same increments under a different table number)","Table 3-8, p. 53, 'Volume Increments for the Calculation of Molar Volumes Vb', Le Bas column",D ~ V_A^-0.6; the benzene closure check bounds the increment set to a few per cent.,S23
3. Estimation methods,Le Bas increment: Cl,24.6,cm3 mol-1,measured,"additive atomic volumes at the normal boiling point, read from Table 3-8; the benzene closure check reproduces the textbook 96.0 cm3 mol-1","Reid, Prausnitz & Poling, The Properties of Gases and Liquids, 4th ed., McGraw-Hill, 1987 (the edition held and verified; the 5th ed. of Poling, Prausnitz & O'Connell, 2001, carries the same increments under a different table number)","Table 3-8, p. 53, 'Volume Increments for the Calculation of Molar Volumes Vb', Le Bas column",D ~ V_A^-0.6; the benzene closure check bounds the increment set to a few per cent.,S23
3. Estimation methods,Le Bas increment: Br,27.0,cm3 mol-1,measured,"additive atomic volumes at the normal boiling point, read from Table 3-8; the benzene closure check reproduces the textbook 96.0 cm3 mol-1","Reid, Prausnitz & Poling, The Properties of Gases and Liquids, 4th ed., McGraw-Hill, 1987 (the edition held and verified; the 5th ed. of Poling, Prausnitz & O'Connell, 2001, carries the same increments under a different table number)","Table 3-8, p. 53, 'Volume Increments for the Calculation of Molar Volumes Vb', Le Bas column",D ~ V_A^-0.6; the benzene closure check bounds the increment set to a few per cent.,S23
3. Estimation methods,Le Bas increment: I,37.0,cm3 mol-1,measured,"additive atomic volumes at the normal boiling point, read from Table 3-8; the benzene closure check reproduces the textbook 96.0 cm3 mol-1","Reid, Prausnitz & Poling, The Properties of Gases and Liquids, 4th ed., McGraw-Hill, 1987 (the edition held and verified; the 5th ed. of Poling, Prausnitz & O'Connell, 2001, carries the same increments under a different table number)","Table 3-8, p. 53, 'Volume Increments for the Calculation of Molar Volumes Vb', Le Bas column",D ~ V_A^-0.6; the benzene closure check bounds the increment set to a few per cent.,S23
3. Estimation methods,Le Bas increment: 6-ring correction,-15.0,cm3 mol-1,measured,"additive atomic volumes at the normal boiling point, read from Table 3-8; the benzene closure check reproduces the textbook 96.0 cm3 mol-1","Reid, Prausnitz & Poling, The Properties of Gases and Liquids, 4th ed., McGraw-Hill, 1987 (the edition held and verified; the 5th ed. of Poling, Prausnitz & O'Connell, 2001, carries the same increments under a different table number)","Table 3-8, p. 53, 'Volume Increments for the Calculation of Molar Volumes Vb', Le Bas column",D ~ V_A^-0.6; the benzene closure check bounds the increment set to a few per cent.,S23
3. Estimation methods,Le Bas increment: 5-ring,-11.5,cm3 mol-1,measured,"additive atomic volumes at the normal boiling point, read from Table 3-8; the benzene closure check reproduces the textbook 96.0 cm3 mol-1","Reid, Prausnitz & Poling, The Properties of Gases and Liquids, 4th ed., McGraw-Hill, 1987 (the edition held and verified; the 5th ed. of Poling, Prausnitz & O'Connell, 2001, carries the same increments under a different table number)","Table 3-8, p. 53, 'Volume Increments for the Calculation of Molar Volumes Vb', Le Bas column",D ~ V_A^-0.6; the benzene closure check bounds the increment set to a few per cent.,S23
3. Estimation methods,Le Bas increment: 4-ring,-8.5,cm3 mol-1,measured,"additive atomic volumes at the normal boiling point, read from Table 3-8; the benzene closure check reproduces the textbook 96.0 cm3 mol-1","Reid, Prausnitz & Poling, The Properties of Gases and Liquids, 4th ed., McGraw-Hill, 1987 (the edition held and verified; the 5th ed. of Poling, Prausnitz & O'Connell, 2001, carries the same increments under a different table number)","Table 3-8, p. 53, 'Volume Increments for the Calculation of Molar Volumes Vb', Le Bas column",D ~ V_A^-0.6; the benzene closure check bounds the increment set to a few per cent.,S23
3. Estimation methods,Le Bas increment: 3-ring,-6.0,cm3 mol-1,measured,"additive atomic volumes at the normal boiling point, read from Table 3-8; the benzene closure check reproduces the textbook 96.0 cm3 mol-1","Reid, Prausnitz & Poling, The Properties of Gases and Liquids, 4th ed., McGraw-Hill, 1987 (the edition held and verified; the 5th ed. of Poling, Prausnitz & O'Connell, 2001, carries the same increments under a different table number)","Table 3-8, p. 53, 'Volume Increments for the Calculation of Molar Volumes Vb', Le Bas column",D ~ V_A^-0.6; the benzene closure check bounds the increment set to a few per cent.,S23
3. Estimation methods,Le Bas increment: P,27.0,cm3 mol-1,assumption,"phosphorus increment carried in the code's increment table. Not present in the Le Bas column of Table 3-8, p. 53, and therefore not page-anchored to it","Declared, no external source: the phosphorus increment is not present in the Le Bas column of Table 3-8, p. 53, so it cannot be page-anchored to it. It is display-only -- no carrier in the 50-reaction set contains phosphorus.",,"Display-only: no carrier in the 50-reaction set contains phosphorus, so this increment enters no reported volume, no D and no i_lim. Verified by scanning reactions_50.csv for a phosphorus-bearing Le Bas construction: zero rows.",S23
4. Solver species diffusivities,H+ (aq),9.3e-09,m2 s-1,derived,"Nernst-Einstein D = R T lambda0 / (z^2 F^2) with R, T and F from category 1; lambda0 = 349.7 S cm2 mol-1, z = 1","CRC Handbook of Chemistry and Physics, 97th ed. (W. M. Haynes, ed.), CRC Press, 2016","Sect. 5, 'Ionic Conductivity and Diffusion at Infinite Dilution' (P. Vanysek), pp. 5-75 to 5-76, aqueous limiting molar conductivities and diffusion coefficients at 25 C","Solver species: supporting-electrolyte ions, mediators and mediator counter-ions. These set migration and the film potential in the Stage-1 and EC-prime solves, and they do reach reported quantities. In the Stage-0 film model only the Table S2 carrier D sets i_lim, but that is not true of the eight mediated entries, whose plotted current comes from the EC-prime solve these species enter. Doubling ClO4-, SCN-, Br- and Br2 together and re-solving the mediated matrix moves 18 of the 300 cells of the merged matrix by more than 1 pct and moves two published counts by one entry each: the stirred >=25 mA cm-2 count and the parallel-plate >=50 mA cm-2 count, each rising by one of fifty. The absolute values that perturbation was measured against predate the acetonitrile viscosity correction, which moved both baselines down by one independently, so the one-entry movement is quoted here rather than a pair of from/to integers that no longer describe the current matrix. The unstirred, thin-gap, RDE and rotating-cylinder counts are unchanged and the architecture ordering is preserved; the largest median shift is +11 pct at the rotating cylinder (121.7 -> 135.7 mA cm-2). A factor of two is far wider than the uncertainty on any of these values, so the counts are stable in practice, but they are not invariant to them. The discrete charge-conservation check (maximum deviation 3e-12) and the binary-migration bound (2.00x Fick, reproduced to 0.2 pct) are insensitive to these values, because they test charge bookkeeping rather than the reported counts.",S25
4. Solver species diffusivities,OH- (aq),5.27e-09,m2 s-1,derived,"Nernst-Einstein D = R T lambda0 / (z^2 F^2) with R, T and F from category 1; lambda0 = 198.0 S cm2 mol-1, z = 1","CRC Handbook of Chemistry and Physics, 97th ed. (W. M. Haynes, ed.), CRC Press, 2016","Sect. 5, 'Ionic Conductivity and Diffusion at Infinite Dilution' (P. Vanysek), pp. 5-75 to 5-76, aqueous limiting molar conductivities and diffusion coefficients at 25 C","Solver species: supporting-electrolyte ions, mediators and mediator counter-ions. These set migration and the film potential in the Stage-1 and EC-prime solves, and they do reach reported quantities. In the Stage-0 film model only the Table S2 carrier D sets i_lim, but that is not true of the eight mediated entries, whose plotted current comes from the EC-prime solve these species enter. Doubling ClO4-, SCN-, Br- and Br2 together and re-solving the mediated matrix moves 18 of the 300 cells of the merged matrix by more than 1 pct and moves two published counts by one entry each: the stirred >=25 mA cm-2 count and the parallel-plate >=50 mA cm-2 count, each rising by one of fifty. The absolute values that perturbation was measured against predate the acetonitrile viscosity correction, which moved both baselines down by one independently, so the one-entry movement is quoted here rather than a pair of from/to integers that no longer describe the current matrix. The unstirred, thin-gap, RDE and rotating-cylinder counts are unchanged and the architecture ordering is preserved; the largest median shift is +11 pct at the rotating cylinder (121.7 -> 135.7 mA cm-2). A factor of two is far wider than the uncertainty on any of these values, so the counts are stable in practice, but they are not invariant to them. The discrete charge-conservation check (maximum deviation 3e-12) and the binary-migration bound (2.00x Fick, reproduced to 0.2 pct) are insensitive to these values, because they test charge bookkeeping rather than the reported counts.",S25
4. Solver species diffusivities,K+ (aq),1.96e-09,m2 s-1,derived,"Nernst-Einstein D = R T lambda0 / (z^2 F^2) with R, T and F from category 1; lambda0 = 73.5 S cm2 mol-1, z = 1 (K+: the derivation gives 1.957e-9; published as 1.96e-9, which is what run_mediated.jl computes with. This row previously published 1.9e-9 -- a 2-significant-figure rounding 2.9% below its own derived value and 2.9% below the code, so the registry and the solver disagreed. K+ is a spectator in the only spec that uses it (s = 0, nu = 0), and a non-reacting species' D cancels from its own Nernst-Planck equation, verified by perturbation: x10 and /10 leave i_lim identical to 6 decimals. So nothing reported moves -- but a published value must be the value used.)","CRC Handbook of Chemistry and Physics, 97th ed. (W. M. Haynes, ed.), CRC Press, 2016","Sect. 5, 'Ionic Conductivity and Diffusion at Infinite Dilution' (P. Vanysek), pp. 5-75 to 5-76, aqueous limiting molar conductivities and diffusion coefficients at 25 C","Solver species: supporting-electrolyte ions, mediators and mediator counter-ions. These set migration and the film potential in the Stage-1 and EC-prime solves, and they do reach reported quantities. In the Stage-0 film model only the Table S2 carrier D sets i_lim, but that is not true of the eight mediated entries, whose plotted current comes from the EC-prime solve these species enter. Doubling ClO4-, SCN-, Br- and Br2 together and re-solving the mediated matrix moves 18 of the 300 cells of the merged matrix by more than 1 pct and moves two published counts by one entry each: the stirred >=25 mA cm-2 count and the parallel-plate >=50 mA cm-2 count, each rising by one of fifty. The absolute values that perturbation was measured against predate the acetonitrile viscosity correction, which moved both baselines down by one independently, so the one-entry movement is quoted here rather than a pair of from/to integers that no longer describe the current matrix. The unstirred, thin-gap, RDE and rotating-cylinder counts are unchanged and the architecture ordering is preserved; the largest median shift is +11 pct at the rotating cylinder (121.7 -> 135.7 mA cm-2). A factor of two is far wider than the uncertainty on any of these values, so the counts are stable in practice, but they are not invariant to them. The discrete charge-conservation check (maximum deviation 3e-12) and the binary-migration bound (2.00x Fick, reproduced to 0.2 pct) are insensitive to these values, because they test charge bookkeeping rather than the reported counts.",S25
4. Solver species diffusivities,Na+ (aq),1.33e-09,m2 s-1,derived,"Nernst-Einstein D = R T lambda0 / (z^2 F^2) with R, T and F from category 1; lambda0 = 50.1 S cm2 mol-1, z = 1","CRC Handbook of Chemistry and Physics, 97th ed. (W. M. Haynes, ed.), CRC Press, 2016","Sect. 5, 'Ionic Conductivity and Diffusion at Infinite Dilution' (P. Vanysek), pp. 5-75 to 5-76, aqueous limiting molar conductivities and diffusion coefficients at 25 C","Solver species: supporting-electrolyte ions, mediators and mediator counter-ions. These set migration and the film potential in the Stage-1 and EC-prime solves, and they do reach reported quantities. In the Stage-0 film model only the Table S2 carrier D sets i_lim, but that is not true of the eight mediated entries, whose plotted current comes from the EC-prime solve these species enter. Doubling ClO4-, SCN-, Br- and Br2 together and re-solving the mediated matrix moves 18 of the 300 cells of the merged matrix by more than 1 pct and moves two published counts by one entry each: the stirred >=25 mA cm-2 count and the parallel-plate >=50 mA cm-2 count, each rising by one of fifty. The absolute values that perturbation was measured against predate the acetonitrile viscosity correction, which moved both baselines down by one independently, so the one-entry movement is quoted here rather than a pair of from/to integers that no longer describe the current matrix. The unstirred, thin-gap, RDE and rotating-cylinder counts are unchanged and the architecture ordering is preserved; the largest median shift is +11 pct at the rotating cylinder (121.7 -> 135.7 mA cm-2). A factor of two is far wider than the uncertainty on any of these values, so the counts are stable in practice, but they are not invariant to them. The discrete charge-conservation check (maximum deviation 3e-12) and the binary-migration bound (2.00x Fick, reproduced to 0.2 pct) are insensitive to these values, because they test charge bookkeeping rather than the reported counts.",S25
4. Solver species diffusivities,Br- (aq),2.08e-09,m2 s-1,derived,"Nernst-Einstein D = R T lambda0 / (z^2 F^2) with R, T and F from category 1; lambda0 = 78.1 S cm2 mol-1, z = 1","CRC Handbook of Chemistry and Physics, 97th ed. (W. M. Haynes, ed.), CRC Press, 2016","Sect. 5, 'Ionic Conductivity and Diffusion at Infinite Dilution' (P. Vanysek), pp. 5-75 to 5-76, aqueous limiting molar conductivities and diffusion coefficients at 25 C","Solver species: supporting-electrolyte ions, mediators and mediator counter-ions. These set migration and the film potential in the Stage-1 and EC-prime solves, and they do reach reported quantities. In the Stage-0 film model only the Table S2 carrier D sets i_lim, but that is not true of the eight mediated entries, whose plotted current comes from the EC-prime solve these species enter. Doubling ClO4-, SCN-, Br- and Br2 together and re-solving the mediated matrix moves 18 of the 300 cells of the merged matrix by more than 1 pct and moves two published counts by one entry each: the stirred >=25 mA cm-2 count and the parallel-plate >=50 mA cm-2 count, each rising by one of fifty. The absolute values that perturbation was measured against predate the acetonitrile viscosity correction, which moved both baselines down by one independently, so the one-entry movement is quoted here rather than a pair of from/to integers that no longer describe the current matrix. The unstirred, thin-gap, RDE and rotating-cylinder counts are unchanged and the architecture ordering is preserved; the largest median shift is +11 pct at the rotating cylinder (121.7 -> 135.7 mA cm-2). A factor of two is far wider than the uncertainty on any of these values, so the counts are stable in practice, but they are not invariant to them. The discrete charge-conservation check (maximum deviation 3e-12) and the binary-migration bound (2.00x Fick, reproduced to 0.2 pct) are insensitive to these values, because they test charge bookkeeping rather than the reported counts.",S25
4. Solver species diffusivities,Cl- (aq),2.03e-09,m2 s-1,derived,"Nernst-Einstein D = R T lambda0 / (z^2 F^2) with R, T and F from category 1; lambda0 = 76.3 S cm2 mol-1, z = 1","CRC Handbook of Chemistry and Physics, 97th ed. (W. M. Haynes, ed.), CRC Press, 2016","Sect. 5, 'Ionic Conductivity and Diffusion at Infinite Dilution' (P. Vanysek), pp. 5-75 to 5-76, aqueous limiting molar conductivities and diffusion coefficients at 25 C","Solver species: supporting-electrolyte ions, mediators and mediator counter-ions. These set migration and the film potential in the Stage-1 and EC-prime solves, and they do reach reported quantities. In the Stage-0 film model only the Table S2 carrier D sets i_lim, but that is not true of the eight mediated entries, whose plotted current comes from the EC-prime solve these species enter. Doubling ClO4-, SCN-, Br- and Br2 together and re-solving the mediated matrix moves 18 of the 300 cells of the merged matrix by more than 1 pct and moves two published counts by one entry each: the stirred >=25 mA cm-2 count and the parallel-plate >=50 mA cm-2 count, each rising by one of fifty. The absolute values that perturbation was measured against predate the acetonitrile viscosity correction, which moved both baselines down by one independently, so the one-entry movement is quoted here rather than a pair of from/to integers that no longer describe the current matrix. The unstirred, thin-gap, RDE and rotating-cylinder counts are unchanged and the architecture ordering is preserved; the largest median shift is +11 pct at the rotating cylinder (121.7 -> 135.7 mA cm-2). A factor of two is far wider than the uncertainty on any of these values, so the counts are stable in practice, but they are not invariant to them. The discrete charge-conservation check (maximum deviation 3e-12) and the binary-migration bound (2.00x Fick, reproduced to 0.2 pct) are insensitive to these values, because they test charge bookkeeping rather than the reported counts.",S25
4. Solver species diffusivities,CO3^2- (aq),9.2e-10,m2 s-1,derived,"Nernst-Einstein D = R T lambda0 / (z^2 F^2) with R, T and F from category 1; lambda0 = 138.6 S cm2 mol-1, z = 2","CRC Handbook of Chemistry and Physics, 97th ed. (W. M. Haynes, ed.), CRC Press, 2016","Sect. 5, 'Ionic Conductivity and Diffusion at Infinite Dilution' (P. Vanysek), pp. 5-75 to 5-76, aqueous limiting molar conductivities and diffusion coefficients at 25 C","Solver species: supporting-electrolyte ions, mediators and mediator counter-ions. These set migration and the film potential in the Stage-1 and EC-prime solves, and they do reach reported quantities. In the Stage-0 film model only the Table S2 carrier D sets i_lim, but that is not true of the eight mediated entries, whose plotted current comes from the EC-prime solve these species enter. Doubling ClO4-, SCN-, Br- and Br2 together and re-solving the mediated matrix moves 18 of the 300 cells of the merged matrix by more than 1 pct and moves two published counts by one entry each: the stirred >=25 mA cm-2 count and the parallel-plate >=50 mA cm-2 count, each rising by one of fifty. The absolute values that perturbation was measured against predate the acetonitrile viscosity correction, which moved both baselines down by one independently, so the one-entry movement is quoted here rather than a pair of from/to integers that no longer describe the current matrix. The unstirred, thin-gap, RDE and rotating-cylinder counts are unchanged and the architecture ordering is preserved; the largest median shift is +11 pct at the rotating cylinder (121.7 -> 135.7 mA cm-2). A factor of two is far wider than the uncertainty on any of these values, so the counts are stable in practice, but they are not invariant to them. The discrete charge-conservation check (maximum deviation 3e-12) and the binary-migration bound (2.00x Fick, reproduced to 0.2 pct) are insensitive to these values, because they test charge bookkeeping rather than the reported counts.",S25
4. Solver species diffusivities,HCO3- (aq),1.18e-09,m2 s-1,derived,"Nernst-Einstein D = R T lambda0 / (z^2 F^2) with R, T and F from category 1; lambda0 = 44.5 S cm2 mol-1, z = 1","CRC Handbook of Chemistry and Physics, 97th ed. (W. M. Haynes, ed.), CRC Press, 2016","Sect. 5, 'Ionic Conductivity and Diffusion at Infinite Dilution' (P. Vanysek), pp. 5-75 to 5-76, aqueous limiting molar conductivities and diffusion coefficients at 25 C","Solver species: supporting-electrolyte ions, mediators and mediator counter-ions. These set migration and the film potential in the Stage-1 and EC-prime solves, and they do reach reported quantities. In the Stage-0 film model only the Table S2 carrier D sets i_lim, but that is not true of the eight mediated entries, whose plotted current comes from the EC-prime solve these species enter. Doubling ClO4-, SCN-, Br- and Br2 together and re-solving the mediated matrix moves 18 of the 300 cells of the merged matrix by more than 1 pct and moves two published counts by one entry each: the stirred >=25 mA cm-2 count and the parallel-plate >=50 mA cm-2 count, each rising by one of fifty. The absolute values that perturbation was measured against predate the acetonitrile viscosity correction, which moved both baselines down by one independently, so the one-entry movement is quoted here rather than a pair of from/to integers that no longer describe the current matrix. The unstirred, thin-gap, RDE and rotating-cylinder counts are unchanged and the architecture ordering is preserved; the largest median shift is +11 pct at the rotating cylinder (121.7 -> 135.7 mA cm-2). A factor of two is far wider than the uncertainty on any of these values, so the counts are stable in practice, but they are not invariant to them. The discrete charge-conservation check (maximum deviation 3e-12) and the binary-migration bound (2.00x Fick, reproduced to 0.2 pct) are insensitive to these values, because they test charge bookkeeping rather than the reported counts.",S25
4. Solver species diffusivities,Br2 (aq),1.2e-09,m2 s-1,measured,measured aqueous molecular-bromine diffusivity; Cussler Table 5.2-1 p. 127 tabulates 1.18e-5 cm2 s-1 = 1.18e-9 m2 s-1 and this row carries it rounded to 1.2e-9 (+1.7 pct),"Cussler, Diffusion: Mass Transfer in Fluid Systems, 3rd ed., Cambridge Univ. Press, 2009","Table 5.2-1, p. 127 ('Diffusion coefficients at infinite dilution in water at 25 C', Bromine row)",,
4. Solver species diffusivities,Ethylene (aq),1.87e-09,m2 s-1,measured,"measured aqueous ethylene diffusivity at infinite dilution, 25 C; the substrate D of the Cl-/ethylene EC' row (generated table data/mediated_substrates.csv, method 'measured'; the Wilke-Chang estimate for ethene, 1.74e-9, sits 7 pct below it and is recorded beside it)","Cussler, Diffusion: Mass Transfer in Fluid Systems, 3rd ed., Cambridge Univ. Press, 2009","Table 5.2-1, p. 127 ('Diffusion coefficients at infinite dilution in water at 25 C', Ethylene row: 1.87e-5 cm2 s-1)",,
4. Solver species diffusivities,Propylene (aq),1.3663e-09,m2 s-1,derived,"Wilke-Chang, D = 7.4e-8 (phi M_B)^0.5 T / (mu_B V_A^0.6) cm2 s-1 with phi = 2.6 (water), M_B = 18.015, T = 298.15 K, mu_B = 0.890 cP and V_A = 66.6 cm3 mol-1 (Le Bas: 3 C x 14.8 + 6 H x 3.7) = 1.3663e-5 cm2 s-1; the same routine that generates the mediated substrate table (data/build_reactions50.py wilke_chang). Used by the ex-cell solve of S4 only","Wilke & Chang, AIChE J. 1955, 1, 264-270","Wilke & Chang correlation as registered above; Le Bas increments C 14.8, H 3.7 from the registered Le Bas row (Reid, Prausnitz & Poling 4th ed., Table 3-8 p. 53)",,S2
4. Solver species diffusivities,Br- (MeCN),2.7e-09,m2 s-1,derived,"Nernst-Einstein D = R T lambda0 / (z^2 F^2) with R, T and F from category 1; lambda0(Br-, MeCN) = 102.00 S cm2 mol-1 gives 2.716e-9 m2 s-1, reproduced in this pass. Replaces the inherited Izutsu citation, which could not be opened","Kalugin, Lukinova & Novikov, Kharkiv Univ. Bull. Chem. Ser. 2019, 33(56), 23-33, DOI 10.26565/2220-637X-2019-33-02 (open access)","Table 3, p. 28 (limiting ionic conductivities in MeCN at 25 C: Bu4N+ 61.90, BF4- 109.20, Br- 102.00, Et4N+ 86.34, BPh4- 58.13 S cm2 mol-1)","Solver species: supporting-electrolyte ions, mediators and mediator counter-ions. These set migration and the film potential in the Stage-1 and EC-prime solves, and they do reach reported quantities. In the Stage-0 film model only the Table S2 carrier D sets i_lim, but that is not true of the eight mediated entries, whose plotted current comes from the EC-prime solve these species enter. Doubling ClO4-, SCN-, Br- and Br2 together and re-solving the mediated matrix moves 18 of the 300 cells of the merged matrix by more than 1 pct and moves two published counts by one entry each: the stirred >=25 mA cm-2 count and the parallel-plate >=50 mA cm-2 count, each rising by one of fifty. The absolute values that perturbation was measured against predate the acetonitrile viscosity correction, which moved both baselines down by one independently, so the one-entry movement is quoted here rather than a pair of from/to integers that no longer describe the current matrix. The unstirred, thin-gap, RDE and rotating-cylinder counts are unchanged and the architecture ordering is preserved; the largest median shift is +11 pct at the rotating cylinder (121.7 -> 135.7 mA cm-2). A factor of two is far wider than the uncertainty on any of these values, so the counts are stable in practice, but they are not invariant to them. The discrete charge-conservation check (maximum deviation 3e-12) and the binary-migration bound (2.00x Fick, reproduced to 0.2 pct) are insensitive to these values, because they test charge bookkeeping rather than the reported counts.",S25
4. Solver species diffusivities,SCN- (MeCN),2.9e-09,m2 s-1,derived,"Nernst-Einstein D = R T lambda0 / (z^2 F^2) with R, T and F from category 1; lambda0(SCN-, acetonitrile) = 113.3 S cm2 mol-1, z = 1. Replaces the inherited Izutsu citation, which could not be opened","Krumgalz, J. Chem. Soc. Faraday Trans. 1 1983, 79, 571-587","Table 4, p. 579 (limiting equivalent conductances of anions in organic solvents at 25 C; acetonitrile row)","Solver species: supporting-electrolyte ions, mediators and mediator counter-ions. These set migration and the film potential in the Stage-1 and EC-prime solves, and they do reach reported quantities. In the Stage-0 film model only the Table S2 carrier D sets i_lim, but that is not true of the eight mediated entries, whose plotted current comes from the EC-prime solve these species enter. Doubling ClO4-, SCN-, Br- and Br2 together and re-solving the mediated matrix moves 18 of the 300 cells of the merged matrix by more than 1 pct and moves two published counts by one entry each: the stirred >=25 mA cm-2 count and the parallel-plate >=50 mA cm-2 count, each rising by one of fifty. The absolute values that perturbation was measured against predate the acetonitrile viscosity correction, which moved both baselines down by one independently, so the one-entry movement is quoted here rather than a pair of from/to integers that no longer describe the current matrix. The unstirred, thin-gap, RDE and rotating-cylinder counts are unchanged and the architecture ordering is preserved; the largest median shift is +11 pct at the rotating cylinder (121.7 -> 135.7 mA cm-2). A factor of two is far wider than the uncertainty on any of these values, so the counts are stable in practice, but they are not invariant to them. The discrete charge-conservation check (maximum deviation 3e-12) and the binary-migration bound (2.00x Fick, reproduced to 0.2 pct) are insensitive to these values, because they test charge bookkeeping rather than the reported counts.",S25
4. Solver species diffusivities,Br- (MeOH),1.5e-09,m2 s-1,derived,"Nernst-Einstein D = R T lambda0 / (z^2 F^2) with R, T and F from category 1; lambda0(Br-, methanol) = 56.53 S cm2 mol-1, z = 1. Replaces the inherited Izutsu citation, which could not be opened","Krumgalz, J. Chem. Soc. Faraday Trans. 1 1983, 79, 571-587","Table 4, p. 579 (limiting equivalent conductances of anions in organic solvents at 25 C; methanol row)","Solver species: supporting-electrolyte ions, mediators and mediator counter-ions. These set migration and the film potential in the Stage-1 and EC-prime solves, and they do reach reported quantities. In the Stage-0 film model only the Table S2 carrier D sets i_lim, but that is not true of the eight mediated entries, whose plotted current comes from the EC-prime solve these species enter. Doubling ClO4-, SCN-, Br- and Br2 together and re-solving the mediated matrix moves 18 of the 300 cells of the merged matrix by more than 1 pct and moves two published counts by one entry each: the stirred >=25 mA cm-2 count and the parallel-plate >=50 mA cm-2 count, each rising by one of fifty. The absolute values that perturbation was measured against predate the acetonitrile viscosity correction, which moved both baselines down by one independently, so the one-entry movement is quoted here rather than a pair of from/to integers that no longer describe the current matrix. The unstirred, thin-gap, RDE and rotating-cylinder counts are unchanged and the architecture ordering is preserved; the largest median shift is +11 pct at the rotating cylinder (121.7 -> 135.7 mA cm-2). A factor of two is far wider than the uncertainty on any of these values, so the counts are stable in practice, but they are not invariant to them. The discrete charge-conservation check (maximum deviation 3e-12) and the binary-migration bound (2.00x Fick, reproduced to 0.2 pct) are insensitive to these values, because they test charge bookkeeping rather than the reported counts.",S25
4. Solver species diffusivities,Li+ (generic organic),1e-09,m2 s-1,assumption,"order of the aqueous value reused for organic media; no lambda0 in an organic solvent could be page-anchored. page-anchoring would require Krumgalz, J. Chem. Soc. Faraday Trans. 1 1983, 79, 571-587 (limiting ionic conductances in 50 organic solvents at 25 C)","Declared: the aqueous value reused for organic media. The table that would carry it is Krumgalz, J. Chem. Soc. Faraday Trans. 1 1983, 79, 571-587, Table 4, p. 579, whose acetonitrile CATION row cannot be read unambiguously -- seven tokens for nine columns with no right-hand anchor, so Li+ and H+ cannot be separated without deciding which value looks right",,"Solver species: supporting-electrolyte ions, mediators and mediator counter-ions. These set migration and the film potential in the Stage-1 and EC-prime solves, and they do reach reported quantities. In the Stage-0 film model only the Table S2 carrier D sets i_lim, but that is not true of the eight mediated entries, whose plotted current comes from the EC-prime solve these species enter. Doubling ClO4-, SCN-, Br- and Br2 together and re-solving the mediated matrix moves 18 of the 300 cells of the merged matrix by more than 1 pct and moves two published counts by one entry each: the stirred >=25 mA cm-2 count and the parallel-plate >=50 mA cm-2 count, each rising by one of fifty. The absolute values that perturbation was measured against predate the acetonitrile viscosity correction, which moved both baselines down by one independently, so the one-entry movement is quoted here rather than a pair of from/to integers that no longer describe the current matrix. The unstirred, thin-gap, RDE and rotating-cylinder counts are unchanged and the architecture ordering is preserved; the largest median shift is +11 pct at the rotating cylinder (121.7 -> 135.7 mA cm-2). A factor of two is far wider than the uncertainty on any of these values, so the counts are stable in practice, but they are not invariant to them. The discrete charge-conservation check (maximum deviation 3e-12) and the binary-migration bound (2.00x Fick, reproduced to 0.2 pct) are insensitive to these values, because they test charge bookkeeping rather than the reported counts.",
4. Solver species diffusivities,"NH4+ (MeCN, used aq-like)",2e-09,m2 s-1,assumption,"aqueous lambda0 = 73.5 -> 1.957e-9 reused in MeCN (corrected 2026-08-22 from a recalled 73.6 on retrieval of the CRC 97th ed.: Sect. 5 p. 5-75 gives NH4+ 73.5, D 1.957e-5 cm2 s-1; the carried 2e-9 is that value rounded and is unchanged). Cross-solvent transfer of lambda0 is not defensible: the Walden route was tested for DMF in this pass and fails by ~70 pct","Declared TRANSFER of a page-anchored aqueous value: CRC 97th ed., Sect. 5, p. 5-75 gives NH4+ lambda0 = 73.5 S cm2 mol-1 and D = 1.957e-5 cm2 s-1. The aqueous number is measured; what is assumed is its reuse in MeCN, and that is the weak step -- the Walden route was tested for DMF in this pass and fails by about 70 per cent",,"Solver species: supporting-electrolyte ions, mediators and mediator counter-ions. These set migration and the film potential in the Stage-1 and EC-prime solves, and they do reach reported quantities. In the Stage-0 film model only the Table S2 carrier D sets i_lim, but that is not true of the eight mediated entries, whose plotted current comes from the EC-prime solve these species enter. Doubling ClO4-, SCN-, Br- and Br2 together and re-solving the mediated matrix moves 18 of the 300 cells of the merged matrix by more than 1 pct and moves two published counts by one entry each: the stirred >=25 mA cm-2 count and the parallel-plate >=50 mA cm-2 count, each rising by one of fifty. The absolute values that perturbation was measured against predate the acetonitrile viscosity correction, which moved both baselines down by one independently, so the one-entry movement is quoted here rather than a pair of from/to integers that no longer describe the current matrix. The unstirred, thin-gap, RDE and rotating-cylinder counts are unchanged and the architecture ordering is preserved; the largest median shift is +11 pct at the rotating cylinder (121.7 -> 135.7 mA cm-2). A factor of two is far wider than the uncertainty on any of these values, so the counts are stable in practice, but they are not invariant to them. The discrete charge-conservation check (maximum deviation 3e-12) and the binary-migration bound (2.00x Fick, reproduced to 0.2 pct) are insensitive to these values, because they test charge bookkeeping rather than the reported counts.",
4. Solver species diffusivities,"ClO4- (MeCN, aq-like)",1.7e-09,m2 s-1,assumption,aqueous 1.79e-9 reused in MeCN; same cross-solvent objection. Page-anchoring would require Krumgalz 1983,"Declared: the aqueous value reused in MeCN. Krumgalz 1983, Table 4, p. 579 prints a DASH for ClO4- in the acetonitrile column, so no lambda0 for this ion in this solvent can be page-anchored from it",,"Solver species: supporting-electrolyte ions, mediators and mediator counter-ions. These set migration and the film potential in the Stage-1 and EC-prime solves, and they do reach reported quantities. In the Stage-0 film model only the Table S2 carrier D sets i_lim, but that is not true of the eight mediated entries, whose plotted current comes from the EC-prime solve these species enter. Doubling ClO4-, SCN-, Br- and Br2 together and re-solving the mediated matrix moves 18 of the 300 cells of the merged matrix by more than 1 pct and moves two published counts by one entry each: the stirred >=25 mA cm-2 count and the parallel-plate >=50 mA cm-2 count, each rising by one of fifty. The absolute values that perturbation was measured against predate the acetonitrile viscosity correction, which moved both baselines down by one independently, so the one-entry movement is quoted here rather than a pair of from/to integers that no longer describe the current matrix. The unstirred, thin-gap, RDE and rotating-cylinder counts are unchanged and the architecture ordering is preserved; the largest median shift is +11 pct at the rotating cylinder (121.7 -> 135.7 mA cm-2). A factor of two is far wider than the uncertainty on any of these values, so the counts are stable in practice, but they are not invariant to them. The discrete charge-conservation check (maximum deviation 3e-12) and the binary-migration bound (2.00x Fick, reproduced to 0.2 pct) are insensitive to these values, because they test charge bookkeeping rather than the reported counts.",
4. Solver species diffusivities,SCN- (AcOH/HCOOH),7.8e-10,m2 s-1,assumption,Walden scaling of the MeCN row by mu(MeCN)/mu(AcOH-HCOOH) = 0.34/1.28; both the input lambda0 and the Walden transfer are unverified,Declared: Walden scaling of the MeCN row by mu(MeCN)/mu(AcOH-HCOOH) = 0.34/1.28. Both the input lambda0 and the Walden transfer into a carboxylic-acid medium are unverified,,"Solver species: supporting-electrolyte ions, mediators and mediator counter-ions. These set migration and the film potential in the Stage-1 and EC-prime solves, and they do reach reported quantities. In the Stage-0 film model only the Table S2 carrier D sets i_lim, but that is not true of the eight mediated entries, whose plotted current comes from the EC-prime solve these species enter. Doubling ClO4-, SCN-, Br- and Br2 together and re-solving the mediated matrix moves 18 of the 300 cells of the merged matrix by more than 1 pct and moves two published counts by one entry each: the stirred >=25 mA cm-2 count and the parallel-plate >=50 mA cm-2 count, each rising by one of fifty. The absolute values that perturbation was measured against predate the acetonitrile viscosity correction, which moved both baselines down by one independently, so the one-entry movement is quoted here rather than a pair of from/to integers that no longer describe the current matrix. The unstirred, thin-gap, RDE and rotating-cylinder counts are unchanged and the architecture ordering is preserved; the largest median shift is +11 pct at the rotating cylinder (121.7 -> 135.7 mA cm-2). A factor of two is far wider than the uncertainty on any of these values, so the counts are stable in practice, but they are not invariant to them. The discrete charge-conservation check (maximum deviation 3e-12) and the binary-migration bound (2.00x Fick, reproduced to 0.2 pct) are insensitive to these values, because they test charge bookkeeping rather than the reported counts.",
4. Solver species diffusivities,Br2 (MeCN),2.2e-09,m2 s-1,assumption,Walden-scaled from the measured aqueous value; consistent with the ~2.4e-9 quoted for MeCN voltammetry but not page-anchored,"Declared: Walden-scaled from the measured aqueous value. It agrees with the ~2.4e-9 quoted for MeCN voltammetry, but that figure was not itself page-anchored here, so it corroborates rather than sources",,"Solver species: supporting-electrolyte ions, mediators and mediator counter-ions. These set migration and the film potential in the Stage-1 and EC-prime solves, and they do reach reported quantities. In the Stage-0 film model only the Table S2 carrier D sets i_lim, but that is not true of the eight mediated entries, whose plotted current comes from the EC-prime solve these species enter. Doubling ClO4-, SCN-, Br- and Br2 together and re-solving the mediated matrix moves 18 of the 300 cells of the merged matrix by more than 1 pct and moves two published counts by one entry each: the stirred >=25 mA cm-2 count and the parallel-plate >=50 mA cm-2 count, each rising by one of fifty. The absolute values that perturbation was measured against predate the acetonitrile viscosity correction, which moved both baselines down by one independently, so the one-entry movement is quoted here rather than a pair of from/to integers that no longer describe the current matrix. The unstirred, thin-gap, RDE and rotating-cylinder counts are unchanged and the architecture ordering is preserved; the largest median shift is +11 pct at the rotating cylinder (121.7 -> 135.7 mA cm-2). A factor of two is far wider than the uncertainty on any of these values, so the counts are stable in practice, but they are not invariant to them. The discrete charge-conservation check (maximum deviation 3e-12) and the binary-migration bound (2.00x Fick, reproduced to 0.2 pct) are insensitive to these values, because they test charge bookkeeping rather than the reported counts.",
4. Solver species diffusivities,Cl2/HOCl lumped OX (aq),1.4e-09,m2 s-1,assumption,a lumped oxidant between Cl2(aq) 1.38e-9 and HOCl 1.4e-9; no single measurement covers the lump,"Declared LUMP, placed deliberately between Cl2(aq) 1.38e-9 and HOCl 1.4e-9. No single measurement can cover a lumped species, so none is claimed; the lump is the modelling choice",,"Solver species: supporting-electrolyte ions, mediators and mediator counter-ions. These set migration and the film potential in the Stage-1 and EC-prime solves, and they do reach reported quantities. In the Stage-0 film model only the Table S2 carrier D sets i_lim, but that is not true of the eight mediated entries, whose plotted current comes from the EC-prime solve these species enter. Doubling ClO4-, SCN-, Br- and Br2 together and re-solving the mediated matrix moves 18 of the 300 cells of the merged matrix by more than 1 pct and moves two published counts by one entry each: the stirred >=25 mA cm-2 count and the parallel-plate >=50 mA cm-2 count, each rising by one of fifty. The absolute values that perturbation was measured against predate the acetonitrile viscosity correction, which moved both baselines down by one independently, so the one-entry movement is quoted here rather than a pair of from/to integers that no longer describe the current matrix. The unstirred, thin-gap, RDE and rotating-cylinder counts are unchanged and the architecture ordering is preserved; the largest median shift is +11 pct at the rotating cylinder (121.7 -> 135.7 mA cm-2). A factor of two is far wider than the uncertainty on any of these values, so the counts are stable in practice, but they are not invariant to them. The discrete charge-conservation check (maximum deviation 3e-12) and the binary-migration bound (2.00x Fick, reproduced to 0.2 pct) are insensitive to these values, because they test charge bookkeeping rather than the reported counts.",
4. Solver species diffusivities,(SCN)2 (AcOH/HCOOH),5.5e-10,m2 s-1,assumption,no measurement located; Walden-scaled from a 2.0e-9 MeCN estimate that is itself unverified,Declared: Walden-scaled from a 2.0e-9 MeCN estimate that is itself unverified. No measurement of this species' diffusivity was located in either medium,,"Solver species: supporting-electrolyte ions, mediators and mediator counter-ions. These set migration and the film potential in the Stage-1 and EC-prime solves, and they do reach reported quantities. In the Stage-0 film model only the Table S2 carrier D sets i_lim, but that is not true of the eight mediated entries, whose plotted current comes from the EC-prime solve these species enter. Doubling ClO4-, SCN-, Br- and Br2 together and re-solving the mediated matrix moves 18 of the 300 cells of the merged matrix by more than 1 pct and moves two published counts by one entry each: the stirred >=25 mA cm-2 count and the parallel-plate >=50 mA cm-2 count, each rising by one of fifty. The absolute values that perturbation was measured against predate the acetonitrile viscosity correction, which moved both baselines down by one independently, so the one-entry movement is quoted here rather than a pair of from/to integers that no longer describe the current matrix. The unstirred, thin-gap, RDE and rotating-cylinder counts are unchanged and the architecture ordering is preserved; the largest median shift is +11 pct at the rotating cylinder (121.7 -> 135.7 mA cm-2). A factor of two is far wider than the uncertainty on any of these values, so the counts are stable in practice, but they are not invariant to them. The discrete charge-conservation check (maximum deviation 3e-12) and the binary-migration bound (2.00x Fick, reproduced to 0.2 pct) are insensitive to these values, because they test charge bookkeeping rather than the reported counts.",
4. Solver species diffusivities,H+ (MeCN/organic),3e-09,m2 s-1,assumption,"no Grotthuss shuttle in aprotic media, so set to ~1/3 of the aqueous value by argument rather than by measurement","Declared BY ARGUMENT, not measurement: an aprotic medium supports no Grotthuss shuttle, so the aqueous value is reduced to roughly a third",,"Solver species: supporting-electrolyte ions, mediators and mediator counter-ions. These set migration and the film potential in the Stage-1 and EC-prime solves, and they do reach reported quantities. In the Stage-0 film model only the Table S2 carrier D sets i_lim, but that is not true of the eight mediated entries, whose plotted current comes from the EC-prime solve these species enter. Doubling ClO4-, SCN-, Br- and Br2 together and re-solving the mediated matrix moves 18 of the 300 cells of the merged matrix by more than 1 pct and moves two published counts by one entry each: the stirred >=25 mA cm-2 count and the parallel-plate >=50 mA cm-2 count, each rising by one of fifty. The absolute values that perturbation was measured against predate the acetonitrile viscosity correction, which moved both baselines down by one independently, so the one-entry movement is quoted here rather than a pair of from/to integers that no longer describe the current matrix. The unstirred, thin-gap, RDE and rotating-cylinder counts are unchanged and the architecture ordering is preserved; the largest median shift is +11 pct at the rotating cylinder (121.7 -> 135.7 mA cm-2). A factor of two is far wider than the uncertainty on any of these values, so the counts are stable in practice, but they are not invariant to them. The discrete charge-conservation check (maximum deviation 3e-12) and the binary-migration bound (2.00x Fick, reproduced to 0.2 pct) are insensitive to these values, because they test charge bookkeeping rather than the reported counts.",
4. Solver species diffusivities,H+ (1:1 aq/MeCN),5e-09,m2 s-1,assumption,partial Grotthuss in a water-rich mixture; interpolated between the aprotic 3.0e-9 assumption and the aqueous 9.3e-9 derived value,"Declared: interpolated between the aprotic 3.0e-9 assumption and the page-anchored aqueous 9.3e-9, on partial Grotthuss transport in a water-rich mixture",,"Solver species: supporting-electrolyte ions, mediators and mediator counter-ions. These set migration and the film potential in the Stage-1 and EC-prime solves, and they do reach reported quantities. In the Stage-0 film model only the Table S2 carrier D sets i_lim, but that is not true of the eight mediated entries, whose plotted current comes from the EC-prime solve these species enter. Doubling ClO4-, SCN-, Br- and Br2 together and re-solving the mediated matrix moves 18 of the 300 cells of the merged matrix by more than 1 pct and moves two published counts by one entry each: the stirred >=25 mA cm-2 count and the parallel-plate >=50 mA cm-2 count, each rising by one of fifty. The absolute values that perturbation was measured against predate the acetonitrile viscosity correction, which moved both baselines down by one independently, so the one-entry movement is quoted here rather than a pair of from/to integers that no longer describe the current matrix. The unstirred, thin-gap, RDE and rotating-cylinder counts are unchanged and the architecture ordering is preserved; the largest median shift is +11 pct at the rotating cylinder (121.7 -> 135.7 mA cm-2). A factor of two is far wider than the uncertainty on any of these values, so the counts are stable in practice, but they are not invariant to them. The discrete charge-conservation check (maximum deviation 3e-12) and the binary-migration bound (2.00x Fick, reproduced to 0.2 pct) are insensitive to these values, because they test charge bookkeeping rather than the reported counts.",
4. Solver species diffusivities,B(OH)4- (aq),9.6e-10,m2 s-1,assumption,borate mobility taken as comparable to HCO3- for the pH-10 borate buffer spec; no lambda0(B(OH)4-) was page-anchored,"Declared: borate mobility taken as comparable to HCO3- for the pH-10 borate buffer spec; no lambda0(B(OH)4-) was page-anchored. It is a SPECTATOR in that spec (s = 0), so its D cancels and no reported quantity depends on it",,"Solver species: supporting-electrolyte ions, mediators and mediator counter-ions. These set migration and the film potential in the Stage-1 and EC-prime solves, and they do reach reported quantities. In the Stage-0 film model only the Table S2 carrier D sets i_lim, but that is not true of the eight mediated entries, whose plotted current comes from the EC-prime solve these species enter. Doubling ClO4-, SCN-, Br- and Br2 together and re-solving the mediated matrix moves 18 of the 300 cells of the merged matrix by more than 1 pct and moves two published counts by one entry each: the stirred >=25 mA cm-2 count and the parallel-plate >=50 mA cm-2 count, each rising by one of fifty. The absolute values that perturbation was measured against predate the acetonitrile viscosity correction, which moved both baselines down by one independently, so the one-entry movement is quoted here rather than a pair of from/to integers that no longer describe the current matrix. The unstirred, thin-gap, RDE and rotating-cylinder counts are unchanged and the architecture ordering is preserved; the largest median shift is +11 pct at the rotating cylinder (121.7 -> 135.7 mA cm-2). A factor of two is far wider than the uncertainty on any of these values, so the counts are stable in practice, but they are not invariant to them. The discrete charge-conservation check (maximum deviation 3e-12) and the binary-migration bound (2.00x Fick, reproduced to 0.2 pct) are insensitive to these values, because they test charge bookkeeping rather than the reported counts.",
4. Solver species diffusivities,H+ (AcOH/HCOOH),2e-09,m2 s-1,assumption,"the aryl-thiocyanation spec runs in an AcOH/HCOOH mixture; H+ there is set between the aprotic 3.0e-9 assumption and a slower carboxylic-acid medium, by argument rather than measurement. added 2026-08-24: run_mediated.jl had used 2.0e-9 for this species with no registry row, and a value-only audit bound it by coincidence to the unrelated NH4+ row, which also reads 2e-9 -- exactly the wrong-row binding of claude.md trap 11. H+ is a spectator in this spec (s = 0), so its D cancels and nothing reported depends on it","Declared BY ARGUMENT: set between the aprotic 3.0e-9 and a slower carboxylic-acid medium. It is a SPECTATOR in this spec (s = 0), so its D cancels and nothing reported depends on it",,"Solver species: supporting-electrolyte ions, mediators and mediator counter-ions. These set migration and the film potential in the Stage-1 and EC-prime solves, and they do reach reported quantities. In the Stage-0 film model only the Table S2 carrier D sets i_lim, but that is not true of the eight mediated entries, whose plotted current comes from the EC-prime solve these species enter. Doubling ClO4-, SCN-, Br- and Br2 together and re-solving the mediated matrix moves 18 of the 300 cells of the merged matrix by more than 1 pct and moves two published counts by one entry each: the stirred >=25 mA cm-2 count and the parallel-plate >=50 mA cm-2 count, each rising by one of fifty. The absolute values that perturbation was measured against predate the acetonitrile viscosity correction, which moved both baselines down by one independently, so the one-entry movement is quoted here rather than a pair of from/to integers that no longer describe the current matrix. The unstirred, thin-gap, RDE and rotating-cylinder counts are unchanged and the architecture ordering is preserved; the largest median shift is +11 pct at the rotating cylinder (121.7 -> 135.7 mA cm-2). A factor of two is far wider than the uncertainty on any of these values, so the counts are stable in practice, but they are not invariant to them. The discrete charge-conservation check (maximum deviation 3e-12) and the binary-migration bound (2.00x Fick, reproduced to 0.2 pct) are insensitive to these values, because they test charge bookkeeping rather than the reported counts.",
4. Solver species diffusivities,B(OH)3 (aq),9.6e-10,m2 s-1,assumption,"the neutral borate partner is given the same mobility as B(OH)4-, which the buffer spec pairs it with. Added 2026-08-24: previously used by run_mediated.jl with no row of its own. Both borate species are spectators (s = 0) in that spec, so their D cancels","Declared: the neutral borate partner given the same mobility as B(OH)4-, which the buffer spec pairs it with. Both borate species are SPECTATORS (s = 0), so their D cancels",,"Solver species: supporting-electrolyte ions, mediators and mediator counter-ions. These set migration and the film potential in the Stage-1 and EC-prime solves, and they do reach reported quantities. In the Stage-0 film model only the Table S2 carrier D sets i_lim, but that is not true of the eight mediated entries, whose plotted current comes from the EC-prime solve these species enter. Doubling ClO4-, SCN-, Br- and Br2 together and re-solving the mediated matrix moves 18 of the 300 cells of the merged matrix by more than 1 pct and moves two published counts by one entry each: the stirred >=25 mA cm-2 count and the parallel-plate >=50 mA cm-2 count, each rising by one of fifty. The absolute values that perturbation was measured against predate the acetonitrile viscosity correction, which moved both baselines down by one independently, so the one-entry movement is quoted here rather than a pair of from/to integers that no longer describe the current matrix. The unstirred, thin-gap, RDE and rotating-cylinder counts are unchanged and the architecture ordering is preserved; the largest median shift is +11 pct at the rotating cylinder (121.7 -> 135.7 mA cm-2). A factor of two is far wider than the uncertainty on any of these values, so the counts are stable in practice, but they are not invariant to them. The discrete charge-conservation check (maximum deviation 3e-12) and the binary-migration bound (2.00x Fick, reproduced to 0.2 pct) are insensitive to these values, because they test charge bookkeeping rather than the reported counts.",
4. Solver species diffusivities,Generic supporting K+/A- (Stage-1 verification cases),1.9e-09,m2 s-1,assumption,"aqueous values reused in the verification cases, which test physics rather than chemistry","Declared: aqueous values reused inside the verification cases, which exercise physics rather than chemistry. Enters no reported result",,"Solver species: supporting-electrolyte ions, mediators and mediator counter-ions. These set migration and the film potential in the Stage-1 and EC-prime solves, and they do reach reported quantities. In the Stage-0 film model only the Table S2 carrier D sets i_lim, but that is not true of the eight mediated entries, whose plotted current comes from the EC-prime solve these species enter. Doubling ClO4-, SCN-, Br- and Br2 together and re-solving the mediated matrix moves 18 of the 300 cells of the merged matrix by more than 1 pct and moves two published counts by one entry each: the stirred >=25 mA cm-2 count and the parallel-plate >=50 mA cm-2 count, each rising by one of fifty. The absolute values that perturbation was measured against predate the acetonitrile viscosity correction, which moved both baselines down by one independently, so the one-entry movement is quoted here rather than a pair of from/to integers that no longer describe the current matrix. The unstirred, thin-gap, RDE and rotating-cylinder counts are unchanged and the architecture ordering is preserved; the largest median shift is +11 pct at the rotating cylinder (121.7 -> 135.7 mA cm-2). A factor of two is far wider than the uncertainty on any of these values, so the counts are stable in practice, but they are not invariant to them. The discrete charge-conservation check (maximum deviation 3e-12) and the binary-migration bound (2.00x Fick, reproduced to 0.2 pct) are insensitive to these values, because they test charge bookkeeping rather than the reported counts.",
4. Solver species diffusivities,Bu4N+/Q+ (organic),1e-09,m2 s-1,assumption,"deliberately conservative: the page-anchored lambda0(Bu4N+, MeCN) = 61.90 gives 1.648e-9 m2 s-1 by Nernst-Einstein, and 1.0e-9 was adopted instead","Kalugin, Lukinova & Novikov, Kharkiv Univ. Bull. Chem. Ser. 2019, 33(56), 23-33, DOI 10.26565/2220-637X-2019-33-02 (open access)",,"Tested 1.0e-9 to 1.65e-9 (the derived value). Solver species: supporting-electrolyte ions, mediators and mediator counter-ions. These set migration and the film potential in the Stage-1 and EC-prime solves, and they do reach reported quantities. In the Stage-0 film model only the Table S2 carrier D sets i_lim, but that is not true of the eight mediated entries, whose plotted current comes from the EC-prime solve these species enter. Doubling ClO4-, SCN-, Br- and Br2 together and re-solving the mediated matrix moves 18 of the 300 cells of the merged matrix by more than 1 pct and moves two published counts by one entry each: the stirred >=25 mA cm-2 count and the parallel-plate >=50 mA cm-2 count, each rising by one of fifty. The absolute values that perturbation was measured against predate the acetonitrile viscosity correction, which moved both baselines down by one independently, so the one-entry movement is quoted here rather than a pair of from/to integers that no longer describe the current matrix. The unstirred, thin-gap, RDE and rotating-cylinder counts are unchanged and the architecture ordering is preserved; the largest median shift is +11 pct at the rotating cylinder (121.7 -> 135.7 mA cm-2). A factor of two is far wider than the uncertainty on any of these values, so the counts are stable in practice, but they are not invariant to them. The discrete charge-conservation check (maximum deviation 3e-12) and the binary-migration bound (2.00x Fick, reproduced to 0.2 pct) are insensitive to these values, because they test charge bookkeeping rather than the reported counts.",
4. Solver species diffusivities,BF4-/generic A- (organic),1.5e-09,m2 s-1,assumption,"deliberately conservative: the page-anchored lambda0(BF4-, MeCN) = 109.20 gives 2.908e-9 m2 s-1 by Nernst-Einstein, and 1.5e-9 was adopted instead","Kalugin, Lukinova & Novikov, Kharkiv Univ. Bull. Chem. Ser. 2019, 33(56), 23-33, DOI 10.26565/2220-637X-2019-33-02 (open access)",,"Tested 1.5e-9 to 2.91e-9 (the derived value). Solver species: supporting-electrolyte ions, mediators and mediator counter-ions. These set migration and the film potential in the Stage-1 and EC-prime solves, and they do reach reported quantities. In the Stage-0 film model only the Table S2 carrier D sets i_lim, but that is not true of the eight mediated entries, whose plotted current comes from the EC-prime solve these species enter. Doubling ClO4-, SCN-, Br- and Br2 together and re-solving the mediated matrix moves 18 of the 300 cells of the merged matrix by more than 1 pct and moves two published counts by one entry each: the stirred >=25 mA cm-2 count and the parallel-plate >=50 mA cm-2 count, each rising by one of fifty. The absolute values that perturbation was measured against predate the acetonitrile viscosity correction, which moved both baselines down by one independently, so the one-entry movement is quoted here rather than a pair of from/to integers that no longer describe the current matrix. The unstirred, thin-gap, RDE and rotating-cylinder counts are unchanged and the architecture ordering is preserved; the largest median shift is +11 pct at the rotating cylinder (121.7 -> 135.7 mA cm-2). A factor of two is far wider than the uncertainty on any of these values, so the counts are stable in practice, but they are not invariant to them. The discrete charge-conservation check (maximum deviation 3e-12) and the binary-migration bound (2.00x Fick, reproduced to 0.2 pct) are insensitive to these values, because they test charge bookkeeping rather than the reported counts.",
4. Solver species diffusivities,Supporting-ion diffusivities without conductance data,"24 slots, 21 ion/solvent pairs",m2 s-1,assumption,"the supporting-electrolyte cation and anion slots of the 50-row table for which no limiting conductance is tabulated; each takes the class default of the two rows above (1.0e-9 for a cation, 1.5e-9 for an anion) and records that basis beside the value","Declared class default: no lambda0 for these ion/solvent pairs (tosylate, BF4-, PF6-, HSO4-, carboxylates, Li+ and Br- in THF, and the like, in methanol, THF, acetone, HFIP, acetic acid and acetonitrile; tosylate and borate in water) in Krumgalz 1983 Table 4 or CRC 97th ed. pp. 5-75/5-76, so the acetonitrile values of the two rows above are reused. A supporting ion carries no flux, so under local electroneutrality its diffusivity shapes the potential profile but does not enter the limiting current; the default is therefore a choice that costs nothing reported, and the sensitivity beside it states the measured size of that nothing.",,"All 24 slots divided by 3 together, then all multiplied by 3 together, re-solving the full 300-cell Nernst-Planck layer each time: the largest relative change in any cell is exactly zero (divided) and exactly zero (multiplied), and no threshold count in any of the seven architectures moves. The zero is the physics, not a coincidence -- a species with zero flux drops out of its own conservation equation -- and the sweep exists as a regression test: a non-zero here would mean a supporting-ion diffusivity had started feeding a reacting species.",
4. Solver species diffusivities,Carrier charge z (all 50 rows),"z = 0 on 40 rows, -1 on 8, -2 on 1, +2 on 1",-,assumption,"the charge of the carrier as it reaches the electrode, read from each exemplar paper; it decides whether the migration term acts on the carrier (a charged carrier in its own salt is lifted above its Fick bound, a neutral one is not). 46 of 50 are read directly from the exemplar's written species (high confidence); 4 are metal complexes whose electroactive species is written neutral and were declared neutral (medium confidence): Ni-catalyzed aryl amination (ArBr + amine) -- Kawamata writes Ni(bpy)3Br2, i.e. [Ni(bpy)3]2+ 2Br-, but the ELECTROACTIVE species in the ArX cycle is the reduced Ni(0)/Ni(I) formed in sit; Electrochemical amination of ArX with NH3 -- Kawamata writes Ni(bpy)3Br2, i.e. [Ni(bpy)3]2+ 2Br-, but the ELECTROACTIVE species in the ArX cycle is the reduced Ni(0)/Ni(I) formed in sit; Mn-catalyzed alkene diazidation -- source writes MnBr2.4H2O 5 mol% with NaN3 5 equiv; the Mn(II)/Mn(III)-azide working species is written neutral. Anionic azido-manganates are; Ni-XEC C(sp2)-C(sp3) (ArBr + RBr) -- source writes Ni(dtbbpy)2Br2; as for Ni(bpy), the working species is the reduced Ni. NEUTRAL as the working species","Declared per row from the exemplar's own written species (each row's source is the exemplar cited beside it in Table S2); the value is printed in Table S2, column z, with medium-confidence rows marked *",,"The four medium-confidence rows were each re-solved at every alternative charge in {-1, 0, 1, 2}, the whole 300-cell layer each time: the largest change in any of their ceilings is 3.0 pct, and no threshold count in any of the seven architectures moves at any alternative. The residual uncertainty in those four charges is real and is provably immaterial to every published number.",
4. Solver species diffusivities,All 50 carrier D values,(Table S2),m2 s-1,derived,Wilke-Chang / Nernst-Einstein / Stokes-Einstein per row by the category-3 methods; the route and citation for each row are given in Table S2,Table S2,,See the Wilke-Chang row: +/-25 pct displaces log10 i_lim by +/-0.10.,"S2, S24, S25"
4. Solver species diffusivities,8 mediated-spec substrate D values,(S5.5),m2 s-1,derived,"Seven by Wilke-Chang on named structures and one (ethylene/H2O) measured, all generated by data/build_mediated_substrates.py into data/mediated_substrates.csv and asserted against julia/run_mediated.jl by gate G-dsub in both places the solver uses them (the MedSpec D_S field and the S(""Sub"") species entry). The arithmetic is therefore reproducible, which is the state-B test. Until 2026-08-24 these eight were hand-typed with nothing computing them, and running the arithmetic showed three were not Wilke-Chang values at all: Hofmann carried 2.00e-9 where 2-phenylacetamide/MeCN gives 1.861e-9 (7.5 pct high); nhpi carried 1.78e-9 where valencene/acetone gives 1.945e-9 (8.5 pct low); and the bromination row carried 6.25e-10 for a substrate this registry had misnamed as naproxen-arene -- the exemplar (s41467-025-57329-0) brominates anisole, which in H2O/MeCN gives 9.148e-10, so that value ran 46 pct low. Substrates now: 2-phenylacetamide/MeCN, 2-(2-oxopyrrolidin-1-yl)butan-1-ol/H2O, ethylene/H2O (MEASURED, Cussler Table 5.2-1 -- its own row above; the seven others are Wilke-Chang), valencene/acetone, hmf/H2O, 1-decene/MeCN-H2O, anisole/H2O-MeCN, anisole/AcOH-HCOOH. Five were confirmed by exact reproduction of the carried value (ratios 1.000, 0.997, 1.000, 1.002, 0.999); the three corrected ones were read out of the exemplar PDFs, because a 3-significant-figure D does not identify a structure uniquely -- 4-fluorobenzamide and cyclopentanecarboxamide both reproduce 2.00e-9 to 3 s.f.","Wilke & Chang, AIChE J. 1955, 1, 264-270 -- applied to the named surrogate structures; the ethylene row carries the measured Cussler value instead (its own row above)","structures from the exemplar PDFs: op3c00332.pdf (2-phenylacetamide 1a, 0.4 M), nature17431.pdf (valencene 4 -> nootkatone 5), s41467-025-57329-0.pdf (anisole; 4 mmol in 33 mL = 0.121 M = C_sub, and 0.5 M NaBr x 10/33 = 152 mol/m3 = C_carrier)","Swept together over x0.70 to x1.30 (the +/-25-30 pct usually quoted for Wilke-Chang, and wider than the +/-25 pct this registry carries as its working property error), re-solving the full 56-cell mediated matrix at each scale: the >=25 mA cm-2 count of the Recirculating flow cell falls from 4 to 3 of the eight mediated rows; the >=50 mA cm-2 count of the ANEC flow cell falls from 4 to 3 of the eight mediated rows, in each case only at x0.70, and nothing moves at x1.30. No count moves by more than 1 entry of eight. The mediated cell closest to the 25 mA cm-2 threshold is HMF -> FDCA (biomass) in the Microfluidic cell (25 um gap), at 25.64 mA cm-2 (2.6 pct away).",S2
4. Solver species diffusivities,"D_med, mediator (EC-prime base case)",6e-10,m2 s-1,assumption,"declared constant with no source, from the EC-prime base case. It is a round order-of-magnitude value for a tempo-like organic mediator; no lambda0 and no measurement for the modelled couple could be page-anchored, and no attempt is made to attach one. Base case of the EC-prime sweep: C_med = 20 mM, C_S = 0.5 M, delta = 100 um. Consumed by the EC-prime base case, by the mediated EC-prime panel of the Section 4 main composite (figs/make_fig_main.py) and by §S5.4 (figs/make_figH_ecprime.py), which print the commuting bound F D_med C_med / delta and the substrate cap F D_S C_S / delta as annotated reference lines, and by the regime classification of S5.4.","Declared constant of the EC-prime base case -- a round order-of-magnitude value for a TEMPO-like organic mediator. No lambda0 and no measurement for the modelled couple could be page-anchored, and none is claimed; it is a base case for the regime map, not a property of any specific mediator",,"Swept x1/3 to x3 (2e-10 to 1.8e-9 m2 s-1), the band S5.4 reports. Two printed quantities are linear in it: the commuting bound F D_med C_med / delta = 1.16 mA cm-2 runs 0.39-3.47, and the k -> 0 solver plateau recovers that bound to within 1-8 pct at every point of the sweep. It also sets x_k = sqrt(D_med / (k C_S)) as sqrt(D_med) -- 1.10 um at k = 1e3 M-1 s-1, spanning 0.63-1.90 um, i.e. delta/x_k = 91 spanning 53-158 -- and gamma = D_S C_S / (D_med C_med) = 41.67 as 1/D_med, spanning 13.9-125. The regime classification is invariant to it: regimes are selected by delta/x_k and gamma, both computed from the adopted values and reported with the case that uses them, and the existence and ordering of the three regimes do not change anywhere in the sweep. What is not invariant is which regime a fixed k occupies, which is why the base case supports regime statements and not scale-invariant ones (S5.4). No conclusion flips.",
4. Solver species diffusivities,"D_S, substrate (EC-prime base case)",1e-09,m2 s-1,assumption,"declared constant with no source, from the EC-prime base case. It is the generic small organic solute value already used across the solver species lists, adopted here without a measurement for any specific substrate. Base case of the EC-prime sweep: C_med = 20 mM, C_S = 0.5 M, delta = 100 um. Consumed by the EC-prime base case, by the mediated EC-prime panel of the Section 4 main composite (figs/make_fig_main.py) and by §S5.4 (figs/make_figH_ecprime.py), which print the commuting bound F D_med C_med / delta and the substrate cap F D_S C_S / delta as annotated reference lines, and by the regime classification of S5.4.","Declared constant of the EC-prime base case -- the generic small-organic-solute value already used across the solver species lists, adopted without a measurement for any specific substrate",,"Swept x1/3 to x3 (3.3e-10 to 3e-9 m2 s-1). The substrate cap F D_S C_S / delta = 48.24 mA cm-2 is linear in it and runs 16.1-144.7, and gamma = 41.67 runs 13.9-125. The k -> 0 shuttle result is exactly independent of D_S, and so is x_k, which contains D_med only. The regime classification is invariant to it for the same reason as the row above -- it is made by delta/x_k and gamma, and the existence and ordering of the three regimes survive the whole sweep -- but the regime a fixed k occupies does move: at k = 1e3 M-1 s-1 a threefold larger D_S carries the system out of total catalysis and back into the Saveant regime (S5.4). The two annotated ratios are therefore sensitive to this row and the classification is not. No conclusion flips.",
5. Concentrations,All 50 C_carrier / C_substrate,(Table S2),M,measured,"page-verified against the primary-source PDF corpus: for each row the stated amounts and solvent volumes of the paper's standard or scaled conditions were converted to molarity by explicit mmol/mL arithmetic. 49 of 50 are exemplar-verified (41 against main-article PDFs and patents, 8 more against their Supporting Materials); the remaining row, the amide alpha-methoxylation, transfers the verified Shono carbamate conditions by stated analogy",Table S2 per-row citations,"Table S2, final column (per-row page / table / figure / procedure anchor inside the cited source)","i_lim is linear in C (Eq. S1), so residual error in any row rescales exactly that row. The architecture ranking and the carrier dichotomy rest on 1-2 order-of-magnitude contrasts and cannot move under factor-of-two revisions.",
5. Concentrations,Supporting-electrolyte concentrations in EC' specs,0.033-1.0 M,M,measured,"matched to each verified exemplar's electrolyte; buffer compositions (carbonate pH 8.5, borate pH 10, HClO4 0.15 M) taken from the cited experimental sections",Table S2 per-row citations,"Table S2, final column",,
5. Concentrations,"Propylene C_sat (aq, 1 atm)",5.67e-3,M,derived,"Henry's law: C_sat = H_cp * p = 5.6e-5 mol m-3 Pa-1 * 101325 Pa = 5.67 mol m-3 = 5.67 mM. corrected 2026-08-22 on retrieval of the source. This row previously used H_cp = 4.9e-5, giving 5.0 mM, and cited the 2015 edition of Sander's compilation -- which was never retrieved. the edition now held carries exactly one propene entry, 5.6e-5 mol m-3 Pa-1, attributed to Plyasunov and Shock (2000). Where 4.9e-5 came from could not be established, so it is withdrawn rather than defended. the +14 pct move is safe and moves no reported current: this row bounds the gas-liquid delivery duty, not the electrode current, because 97.3 pct of the generated oxidant is exported from the film (see the sensitivity)","Sander, 'Compilation of Henry's law constants (version 5) for water as solvent', Atmos. Chem. Phys. 2023, 23, 10901-12440, DOI 10.5194/acp-23-10901-2023","propene entry, H_cp = 5.6e-5 mol m-3 Pa-1 at 298 K, attributed to Plyasunov and Shock (2000); the sole propene entry in the compilation","The ex-cell propylene epoxidation entry is bulk-reaction-limited: at 131 mA cm-2 the solver shows 97.3 pct of the generated oxidant exported from the film (97.3 pct on a 100 um film), so this row bounds the gas-liquid delivery duty, not the electrode current. It enters the solve through the reaction layer x_k = (D/kC)^(1/2) = 157 um and the planar propylene cap 0.75 mA cm-2; a 14 pct change in C_sat moves x_k by 7 pct and the in-film share by half a percentage point.",
5. Concentrations,n_carrier (electrons per carrier turnover),0.1 - 6.0 (per reaction; see Table S2),-,assumption,"new row 2026-08-23. N is one of the four factors of i_lim = n F D C / delta and was the only one with no registry row at all -- D, C and delta each had one. It is exactly as linear in i_lim as C is. Assigned per reaction from the balanced half-reaction of the carrier as written in the source, which is a reading of the mechanism, not a measurement","the balanced half-reaction of each exemplar, as reported",,"sensitivity. 48 of the 50 rows take integer n from an unambiguous half-reaction and are not in doubt. The exposure is the two fractional rows, where n < 1 encodes a chain-carrying regime -- catalytic in electrons -- rather than a stoichiometry: the radical-cation Diels-Alder at n = 0.1 and the Co-H alkene isomerization at n = 0.2. Those are declared mechanistic choices with no measurement behind them, and i_lim scales linearly with them. Both sit far below every threshold in every architecture, and raising each to n = 1 -- i.e. abandoning the chain entirely, the most generous possible revision -- multiplies them by 10x and 5x and leaves both still below 25 mA cm-2 in every architecture. No published count moves anywhere in the range, so the fractional-n choice cannot flip a reported verdict.",
5. Concentrations,"Trace initializations (Med_ox, H+ in aprotic)",1e-5 x C_med; 1e-3 mol m-3,mol m-3,assumption,"nonzero Dirichlet and initial values for the log-concentration degrees of freedom; a solver necessity, not a physical claim",declared solver setting,,"tr(C) was moved a full decade in both directions, 1e-5 -> 1e-4 and 1e-5 -> 1e-6, and the mediated matrix re-solved in an isolated copy each time. The seed is not exactly inert: 45 of the 48 (reaction, reactor) entries change at 1e-4 and 42 of 48 at 1e-6. The changes are negligible in size, and they scale with the seed as a perturbation should -- the largest absolute movement is 0.0059 mA cm-2 at 1e-4 and 0.00059 mA cm-2 at 1e-6, a factor of ten for a factor of ten in the seed, and in relative terms at most 0.008 pct. The largest movers are the two fastest systems at the rotating cylinder and the RDE, where the current is largest in absolute terms. The counts clearing 25 and 50 mA cm-2 among the mediated entries are unchanged at 31 and 24 at both ends, so no reported quantity depends on the seed.",
6. Electrolyte conductivities,0.01 M Bu4NPF6/HFIP,0.3,mS cm-1,assumption,"deliberately dilute optimum per the exemplar. HFIP (eps = 15.7 -- Colomer, Chamberlain, Haughey & Donohoe, Nat. Rev. Chem. 2017, 1, 0088, Table 1 p. 2; the 16.7 this row used to quote was recalled and wrong) has no lambda0 table in Krumgalz or anywhere retrieved, so even the dilute-limit route is unavailable. dorn'S supporting information has now been retrieved (2026-08-22), which closes the item that used to head this list and narrows what remains. Je3c00691_si_001.pdf carries the raw isotherms for 41 salts x 4 solvents, 21 measured points each: water, acetonitrile, methanol and ethanol, and nothing else. It supplied the Bu4NBF4/MeCN rows and three aqueous rows directly. it cannot reach: any DMF row (no DMF was measured), any THF row (no THF), or any perchlorate (NaClO4 is not among the 41 salts). Its NaBr in acetonitrile is a dash -- attempted, no fit -- so the two NaBr/MeCN rows are not closable from it either, which is a definitive negative rather than an untried lead. what remains, in order of yield: (i) Barthel & Neueder, Electrolyte Data Collection, dechema Vol. Xii (print-only; still the highest yield per unit effort for the amide family, and the only broad source that covers DMF). (ii) for the THF rows, Das, J. Solution Chem. 2008, 37, 947-955, DOI 10.1007/s10953-008-9288-9, has now been retrieved (papers for model/) and it does not settle them, which is worth stating so nobody pulls it twice. Its Table 1 measures LiBr in THF at 298.15 K over c = 0.01155 to 0.31623 mol dm-3, twenty points, with Lambda falling to a minimum of 0.1795 S cm2 mol-1 at 0.0205 M and then rising to 0.8100 at the top point, i.e. kappa from 0.0023 to 0.2561 mS cm-1 -- still roughly 10x below the 3.0 M this project uses. (An earlier reading gave the range as 0.0071-0.035 M at Lambda = 0.18-0.20: the three salts interleave in the text layer, and that pairs LiCl's concentration column with LiBr's Lambda column, truncated at the eighth row. Separated by x-coordinate on 2026-09-13, the same discipline the CRC viscosity and Chambers-Stokes conductance tables needed.) It confirms the physics that makes this row hard (LiCl, LiBr and LiBF4 form symmetrical triple ions, and the conductivity minimum sits at c_min = 4.9e-3 mol dm-3, so at 3.0 M the solution is ~600x above the minimum and deep in the triple-ion regime where Lambda rises again with concentration). Consequence for this row: the carried 3.0 mS cm-1 at 3.0 M implies Lambda = 1.0 S cm2 mol-1, a five-fold rise over Das's measured value at 0.01 M. Triple-ion formation makes that direction correct, but the magnitude is unverified and no measurement at preparative concentration was located. (iii) Minc & Werblan, Electrochim. Acta 1962, 7, 257-266 (retrieved, in papers for model/) for alkali perchlorates in acetonitrile. (iv) One benchtop conductivity measurement per salt/solvent family calibrates B in Lambda(c) = Lambda0/(1 + B sqrt(c)) and upgrades the whole family to state B at +/-15 pct -- and for the two rows that still carry a §S6 verdict this is the cheapest route to state A by a wide margin.","Declared, no external source: no measured conductivity for this exact salt/solvent/concentration was located, and the row is DISPLAY-ONLY -- kappa enters no transport quantity, so it supports no stated conclusion and is tabulated for completeness. The route attempted for this particular entry, and why it failed, is recorded in the row's method note.",,"Display-only. Kappa enters no transport quantity: i_lim (Eq. S1) and the NPP / EC-prime solvers use D, C, delta and z only. Kappa appears solely in the voltage/thermal path (cellvoltage.jl; figs make_figK.py, make_fig4B.py, make_figs.py Fig D, make_fig_main.py panel f). This row supports no stated conclusion; it is tabulated for scale. Most of the registered conductivities are in this position.",
6. Electrolyte conductivities,0.033 M Et4NPF6/MeCN,3.5,mS cm-1,assumption,"stays an assumption, now with a state-B ceiling. Kohlrausch additivity from Gong et al., Energy Environ. Sci. 2015, 8, 3515-3530, Table 2, p. 3518 (Li+ 69.97, ClO4- 103.6, Et4N+ 85.1, PF6- 102.8 S cm2 mol-1; Et4N+ corroborated at 86.34 by Kalugin et al. 2019, Table 3) gives Lambda0 = 187.9 S cm2 mol-1 and hence kappa <= 6.20 mS cm-1. The tabled value is not confirmed: converting a ceiling into a value requires Lambda/Lambda0, and the only route available was to transfer the ratio measured for a different salt (Bu4NBF4). That transfer is an assumption, so it does not upgrade the row and must not be used to overwrite the tabled value. dorn'S supporting information has now been retrieved (2026-08-22), which closes the item that used to head this list and narrows what remains. Je3c00691_si_001.pdf carries the raw isotherms for 41 salts x 4 solvents, 21 measured points each: water, acetonitrile, methanol and ethanol, and nothing else. It supplied the Bu4NBF4/MeCN rows and three aqueous rows directly. it cannot reach: any DMF row (no DMF was measured), any THF row (no THF), or any perchlorate (NaClO4 is not among the 41 salts). Its NaBr in acetonitrile is a dash -- attempted, no fit -- so the two NaBr/MeCN rows are not closable from it either, which is a definitive negative rather than an untried lead. what remains, in order of yield: (i) Barthel & Neueder, Electrolyte Data Collection, dechema Vol. Xii (print-only; still the highest yield per unit effort for the amide family, and the only broad source that covers DMF). (ii) for the THF rows, Das, J. Solution Chem. 2008, 37, 947-955, DOI 10.1007/s10953-008-9288-9, has now been retrieved (papers for model/) and it does not settle them, which is worth stating so nobody pulls it twice. Its Table 1 measures LiBr in THF at 298.15 K over c = 0.01155 to 0.31623 mol dm-3, twenty points, with Lambda falling to a minimum of 0.1795 S cm2 mol-1 at 0.0205 M and then rising to 0.8100 at the top point, i.e. kappa from 0.0023 to 0.2561 mS cm-1 -- still roughly 10x below the 3.0 M this project uses. (An earlier reading gave the range as 0.0071-0.035 M at Lambda = 0.18-0.20: the three salts interleave in the text layer, and that pairs LiCl's concentration column with LiBr's Lambda column, truncated at the eighth row. Separated by x-coordinate on 2026-09-13, the same discipline the CRC viscosity and Chambers-Stokes conductance tables needed.) It confirms the physics that makes this row hard (LiCl, LiBr and LiBF4 form symmetrical triple ions, and the conductivity minimum sits at c_min = 4.9e-3 mol dm-3, so at 3.0 M the solution is ~600x above the minimum and deep in the triple-ion regime where Lambda rises again with concentration). Consequence for this row: the carried 3.0 mS cm-1 at 3.0 M implies Lambda = 1.0 S cm2 mol-1, a five-fold rise over Das's measured value at 0.01 M. Triple-ion formation makes that direction correct, but the magnitude is unverified and no measurement at preparative concentration was located. (iii) Minc & Werblan, Electrochim. Acta 1962, 7, 257-266 (retrieved, in papers for model/) for alkali perchlorates in acetonitrile. (iv) One benchtop conductivity measurement per salt/solvent family calibrates B in Lambda(c) = Lambda0/(1 + B sqrt(c)) and upgrades the whole family to state B at +/-15 pct -- and for the two rows that still carry a §S6 verdict this is the cheapest route to state A by a wide margin.","Gong, Fang, Gu, Li & Yan, Energy Environ. Sci. 2015, 8, 3515-3530 (supports the ceiling, not the value)","Table 2, p. 3518","Display-only. Kappa enters no transport quantity: i_lim (Eq. S1) and the NPP / EC-prime solvers use D, C, delta and z only. Kappa appears solely in the voltage/thermal path (cellvoltage.jl; figs make_figK.py, make_fig4B.py, make_figs.py Fig D, make_fig_main.py panel f). This row supports no stated conclusion; it is tabulated for scale. Most of the registered conductivities are in this position. Hard ceiling kappa <= 6.20 mS cm-1 (state B). A cross-salt ratio transfer (Lambda/Lambda0 = 0.749 measured for Bu4NBF4) would give 4.6 in place of 3.5. It is not applied: substituting an unnamed cross-salt heuristic for a registry value is exactly what state C exists to prevent.","S27, S28"
6. Electrolyte conductivities,0.033 M Et4NPF6/THF-MeOH 5:1,0.35,mS cm-1,assumption,"no measured conductivity for this exact salt / solvent / concentration was located. The inherited citation was a limiting-conductivity table (Izutsu, 2nd ed.), which cannot supply kappa at 0.03-1 M at any concentration in this registry: for Bu4NBF4/MeCN the Onsager limiting law Lambda = Lambda0 - S sqrt(c), with the verified Lambda0 = 171.1 and S = 358.7 computed from the verified eps and eta, goes negative above 0.228 M, and the Lee-Wheaton / Fuoss-Justice extension reaches only ~0.02 M. The citation did not support the value and has been withdrawn. dorn'S supporting information has now been retrieved (2026-08-22), which closes the item that used to head this list and narrows what remains. Je3c00691_si_001.pdf carries the raw isotherms for 41 salts x 4 solvents, 21 measured points each: water, acetonitrile, methanol and ethanol, and nothing else. It supplied the Bu4NBF4/MeCN rows and three aqueous rows directly. it cannot reach: any DMF row (no DMF was measured), any THF row (no THF), or any perchlorate (NaClO4 is not among the 41 salts). Its NaBr in acetonitrile is a dash -- attempted, no fit -- so the two NaBr/MeCN rows are not closable from it either, which is a definitive negative rather than an untried lead. what remains, in order of yield: (i) Barthel & Neueder, Electrolyte Data Collection, dechema Vol. Xii (print-only; still the highest yield per unit effort for the amide family, and the only broad source that covers DMF). (ii) for the THF rows, Das, J. Solution Chem. 2008, 37, 947-955, DOI 10.1007/s10953-008-9288-9, has now been retrieved (papers for model/) and it does not settle them, which is worth stating so nobody pulls it twice. Its Table 1 measures LiBr in THF at 298.15 K over c = 0.01155 to 0.31623 mol dm-3, twenty points, with Lambda falling to a minimum of 0.1795 S cm2 mol-1 at 0.0205 M and then rising to 0.8100 at the top point, i.e. kappa from 0.0023 to 0.2561 mS cm-1 -- still roughly 10x below the 3.0 M this project uses. (An earlier reading gave the range as 0.0071-0.035 M at Lambda = 0.18-0.20: the three salts interleave in the text layer, and that pairs LiCl's concentration column with LiBr's Lambda column, truncated at the eighth row. Separated by x-coordinate on 2026-09-13, the same discipline the CRC viscosity and Chambers-Stokes conductance tables needed.) It confirms the physics that makes this row hard (LiCl, LiBr and LiBF4 form symmetrical triple ions, and the conductivity minimum sits at c_min = 4.9e-3 mol dm-3, so at 3.0 M the solution is ~600x above the minimum and deep in the triple-ion regime where Lambda rises again with concentration). Consequence for this row: the carried 3.0 mS cm-1 at 3.0 M implies Lambda = 1.0 S cm2 mol-1, a five-fold rise over Das's measured value at 0.01 M. Triple-ion formation makes that direction correct, but the magnitude is unverified and no measurement at preparative concentration was located. (iii) Minc & Werblan, Electrochim. Acta 1962, 7, 257-266 (retrieved, in papers for model/) for alkali perchlorates in acetonitrile. (iv) One benchtop conductivity measurement per salt/solvent family calibrates B in Lambda(c) = Lambda0/(1 + B sqrt(c)) and upgrades the whole family to state B at +/-15 pct -- and for the two rows that still carry a §S6 verdict this is the cheapest route to state A by a wide margin.","Declared, no external source: no measured conductivity for this exact salt/solvent/concentration was located, and the row is DISPLAY-ONLY -- kappa enters no transport quantity, so it supports no stated conclusion and is tabulated for completeness. The route attempted for this particular entry, and why it failed, is recorded in the row's method note.",,"Display-only. Kappa enters no transport quantity: i_lim (Eq. S1) and the NPP / EC-prime solvers use D, C, delta and z only. Kappa appears solely in the voltage/thermal path (cellvoltage.jl; figs make_figK.py, make_fig4B.py, make_figs.py Fig D, make_fig_main.py panel f). This row supports no stated conclusion; it is tabulated for scale. Most of the registered conductivities are in this position.",
6. Electrolyte conductivities,0.04 M NaBr/EtOH-MeOH 1:1,1.8,mS cm-1,assumption,"no measured conductivity for this exact salt / solvent / concentration was located. The inherited citation was a limiting-conductivity table (Izutsu, 2nd ed.), which cannot supply kappa at 0.03-1 M at any concentration in this registry: for Bu4NBF4/MeCN the Onsager limiting law Lambda = Lambda0 - S sqrt(c), with the verified Lambda0 = 171.1 and S = 358.7 computed from the verified eps and eta, goes negative above 0.228 M, and the Lee-Wheaton / Fuoss-Justice extension reaches only ~0.02 M. The citation did not support the value and has been withdrawn. dorn'S supporting information has now been retrieved (2026-08-22), which closes the item that used to head this list and narrows what remains. Je3c00691_si_001.pdf carries the raw isotherms for 41 salts x 4 solvents, 21 measured points each: water, acetonitrile, methanol and ethanol, and nothing else. It supplied the Bu4NBF4/MeCN rows and three aqueous rows directly. it cannot reach: any DMF row (no DMF was measured), any THF row (no THF), or any perchlorate (NaClO4 is not among the 41 salts). Its NaBr in acetonitrile is a dash -- attempted, no fit -- so the two NaBr/MeCN rows are not closable from it either, which is a definitive negative rather than an untried lead. what remains, in order of yield: (i) Barthel & Neueder, Electrolyte Data Collection, dechema Vol. Xii (print-only; still the highest yield per unit effort for the amide family, and the only broad source that covers DMF). (ii) for the THF rows, Das, J. Solution Chem. 2008, 37, 947-955, DOI 10.1007/s10953-008-9288-9, has now been retrieved (papers for model/) and it does not settle them, which is worth stating so nobody pulls it twice. Its Table 1 measures LiBr in THF at 298.15 K over c = 0.01155 to 0.31623 mol dm-3, twenty points, with Lambda falling to a minimum of 0.1795 S cm2 mol-1 at 0.0205 M and then rising to 0.8100 at the top point, i.e. kappa from 0.0023 to 0.2561 mS cm-1 -- still roughly 10x below the 3.0 M this project uses. (An earlier reading gave the range as 0.0071-0.035 M at Lambda = 0.18-0.20: the three salts interleave in the text layer, and that pairs LiCl's concentration column with LiBr's Lambda column, truncated at the eighth row. Separated by x-coordinate on 2026-09-13, the same discipline the CRC viscosity and Chambers-Stokes conductance tables needed.) It confirms the physics that makes this row hard (LiCl, LiBr and LiBF4 form symmetrical triple ions, and the conductivity minimum sits at c_min = 4.9e-3 mol dm-3, so at 3.0 M the solution is ~600x above the minimum and deep in the triple-ion regime where Lambda rises again with concentration). Consequence for this row: the carried 3.0 mS cm-1 at 3.0 M implies Lambda = 1.0 S cm2 mol-1, a five-fold rise over Das's measured value at 0.01 M. Triple-ion formation makes that direction correct, but the magnitude is unverified and no measurement at preparative concentration was located. (iii) Minc & Werblan, Electrochim. Acta 1962, 7, 257-266 (retrieved, in papers for model/) for alkali perchlorates in acetonitrile. (iv) One benchtop conductivity measurement per salt/solvent family calibrates B in Lambda(c) = Lambda0/(1 + B sqrt(c)) and upgrades the whole family to state B at +/-15 pct -- and for the two rows that still carry a §S6 verdict this is the cheapest route to state A by a wide margin.","Declared, no external source: no measured conductivity for this exact salt/solvent/concentration was located, and the row is DISPLAY-ONLY -- kappa enters no transport quantity, so it supports no stated conclusion and is tabulated for completeness. The route attempted for this particular entry, and why it failed, is recorded in the row's method note.",,"Display-only. Kappa enters no transport quantity: i_lim (Eq. S1) and the NPP / EC-prime solvers use D, C, delta and z only. Kappa appears solely in the voltage/thermal path (cellvoltage.jl; figs make_figK.py, make_fig4B.py, make_figs.py Fig D, make_fig_main.py panel f). This row supports no stated conclusion; it is tabulated for scale. Most of the registered conductivities are in this position.",
6. Electrolyte conductivities,0.04 M NaBr/MeCN,1.5,mS cm-1,assumption,"CEILING RECOVERED 2026-08-31. This row read 'no source supports this value, and none bounds it', on the ground that lambda0(Na+, MeCN) is absent from Gong et al. Table 2 (whose cation block runs Li+ 69.97 straight to Me4N+ 94.5) and from Kalugin et al. (R4N+ and anions only), so the Kohlrausch route could not close. It names Minc & Werblan as the source that would close it -- and that paper is IN THIS REPOSITORY and had simply not been opened for this purpose: Model Papers for Params/1-s2.0-0013468662870030-main.pdf, 'Electrical conductivity of electrolyte solutions in organic solvents - I. Alkali perchlorates in acetonitrile'. Its Table 2, p. 261 gives EQUIVALENT CONDUCTANCES AT INFINITE DILUTION in acetonitrile at 25 C: LiClO4 183.25 and NaClO4 192.40 S cm2 mol-1, cross-checked by its own Table 4, p. 263 (183.40 and 192.30, agreeing to 0.05 pct). Kohlrausch then closes in two steps from values already registered here: lambda0(ClO4-) = 183.25 - 69.97 = 113.28, hence lambda0(Na+) = 192.40 - 113.28 = 79.12, hence Lambda0(NaBr, MeCN) = 79.12 + 102.00 = 181.12 using lambda0(Br-, MeCN) = 102.00 from Kalugin Table 3, p. 28. As a check, lambda0(ClO4-) = 113.28 sits alongside Krumgalz's lambda0(SCN-, MeCN) = 113.3 for a similarly sized anion. dorn'S supporting information has now been retrieved (2026-08-22), which closes the item that used to head this list and narrows what remains. Je3c00691_si_001.pdf carries the raw isotherms for 41 salts x 4 solvents, 21 measured points each: water, acetonitrile, methanol and ethanol, and nothing else. It supplied the Bu4NBF4/MeCN rows and three aqueous rows directly. it cannot reach: any DMF row (no DMF was measured), any THF row (no THF), or any perchlorate (NaClO4 is not among the 41 salts). Its NaBr in acetonitrile is a dash -- attempted, no fit -- so the two NaBr/MeCN rows are not closable from it either, which is a definitive negative rather than an untried lead. what remains, in order of yield: (i) Barthel & Neueder, Electrolyte Data Collection, dechema Vol. Xii (print-only; still the highest yield per unit effort for the amide family, and the only broad source that covers DMF). (ii) for the THF rows, Das, J. Solution Chem. 2008, 37, 947-955, DOI 10.1007/s10953-008-9288-9, has now been retrieved (papers for model/) and it does not settle them, which is worth stating so nobody pulls it twice. Its Table 1 measures LiBr in THF at 298.15 K over c = 0.01155 to 0.31623 mol dm-3, twenty points, with Lambda falling to a minimum of 0.1795 S cm2 mol-1 at 0.0205 M and then rising to 0.8100 at the top point, i.e. kappa from 0.0023 to 0.2561 mS cm-1 -- still roughly 10x below the 3.0 M this project uses. (An earlier reading gave the range as 0.0071-0.035 M at Lambda = 0.18-0.20: the three salts interleave in the text layer, and that pairs LiCl's concentration column with LiBr's Lambda column, truncated at the eighth row. Separated by x-coordinate on 2026-09-13, the same discipline the CRC viscosity and Chambers-Stokes conductance tables needed.) It confirms the physics that makes this row hard (LiCl, LiBr and LiBF4 form symmetrical triple ions, and the conductivity minimum sits at c_min = 4.9e-3 mol dm-3, so at 3.0 M the solution is ~600x above the minimum and deep in the triple-ion regime where Lambda rises again with concentration). Consequence for this row: the carried 3.0 mS cm-1 at 3.0 M implies Lambda = 1.0 S cm2 mol-1, a five-fold rise over Das's measured value at 0.01 M. Triple-ion formation makes that direction correct, but the magnitude is unverified and no measurement at preparative concentration was located. (iii) Minc & Werblan, Electrochim. Acta 1962, 7, 257-266 (retrieved, in papers for model/) for alkali perchlorates in acetonitrile. (iv) One benchtop conductivity measurement per salt/solvent family calibrates B in Lambda(c) = Lambda0/(1 + B sqrt(c)) and upgrades the whole family to state B at +/-15 pct -- and for the two rows that still carry a §S6 verdict this is the cheapest route to state A by a wide margin.","Minc & Werblan, Electrochim. Acta 1962, 7, 257-266, Table 2, p. 261 (equivalent conductances of alkali perchlorates in acetonitrile at infinite dilution, 25 C), with Gong et al. Table 2 and Kalugin et al. Table 3, p. 28 -- bounds this row from above by Kohlrausch; see the method note for the two steps",,"Display-only. Kappa enters no transport quantity: i_lim (Eq. S1) and the NPP / EC-prime solvers use D, C, delta and z only. Kappa appears solely in the voltage/thermal path (cellvoltage.jl; figs make_figK.py, make_fig4B.py, make_figs.py Fig D, make_fig_main.py panel f). This row supports no stated conclusion; it is tabulated for scale. Most of the registered conductivities are in this position. CEILING, NOT AN ESTIMATE: kappa <= Lambda0 c is the infinite-dilution limit, and the true conductivity at working concentration is lower -- Minc & Werblan measure an association constant of K = 10.92 for NaClO4 in this solvent, and relaxation and electrophoretic effects reduce Lambda further. The ceilings are 38.5 mS cm-1 at 0.2 M NaClO4, 14.5 at 0.08 M NaBr and 7.2 at 0.04 M NaBr, against carried values of 12.0, 4.0 and 1.5, so every one sits well beneath its bound. What is still absent is the concentration dependence, which is why these stay state C rather than becoming derived.",
6. Electrolyte conductivities,0.043 M Bu4NBF4/MeCN,5.66,mS cm-1,derived,"derived by Casteel-Amis (Casteel & Amis, J. Chem. Eng. Data 1972, 17, 55) from the measured fit of Dorn et al., Table 3, p. 1499 for ACN / (C4H9)4NBF4 (kappa_max = 33.40 mS cm-1, m_max = 1.48127 mol kg-1, a = 0.78646, b = -0.02156). At m = 0.056 mol kg-1 the fit returns 5.66 mS cm-1. molarity -> molality, stated explicitly because state B requires the arithmetic to be reproducible and because the convention matters at the 4 pct level. The route is the solution density, not the pure-solvent density: rho_soln = (rho0 + c M/1000) / (1 + c V_phi/1000) and m = c / (rho_soln - c M/1000), with M = 329.27 g mol-1, rho0 = rho(MeCN) = 0.7768 g cm-3 and an apparent molar volume V_phi = 287 cm3 mol-1 (an ordinary value for Bu4NBF4, and the value the adopted molalities imply). This reproduces every adopted molality to three decimals: 0.043 M -> 0.056, 0.077 -> 0.101, 0.100 -> 0.133, 0.250 -> 0.348, 0.300 -> 0.424 mol kg-1. V_phi is itself a declared assumption, so the convention spread is bounded rather than ignored: the pure-solvent shortcut m = c/rho0 gives m = 0.322 and kappa = 18.1, and the salt-displacement shortcut m = c/(rho0 - cM/1000) gives m = 0.360 and kappa = 19.4, against the adopted 18.9 at m = 0.347. That 18.1-19.4 spread sits well inside the declared 15-23 band and moves the microfluidic MeCN ceiling only over 674-680 mA cm-2 against that cell's own transport ceiling of 111 mA cm-2, a margin of 6.09x to 6.14x, so no verdict anywhere in §S6 turns on the choice. the only row still using the fit. Dorn's supporting information (Table SI 85, p. 171) measures this isotherm at 21 concentrations, and every other Bu4NBF4/MeCN row in this registry is now read between two of those measurements. This one cannot be: m = 0.056 falls between measured points at m = 0 (0.17 mS cm-1) and m = 0.0905 (7.66), and kappa(m) is strongly curved there, so linear interpolation gives 4.80 against the fit's 5.66 -- a 15 pct disagreement that is the interpolation's error, not the fit's. the fit is now implemented and validated rather than typed: data/casteel_amis.py reproduces Dorn's own kappa_calc column on this isotherm to 0.088 pct (gate G-CA). The 5.18 sometimes quoted for this pair comes from applying the wrong sign to the b term; the opposite sign misses Dorn's kappa_calc by up to 32 pct on this same isotherm..","Dorn, Kareth, Weidner & Petermann, J. Chem. Eng. Data 2024, 69, 1493-1502; method: Casteel & Amis, J. Chem. Eng. Data 1972, 17, 55","Dorn Table 3, p. 1499 (ACN / (C4H9)4NBF4)","Display-only. Kappa enters no transport quantity: i_lim (Eq. S1) and the NPP / EC-prime solvers use D, C, delta and z only. Kappa appears solely in the voltage/thermal path (cellvoltage.jl; figs make_figK.py, make_fig4B.py, make_figs.py Fig D, make_fig_main.py panel f). This row supports no stated conclusion; it is tabulated for scale. Most of the registered conductivities are in this position. Derived display-only: the row now has a method and a locator, but it still enters no figure and no sentence. Declared band 5.0-6.0 mS cm-1.",S26
6. Electrolyte conductivities,0.0625 M TsOH/MeOH,7.5,mS cm-1,assumption,"no measured conductivity for this exact salt / solvent / concentration was located. The inherited citation was a limiting-conductivity table (Izutsu, 2nd ed.), which cannot supply kappa at 0.03-1 M at any concentration in this registry: for Bu4NBF4/MeCN the Onsager limiting law Lambda = Lambda0 - S sqrt(c), with the verified Lambda0 = 171.1 and S = 358.7 computed from the verified eps and eta, goes negative above 0.228 M, and the Lee-Wheaton / Fuoss-Justice extension reaches only ~0.02 M. The citation did not support the value and has been withdrawn. dorn'S supporting information has now been retrieved (2026-08-22), which closes the item that used to head this list and narrows what remains. Je3c00691_si_001.pdf carries the raw isotherms for 41 salts x 4 solvents, 21 measured points each: water, acetonitrile, methanol and ethanol, and nothing else. It supplied the Bu4NBF4/MeCN rows and three aqueous rows directly. it cannot reach: any DMF row (no DMF was measured), any THF row (no THF), or any perchlorate (NaClO4 is not among the 41 salts). Its NaBr in acetonitrile is a dash -- attempted, no fit -- so the two NaBr/MeCN rows are not closable from it either, which is a definitive negative rather than an untried lead. what remains, in order of yield: (i) Barthel & Neueder, Electrolyte Data Collection, dechema Vol. Xii (print-only; still the highest yield per unit effort for the amide family, and the only broad source that covers DMF). (ii) for the THF rows, Das, J. Solution Chem. 2008, 37, 947-955, DOI 10.1007/s10953-008-9288-9, has now been retrieved (papers for model/) and it does not settle them, which is worth stating so nobody pulls it twice. Its Table 1 measures LiBr in THF at 298.15 K over c = 0.01155 to 0.31623 mol dm-3, twenty points, with Lambda falling to a minimum of 0.1795 S cm2 mol-1 at 0.0205 M and then rising to 0.8100 at the top point, i.e. kappa from 0.0023 to 0.2561 mS cm-1 -- still roughly 10x below the 3.0 M this project uses. (An earlier reading gave the range as 0.0071-0.035 M at Lambda = 0.18-0.20: the three salts interleave in the text layer, and that pairs LiCl's concentration column with LiBr's Lambda column, truncated at the eighth row. Separated by x-coordinate on 2026-09-13, the same discipline the CRC viscosity and Chambers-Stokes conductance tables needed.) It confirms the physics that makes this row hard (LiCl, LiBr and LiBF4 form symmetrical triple ions, and the conductivity minimum sits at c_min = 4.9e-3 mol dm-3, so at 3.0 M the solution is ~600x above the minimum and deep in the triple-ion regime where Lambda rises again with concentration). Consequence for this row: the carried 3.0 mS cm-1 at 3.0 M implies Lambda = 1.0 S cm2 mol-1, a five-fold rise over Das's measured value at 0.01 M. Triple-ion formation makes that direction correct, but the magnitude is unverified and no measurement at preparative concentration was located. (iii) Minc & Werblan, Electrochim. Acta 1962, 7, 257-266 (retrieved, in papers for model/) for alkali perchlorates in acetonitrile. (iv) One benchtop conductivity measurement per salt/solvent family calibrates B in Lambda(c) = Lambda0/(1 + B sqrt(c)) and upgrades the whole family to state B at +/-15 pct -- and for the two rows that still carry a §S6 verdict this is the cheapest route to state A by a wide margin.","Declared, no external source: no measured conductivity for this exact salt/solvent/concentration was located, and the row is DISPLAY-ONLY -- kappa enters no transport quantity, so it supports no stated conclusion and is tabulated for completeness. The route attempted for this particular entry, and why it failed, is recorded in the row's method note.",,"Display-only. Kappa enters no transport quantity: i_lim (Eq. S1) and the NPP / EC-prime solvers use D, C, delta and z only. Kappa appears solely in the voltage/thermal path (cellvoltage.jl; figs make_figK.py, make_fig4B.py, make_figs.py Fig D, make_fig_main.py panel f). This row supports no stated conclusion; it is tabulated for scale. Most of the registered conductivities are in this position.",
6. Electrolyte conductivities,0.077 M Bu4NBF4/MeCN,8.26,mS cm-1,measured,"measured. read between two measured points of Dorn's isotherm in the supporting information, which carries the raw data the article body's Table 3 only summarises: Table SI 85, p. 171, at m = 0.101 mol kg-1, between the measured points (0.0905, 7.66) and (0.1896, 13.36) mol kg-1 / mS cm-1, giving 8.26 mS cm-1. Supersedes a typed 8.07 produced from the Casteel-Amis fit with the wrong sign on b.. dorn'S supporting information has now been retrieved (2026-08-22), which closes the item that used to head this list and narrows what remains. Je3c00691_si_001.pdf carries the raw isotherms for 41 salts x 4 solvents, 21 measured points each: water, acetonitrile, methanol and ethanol, and nothing else. It supplied the Bu4NBF4/MeCN rows and three aqueous rows directly. it cannot reach: any DMF row (no DMF was measured), any THF row (no THF), or any perchlorate (NaClO4 is not among the 41 salts). Its NaBr in acetonitrile is a dash -- attempted, no fit -- so the two NaBr/MeCN rows are not closable from it either, which is a definitive negative rather than an untried lead. what remains, in order of yield: (i) Barthel & Neueder, Electrolyte Data Collection, dechema Vol. Xii (print-only; still the highest yield per unit effort for the amide family, and the only broad source that covers DMF). (ii) for the THF rows, Das, J. Solution Chem. 2008, 37, 947-955, DOI 10.1007/s10953-008-9288-9, has now been retrieved (papers for model/) and it does not settle them, which is worth stating so nobody pulls it twice. Its Table 1 measures LiBr in THF at 298.15 K over c = 0.01155 to 0.31623 mol dm-3, twenty points, with Lambda falling to a minimum of 0.1795 S cm2 mol-1 at 0.0205 M and then rising to 0.8100 at the top point, i.e. kappa from 0.0023 to 0.2561 mS cm-1 -- still roughly 10x below the 3.0 M this project uses. (An earlier reading gave the range as 0.0071-0.035 M at Lambda = 0.18-0.20: the three salts interleave in the text layer, and that pairs LiCl's concentration column with LiBr's Lambda column, truncated at the eighth row. Separated by x-coordinate on 2026-09-13, the same discipline the CRC viscosity and Chambers-Stokes conductance tables needed.) It confirms the physics that makes this row hard (LiCl, LiBr and LiBF4 form symmetrical triple ions, and the conductivity minimum sits at c_min = 4.9e-3 mol dm-3, so at 3.0 M the solution is ~600x above the minimum and deep in the triple-ion regime where Lambda rises again with concentration). Consequence for this row: the carried 3.0 mS cm-1 at 3.0 M implies Lambda = 1.0 S cm2 mol-1, a five-fold rise over Das's measured value at 0.01 M. Triple-ion formation makes that direction correct, but the magnitude is unverified and no measurement at preparative concentration was located. (iii) Minc & Werblan, Electrochim. Acta 1962, 7, 257-266 (retrieved, in papers for model/) for alkali perchlorates in acetonitrile. (iv) One benchtop conductivity measurement per salt/solvent family calibrates B in Lambda(c) = Lambda0/(1 + B sqrt(c)) and upgrades the whole family to state B at +/-15 pct -- and for the two rows that still carry a §S6 verdict this is the cheapest route to state A by a wide margin.","Dorn, Kareth, Weidner & Petermann, J. Chem. Eng. Data 2024, 69, 1493-1502, Supporting Information (je3c00691_si_001.pdf)","Table SI 85, p. 171 (298.15 K, 101 kPa; 21 measured points with combined uncertainties)","Display-only. Kappa enters no transport quantity: i_lim (Eq. S1) and the NPP / EC-prime solvers use D, C, delta and z only. Kappa appears solely in the voltage/thermal path (cellvoltage.jl; figs make_figK.py, make_fig4B.py, make_figs.py Fig D, make_fig_main.py panel f). This row supports no stated conclusion; it is tabulated for scale. Most of the registered conductivities are in this position.",
6. Electrolyte conductivities,0.077 M Et4NBF4/MeCN,9.26,mS cm-1,derived,"derived 2026-08-22 by same-family transfer at equal Lambda/Lambda0 from the derived 0.077 M Bu4NBF4/MeCN row (8.1 mS cm-1): same solvent, same anion, same concentration, homologous tetraalkylammonium cation, so the degree of dissociation and the relaxation/electrophoretic attenuation are taken as common and only the limiting conductances differ. The two limiting conductances come from Kalugin Table 3, p. 28 -- Et4N+ 86.34, BF4- 109.20, Bu4N+ 61.90 S cm2 mol-1 -- a source already registered in this file, on the Br-(MeCN) row. Lambda0(Bu4NBF4/MeCN) = 61.90 + 109.20 = 171.10 reproduces to 0.00 pct the 171.1 this registry carries independently as measured, which is the self-consistency check on the route; Lambda0(Et4NBF4/MeCN) = 86.34 + 109.20 = 195.54, giving kappa = 8.1 x 195.54/171.10 = 9.26 mS cm-1. independent corroboration: Krumgalz's Walden products (Table 2 p. 577, acetonitrile row: Et4N+ 0.292, Bu4N+ 0.212) over his own acetonitrile viscosity (Table 3 p. 578, 0.00344 P) give 84.9 and 61.6, agreeing with Kalugin to -1.7 and -0.5 pct and yielding 9.20 mS cm-1 by the same construction -- a 0.6 pct spread between two independent tabulations. Gong Table 2 p. 3518 gives Et4N+ 85.1, between the two. Note: some sources call lambda0(Bu4N+, MeCN) the single missing number blocking this transfer. It was never missing -- Kalugin p. 28 carried it all along, cited on another row of this same file. why not dorn'S own fit: Dorn Table 3 p. 1499 does carry ACN/(C2H5)4NBF4 (m_max 4.00409, kappa_max 60.97, a 0.84952, b -0.02650) and it was retrieved -- but evaluated at this concentration it returns 4.03 mS cm-1, i.e. lambda/Lambda0 = 0.269 against 0.615 for Bu4NBF4 at the same molality in the same solvent. Two homologous R4N+BF4- salts cannot differ that way; the fit is anchored at m_max = 4.0 mol/kg and does not reach 0.077 M. That fit is therefore not used, and this row does not claim it. Supersedes an 8.1 lower bound..","Kalugin, Lukinova & Novikov, Kharkiv Univ. Bull. Chem. Ser. 2019, 33(56), 23-33, DOI 10.26565/2220-637X-2019-33-02 (open access); Krumgalz, J. Chem. Soc. Faraday Trans. 1 1983, 79, 571-587; Dorn, Kareth, Weidner & Petermann, J. Chem. Eng. Data 2024, 69, 1493-1502; Gong, Fang, Gu, Li & Yan, Energy Environ. Sci. 2015, 8, 3515-3530","Kalugin Table 3, p. 28 (Et4N+ 86.34, BF4- 109.20, Bu4N+ 61.90 S cm2 mol-1); Krumgalz Table 2, p. 577 (Walden products, acetonitrile row: Et4N+ 0.292, Bu4N+ 0.212) and Table 3, p. 578 (acetonitrile 0.00344 P); Dorn Table 3, p. 1499; Gong Table 2, p. 3518","Display-only. Kappa enters no transport quantity: i_lim (Eq. S1) and the NPP / EC-prime solvers use D, C, delta and z only. Kappa appears solely in the voltage/thermal path (cellvoltage.jl; figs make_figK.py, make_fig4B.py, make_figs.py Fig D, make_fig_main.py panel f). This row supports no stated conclusion; it is tabulated for scale. Most of the registered conductivities are in this position.",
6. Electrolyte conductivities,0.08 M NaBr/MeCN,4.0,mS cm-1,assumption,"CEILING RECOVERED 2026-08-31. This row read 'no source supports this value, and none bounds it', on the ground that lambda0(Na+, MeCN) is absent from Gong et al. Table 2 (whose cation block runs Li+ 69.97 straight to Me4N+ 94.5) and from Kalugin et al. (R4N+ and anions only), so the Kohlrausch route could not close. It names Minc & Werblan as the source that would close it -- and that paper is IN THIS REPOSITORY and had simply not been opened for this purpose: Model Papers for Params/1-s2.0-0013468662870030-main.pdf, 'Electrical conductivity of electrolyte solutions in organic solvents - I. Alkali perchlorates in acetonitrile'. Its Table 2, p. 261 gives EQUIVALENT CONDUCTANCES AT INFINITE DILUTION in acetonitrile at 25 C: LiClO4 183.25 and NaClO4 192.40 S cm2 mol-1, cross-checked by its own Table 4, p. 263 (183.40 and 192.30, agreeing to 0.05 pct). Kohlrausch then closes in two steps from values already registered here: lambda0(ClO4-) = 183.25 - 69.97 = 113.28, hence lambda0(Na+) = 192.40 - 113.28 = 79.12, hence Lambda0(NaBr, MeCN) = 79.12 + 102.00 = 181.12 using lambda0(Br-, MeCN) = 102.00 from Kalugin Table 3, p. 28. As a check, lambda0(ClO4-) = 113.28 sits alongside Krumgalz's lambda0(SCN-, MeCN) = 113.3 for a similarly sized anion. dorn'S supporting information has now been retrieved (2026-08-22), which closes the item that used to head this list and narrows what remains. Je3c00691_si_001.pdf carries the raw isotherms for 41 salts x 4 solvents, 21 measured points each: water, acetonitrile, methanol and ethanol, and nothing else. It supplied the Bu4NBF4/MeCN rows and three aqueous rows directly. it cannot reach: any DMF row (no DMF was measured), any THF row (no THF), or any perchlorate (NaClO4 is not among the 41 salts). Its NaBr in acetonitrile is a dash -- attempted, no fit -- so the two NaBr/MeCN rows are not closable from it either, which is a definitive negative rather than an untried lead. what remains, in order of yield: (i) Barthel & Neueder, Electrolyte Data Collection, dechema Vol. Xii (print-only; still the highest yield per unit effort for the amide family, and the only broad source that covers DMF). (ii) for the THF rows, Das, J. Solution Chem. 2008, 37, 947-955, DOI 10.1007/s10953-008-9288-9, has now been retrieved (papers for model/) and it does not settle them, which is worth stating so nobody pulls it twice. Its Table 1 measures LiBr in THF at 298.15 K over c = 0.01155 to 0.31623 mol dm-3, twenty points, with Lambda falling to a minimum of 0.1795 S cm2 mol-1 at 0.0205 M and then rising to 0.8100 at the top point, i.e. kappa from 0.0023 to 0.2561 mS cm-1 -- still roughly 10x below the 3.0 M this project uses. (An earlier reading gave the range as 0.0071-0.035 M at Lambda = 0.18-0.20: the three salts interleave in the text layer, and that pairs LiCl's concentration column with LiBr's Lambda column, truncated at the eighth row. Separated by x-coordinate on 2026-09-13, the same discipline the CRC viscosity and Chambers-Stokes conductance tables needed.) It confirms the physics that makes this row hard (LiCl, LiBr and LiBF4 form symmetrical triple ions, and the conductivity minimum sits at c_min = 4.9e-3 mol dm-3, so at 3.0 M the solution is ~600x above the minimum and deep in the triple-ion regime where Lambda rises again with concentration). Consequence for this row: the carried 3.0 mS cm-1 at 3.0 M implies Lambda = 1.0 S cm2 mol-1, a five-fold rise over Das's measured value at 0.01 M. Triple-ion formation makes that direction correct, but the magnitude is unverified and no measurement at preparative concentration was located. (iii) Minc & Werblan, Electrochim. Acta 1962, 7, 257-266 (retrieved, in papers for model/) for alkali perchlorates in acetonitrile. (iv) One benchtop conductivity measurement per salt/solvent family calibrates B in Lambda(c) = Lambda0/(1 + B sqrt(c)) and upgrades the whole family to state B at +/-15 pct -- and for the two rows that still carry a §S6 verdict this is the cheapest route to state A by a wide margin.","Minc & Werblan, Electrochim. Acta 1962, 7, 257-266, Table 2, p. 261 (equivalent conductances of alkali perchlorates in acetonitrile at infinite dilution, 25 C), with Gong et al. Table 2 and Kalugin et al. Table 3, p. 28 -- bounds this row from above by Kohlrausch; see the method note for the two steps",,"Display-only. Kappa enters no transport quantity: i_lim (Eq. S1) and the NPP / EC-prime solvers use D, C, delta and z only. Kappa appears solely in the voltage/thermal path (cellvoltage.jl; figs make_figK.py, make_fig4B.py, make_figs.py Fig D, make_fig_main.py panel f). This row supports no stated conclusion; it is tabulated for scale. Most of the registered conductivities are in this position. CEILING, NOT AN ESTIMATE: kappa <= Lambda0 c is the infinite-dilution limit, and the true conductivity at working concentration is lower -- Minc & Werblan measure an association constant of K = 10.92 for NaClO4 in this solvent, and relaxation and electrophoretic effects reduce Lambda further. The ceilings are 38.5 mS cm-1 at 0.2 M NaClO4, 14.5 at 0.08 M NaBr and 7.2 at 0.04 M NaBr, against carried values of 12.0, 4.0 and 1.5, so every one sits well beneath its bound. What is still absent is the concentration dependence, which is why these stay state C rather than becoming derived.",
6. Electrolyte conductivities,0.0833 M Me4NBF4/MeOH,5.21,mS cm-1,assumption,"no measured conductivity for this exact salt / solvent / concentration was located. The inherited citation was a limiting-conductivity table (Izutsu, 2nd ed.), which cannot supply kappa at 0.03-1 M at any concentration in this registry: for Bu4NBF4/MeCN the Onsager limiting law Lambda = Lambda0 - S sqrt(c), with the verified Lambda0 = 171.1 and S = 358.7 computed from the verified eps and eta, goes negative above 0.228 M, and the Lee-Wheaton / Fuoss-Justice extension reaches only ~0.02 M. The citation did not support the value and has been withdrawn. dorn'S supporting information has now been retrieved (2026-08-22), which closes the item that used to head this list and narrows what remains. Je3c00691_si_001.pdf carries the raw isotherms for 41 salts x 4 solvents, 21 measured points each: water, acetonitrile, methanol and ethanol, and nothing else. It supplied the Bu4NBF4/MeCN rows and three aqueous rows directly. it cannot reach: any DMF row (no DMF was measured), any THF row (no THF), or any perchlorate (NaClO4 is not among the 41 salts). Its NaBr in acetonitrile is a dash -- attempted, no fit -- so the two NaBr/MeCN rows are not closable from it either, which is a definitive negative rather than an untried lead. what remains, in order of yield: (i) Barthel & Neueder, Electrolyte Data Collection, dechema Vol. Xii (print-only; still the highest yield per unit effort for the amide family, and the only broad source that covers DMF). (ii) for the THF rows, Das, J. Solution Chem. 2008, 37, 947-955, DOI 10.1007/s10953-008-9288-9, has now been retrieved (papers for model/) and it does not settle them, which is worth stating so nobody pulls it twice. Its Table 1 measures LiBr in THF at 298.15 K over c = 0.01155 to 0.31623 mol dm-3, twenty points, with Lambda falling to a minimum of 0.1795 S cm2 mol-1 at 0.0205 M and then rising to 0.8100 at the top point, i.e. kappa from 0.0023 to 0.2561 mS cm-1 -- still roughly 10x below the 3.0 M this project uses. (An earlier reading gave the range as 0.0071-0.035 M at Lambda = 0.18-0.20: the three salts interleave in the text layer, and that pairs LiCl's concentration column with LiBr's Lambda column, truncated at the eighth row. Separated by x-coordinate on 2026-09-13, the same discipline the CRC viscosity and Chambers-Stokes conductance tables needed.) It confirms the physics that makes this row hard (LiCl, LiBr and LiBF4 form symmetrical triple ions, and the conductivity minimum sits at c_min = 4.9e-3 mol dm-3, so at 3.0 M the solution is ~600x above the minimum and deep in the triple-ion regime where Lambda rises again with concentration). Consequence for this row: the carried 3.0 mS cm-1 at 3.0 M implies Lambda = 1.0 S cm2 mol-1, a five-fold rise over Das's measured value at 0.01 M. Triple-ion formation makes that direction correct, but the magnitude is unverified and no measurement at preparative concentration was located. (iii) Minc & Werblan, Electrochim. Acta 1962, 7, 257-266 (retrieved, in papers for model/) for alkali perchlorates in acetonitrile. (iv) One benchtop conductivity measurement per salt/solvent family calibrates B in Lambda(c) = Lambda0/(1 + B sqrt(c)) and upgrades the whole family to state B at +/-15 pct -- and for the two rows that still carry a §S6 verdict this is the cheapest route to state A by a wide margin.","Declared, no external source: no measured conductivity for this exact salt/solvent/concentration was located, and the row is DISPLAY-ONLY -- kappa enters no transport quantity, so it supports no stated conclusion and is tabulated for completeness. The route attempted for this particular entry, and why it failed, is recorded in the row's method note.",,"Display-only. Kappa enters no transport quantity: i_lim (Eq. S1) and the NPP / EC-prime solvers use D, C, delta and z only. Kappa appears solely in the voltage/thermal path (cellvoltage.jl; figs make_figK.py, make_fig4B.py, make_figs.py Fig D, make_fig_main.py panel f). This row supports no stated conclusion; it is tabulated for scale. Most of the registered conductivities are in this position.",
6. Electrolyte conductivities,0.085 M Et4NPF6/MeCN-HCl aq,8.0,mS cm-1,assumption,"mixed-solvent composition: no limiting-conductivity table exists for it, and preferential solvation makes transfer from either pure component invalid. Permanently an assumption. dorn'S supporting information has now been retrieved (2026-08-22), which closes the item that used to head this list and narrows what remains. Je3c00691_si_001.pdf carries the raw isotherms for 41 salts x 4 solvents, 21 measured points each: water, acetonitrile, methanol and ethanol, and nothing else. It supplied the Bu4NBF4/MeCN rows and three aqueous rows directly. it cannot reach: any DMF row (no DMF was measured), any THF row (no THF), or any perchlorate (NaClO4 is not among the 41 salts). Its NaBr in acetonitrile is a dash -- attempted, no fit -- so the two NaBr/MeCN rows are not closable from it either, which is a definitive negative rather than an untried lead. what remains, in order of yield: (i) Barthel & Neueder, Electrolyte Data Collection, dechema Vol. Xii (print-only; still the highest yield per unit effort for the amide family, and the only broad source that covers DMF). (ii) for the THF rows, Das, J. Solution Chem. 2008, 37, 947-955, DOI 10.1007/s10953-008-9288-9, has now been retrieved (papers for model/) and it does not settle them, which is worth stating so nobody pulls it twice. Its Table 1 measures LiBr in THF at 298.15 K over c = 0.01155 to 0.31623 mol dm-3, twenty points, with Lambda falling to a minimum of 0.1795 S cm2 mol-1 at 0.0205 M and then rising to 0.8100 at the top point, i.e. kappa from 0.0023 to 0.2561 mS cm-1 -- still roughly 10x below the 3.0 M this project uses. (An earlier reading gave the range as 0.0071-0.035 M at Lambda = 0.18-0.20: the three salts interleave in the text layer, and that pairs LiCl's concentration column with LiBr's Lambda column, truncated at the eighth row. Separated by x-coordinate on 2026-09-13, the same discipline the CRC viscosity and Chambers-Stokes conductance tables needed.) It confirms the physics that makes this row hard (LiCl, LiBr and LiBF4 form symmetrical triple ions, and the conductivity minimum sits at c_min = 4.9e-3 mol dm-3, so at 3.0 M the solution is ~600x above the minimum and deep in the triple-ion regime where Lambda rises again with concentration). Consequence for this row: the carried 3.0 mS cm-1 at 3.0 M implies Lambda = 1.0 S cm2 mol-1, a five-fold rise over Das's measured value at 0.01 M. Triple-ion formation makes that direction correct, but the magnitude is unverified and no measurement at preparative concentration was located. (iii) Minc & Werblan, Electrochim. Acta 1962, 7, 257-266 (retrieved, in papers for model/) for alkali perchlorates in acetonitrile. (iv) One benchtop conductivity measurement per salt/solvent family calibrates B in Lambda(c) = Lambda0/(1 + B sqrt(c)) and upgrades the whole family to state B at +/-15 pct -- and for the two rows that still carry a §S6 verdict this is the cheapest route to state A by a wide margin.","Declared, no external source: no measured conductivity for this exact salt/solvent/concentration was located, and the row is DISPLAY-ONLY -- kappa enters no transport quantity, so it supports no stated conclusion and is tabulated for completeness. The route attempted for this particular entry, and why it failed, is recorded in the row's method note.",,"Display-only. Kappa enters no transport quantity: i_lim (Eq. S1) and the NPP / EC-prime solvers use D, C, delta and z only. Kappa appears solely in the voltage/thermal path (cellvoltage.jl; figs make_figK.py, make_fig4B.py, make_figs.py Fig D, make_fig_main.py panel f). This row supports no stated conclusion; it is tabulated for scale. Most of the registered conductivities are in this position.",
6. Electrolyte conductivities,0.091 M MTES/HFIP-MeOH,2.0,mS cm-1,assumption,"no measured conductivity for this exact salt / solvent / concentration was located. The inherited citation was a limiting-conductivity table (Izutsu, 2nd ed.), which cannot supply kappa at 0.03-1 M at any concentration in this registry: for Bu4NBF4/MeCN the Onsager limiting law Lambda = Lambda0 - S sqrt(c), with the verified Lambda0 = 171.1 and S = 358.7 computed from the verified eps and eta, goes negative above 0.228 M, and the Lee-Wheaton / Fuoss-Justice extension reaches only ~0.02 M. The citation did not support the value and has been withdrawn. dorn'S supporting information has now been retrieved (2026-08-22), which closes the item that used to head this list and narrows what remains. Je3c00691_si_001.pdf carries the raw isotherms for 41 salts x 4 solvents, 21 measured points each: water, acetonitrile, methanol and ethanol, and nothing else. It supplied the Bu4NBF4/MeCN rows and three aqueous rows directly. it cannot reach: any DMF row (no DMF was measured), any THF row (no THF), or any perchlorate (NaClO4 is not among the 41 salts). Its NaBr in acetonitrile is a dash -- attempted, no fit -- so the two NaBr/MeCN rows are not closable from it either, which is a definitive negative rather than an untried lead. what remains, in order of yield: (i) Barthel & Neueder, Electrolyte Data Collection, dechema Vol. Xii (print-only; still the highest yield per unit effort for the amide family, and the only broad source that covers DMF). (ii) for the THF rows, Das, J. Solution Chem. 2008, 37, 947-955, DOI 10.1007/s10953-008-9288-9, has now been retrieved (papers for model/) and it does not settle them, which is worth stating so nobody pulls it twice. Its Table 1 measures LiBr in THF at 298.15 K over c = 0.01155 to 0.31623 mol dm-3, twenty points, with Lambda falling to a minimum of 0.1795 S cm2 mol-1 at 0.0205 M and then rising to 0.8100 at the top point, i.e. kappa from 0.0023 to 0.2561 mS cm-1 -- still roughly 10x below the 3.0 M this project uses. (An earlier reading gave the range as 0.0071-0.035 M at Lambda = 0.18-0.20: the three salts interleave in the text layer, and that pairs LiCl's concentration column with LiBr's Lambda column, truncated at the eighth row. Separated by x-coordinate on 2026-09-13, the same discipline the CRC viscosity and Chambers-Stokes conductance tables needed.) It confirms the physics that makes this row hard (LiCl, LiBr and LiBF4 form symmetrical triple ions, and the conductivity minimum sits at c_min = 4.9e-3 mol dm-3, so at 3.0 M the solution is ~600x above the minimum and deep in the triple-ion regime where Lambda rises again with concentration). Consequence for this row: the carried 3.0 mS cm-1 at 3.0 M implies Lambda = 1.0 S cm2 mol-1, a five-fold rise over Das's measured value at 0.01 M. Triple-ion formation makes that direction correct, but the magnitude is unverified and no measurement at preparative concentration was located. (iii) Minc & Werblan, Electrochim. Acta 1962, 7, 257-266 (retrieved, in papers for model/) for alkali perchlorates in acetonitrile. (iv) One benchtop conductivity measurement per salt/solvent family calibrates B in Lambda(c) = Lambda0/(1 + B sqrt(c)) and upgrades the whole family to state B at +/-15 pct -- and for the two rows that still carry a §S6 verdict this is the cheapest route to state A by a wide margin.","Declared, no external source: no measured conductivity for this exact salt/solvent/concentration was located, and the row is DISPLAY-ONLY -- kappa enters no transport quantity, so it supports no stated conclusion and is tabulated for completeness. The route attempted for this particular entry, and why it failed, is recorded in the row's method note.",,"Display-only. Kappa enters no transport quantity: i_lim (Eq. S1) and the NPP / EC-prime solvers use D, C, delta and z only. Kappa appears solely in the voltage/thermal path (cellvoltage.jl; figs make_figK.py, make_fig4B.py, make_figs.py Fig D, make_fig_main.py panel f). This row supports no stated conclusion; it is tabulated for scale. Most of the registered conductivities are in this position.",
6. Electrolyte conductivities,0.1 M Bu4NBF4/DMF,4.76,mS cm-1,measured,"measured, retrieved 2026-08-22. This is the one number a reader meets in the manuscript body -- the TRL-E 6 passage quotes it and builds a worked example on it -- and until now it was an unsourced 3.5 mS cm-1 carried as `unused-legacy (no registry row)`, i.e. A number printed in the paper with no provenance entry anywhere. Shinkle et al. Table 1 measures exactly this composition, 0.1 M TBABF4 in DMF, at 4.76 mS cm-1. The carried 3.5 was 26 pct low. two independent checks on the same table, both of which this registry can make against values it already held: (i) Shinkle's 0.1 M TBABF4 in ACN is 9.93 against the 9.9 this registry had derived from Dorn's Casteel-Amis fit -- agreement to 0.3 pct, which is what validates that route for the four remaining Bu4NBF4/MeCN rows that have no direct measurement; and (ii) Shinkle's 0.1 M TBAPF6 in THF is 0.57 against the 0.51 this registry carries as measured from Zhang et al., jacs Au 2023, 3(8), 2280-2290 -- two independent laboratories 10 pct apart. superseded: the derivation recorded on this row before the measurement arrived gave 4.21 by Walden transfer of lambda0(BF4-) from MeCN plus Gopal & Jha's measured lambda0(Bu4N+, DMF), with a Kohlrausch ceiling of 7.28. It is retained here only because it is the check on that method: it landed 12 pct below the measurement and on the correct side of the carried value, so the method is usable but is not a substitute for measuring. caveat on the locator: Shinkle states 'room temperature', not 25.0 C. Every other conductivity in this registry is at 25 C. For a 2-3 pct per K temperature coefficient a +/-2 K ambiguity is +/-5 pct, which is inside the band the manuscript claim tolerates.. dorn'S supporting information has now been retrieved (2026-08-22), which closes the item that used to head this list and narrows what remains. Je3c00691_si_001.pdf carries the raw isotherms for 41 salts x 4 solvents, 21 measured points each: water, acetonitrile, methanol and ethanol, and nothing else. It supplied the Bu4NBF4/MeCN rows and three aqueous rows directly. it cannot reach: any DMF row (no DMF was measured), any THF row (no THF), or any perchlorate (NaClO4 is not among the 41 salts). Its NaBr in acetonitrile is a dash -- attempted, no fit -- so the two NaBr/MeCN rows are not closable from it either, which is a definitive negative rather than an untried lead. what remains, in order of yield: (i) Barthel & Neueder, Electrolyte Data Collection, dechema Vol. Xii (print-only; still the highest yield per unit effort for the amide family, and the only broad source that covers DMF). (ii) for the THF rows, Das, J. Solution Chem. 2008, 37, 947-955, DOI 10.1007/s10953-008-9288-9, has now been retrieved (papers for model/) and it does not settle them, which is worth stating so nobody pulls it twice. Its Table 1 measures LiBr in THF at 298.15 K over c = 0.01155 to 0.31623 mol dm-3, twenty points, with Lambda falling to a minimum of 0.1795 S cm2 mol-1 at 0.0205 M and then rising to 0.8100 at the top point, i.e. kappa from 0.0023 to 0.2561 mS cm-1 -- still roughly 10x below the 3.0 M this project uses. (An earlier reading gave the range as 0.0071-0.035 M at Lambda = 0.18-0.20: the three salts interleave in the text layer, and that pairs LiCl's concentration column with LiBr's Lambda column, truncated at the eighth row. Separated by x-coordinate on 2026-09-13, the same discipline the CRC viscosity and Chambers-Stokes conductance tables needed.) It confirms the physics that makes this row hard (LiCl, LiBr and LiBF4 form symmetrical triple ions, and the conductivity minimum sits at c_min = 4.9e-3 mol dm-3, so at 3.0 M the solution is ~600x above the minimum and deep in the triple-ion regime where Lambda rises again with concentration). Consequence for this row: the carried 3.0 mS cm-1 at 3.0 M implies Lambda = 1.0 S cm2 mol-1, a five-fold rise over Das's measured value at 0.01 M. Triple-ion formation makes that direction correct, but the magnitude is unverified and no measurement at preparative concentration was located. (iii) Minc & Werblan, Electrochim. Acta 1962, 7, 257-266 (retrieved, in papers for model/) for alkali perchlorates in acetonitrile. (iv) One benchtop conductivity measurement per salt/solvent family calibrates B in Lambda(c) = Lambda0/(1 + B sqrt(c)) and upgrades the whole family to state B at +/-15 pct -- and for the two rows that still carry a §S6 verdict this is the cheapest route to state A by a wide margin.","Shinkle, Pomaville, Sleightholme, Thompson & Monroe, J. Power Sources 2014, 248, 1299-1305, DOI 10.1016/j.jpowsour.2013.10.034","Table 1 (conductivity of each 0.1 M supporting-electrolyte/solvent combination at room temperature, mS cm-1: TBABF4 = 9.93 ACN, 4.76 DMF, 0.30 THF, 0.06 dmc)","carries the worked example of the main text, which is an ILLUSTRATION of a tight batch cell rather than one of the modelled thermal archetypes: 100 mA cm-2 across a declared 5 mm gap. At the measured 4.76 mS cm-1 the model gives E_cell = 12.98 V, of which 10.50 V is ohmic, q = 1.098 W cm-2, and a passive steady state of 120.8 C. The claim the passage makes -- that the model reproduces the 10-20 V cells common in academic non-aqueous reports -- holds for kappa in [2.85, 6.64] mS cm-1, and the measured 4.76 sits inside it.",
6. Electrolyte conductivities,0.1 M Bu4NBF4/MeCN,9.93,mS cm-1,measured,"measured, retrieved 2026-08-22: Shinkle et al. Table 1 gives 9.93 mS cm-1 for 0.1 M TBABF4 in ACN at room temperature. This row was previously derived at 9.9 by evaluating Dorn's Casteel-Amis fit (Table 3, p. 1499; kappa_max 33.40, m_max 1.48127, a 0.78646, b -0.02156) at m = 0.133 mol kg-1, which returned 9.87. The agreement is 0.3 pct, and that is the load-bearing fact on this row: it is the only point where a Casteel-Amis evaluation of Dorn's fit can be checked against a direct measurement of the same composition, and it is what licenses the four remaining Bu4NBF4/MeCN rows (0.043, 0.077, 0.25, 0.3 M) that have no measurement of their own. The molarity-to-molality conversion used there is therefore also validated at this point. caveat: Shinkle states 'room temperature', not 25.0 C; at 2-3 pct per K a +/-2 K ambiguity is +/-5 pct, which is larger than the 0.3 pct agreement and means the agreement should not be read as better than about +/-5 pct.. dorn'S supporting information has now been retrieved (2026-08-22), which closes the item that used to head this list and narrows what remains. Je3c00691_si_001.pdf carries the raw isotherms for 41 salts x 4 solvents, 21 measured points each: water, acetonitrile, methanol and ethanol, and nothing else. It supplied the Bu4NBF4/MeCN rows and three aqueous rows directly. it cannot reach: any DMF row (no DMF was measured), any THF row (no THF), or any perchlorate (NaClO4 is not among the 41 salts). Its NaBr in acetonitrile is a dash -- attempted, no fit -- so the two NaBr/MeCN rows are not closable from it either, which is a definitive negative rather than an untried lead. what remains, in order of yield: (i) Barthel & Neueder, Electrolyte Data Collection, dechema Vol. Xii (print-only; still the highest yield per unit effort for the amide family, and the only broad source that covers DMF). (ii) for the THF rows, Das, J. Solution Chem. 2008, 37, 947-955, DOI 10.1007/s10953-008-9288-9, has now been retrieved (papers for model/) and it does not settle them, which is worth stating so nobody pulls it twice. Its Table 1 measures LiBr in THF at 298.15 K over c = 0.01155 to 0.31623 mol dm-3, twenty points, with Lambda falling to a minimum of 0.1795 S cm2 mol-1 at 0.0205 M and then rising to 0.8100 at the top point, i.e. kappa from 0.0023 to 0.2561 mS cm-1 -- still roughly 10x below the 3.0 M this project uses. (An earlier reading gave the range as 0.0071-0.035 M at Lambda = 0.18-0.20: the three salts interleave in the text layer, and that pairs LiCl's concentration column with LiBr's Lambda column, truncated at the eighth row. Separated by x-coordinate on 2026-09-13, the same discipline the CRC viscosity and Chambers-Stokes conductance tables needed.) It confirms the physics that makes this row hard (LiCl, LiBr and LiBF4 form symmetrical triple ions, and the conductivity minimum sits at c_min = 4.9e-3 mol dm-3, so at 3.0 M the solution is ~600x above the minimum and deep in the triple-ion regime where Lambda rises again with concentration). Consequence for this row: the carried 3.0 mS cm-1 at 3.0 M implies Lambda = 1.0 S cm2 mol-1, a five-fold rise over Das's measured value at 0.01 M. Triple-ion formation makes that direction correct, but the magnitude is unverified and no measurement at preparative concentration was located. (iii) Minc & Werblan, Electrochim. Acta 1962, 7, 257-266 (retrieved, in papers for model/) for alkali perchlorates in acetonitrile. (iv) One benchtop conductivity measurement per salt/solvent family calibrates B in Lambda(c) = Lambda0/(1 + B sqrt(c)) and upgrades the whole family to state B at +/-15 pct -- and for the two rows that still carry a §S6 verdict this is the cheapest route to state A by a wide margin.","Shinkle, Pomaville, Sleightholme, Thompson & Monroe, J. Power Sources 2014, 248, 1299-1305, DOI 10.1016/j.jpowsour.2013.10.034; cross-check against Dorn, Kareth, Weidner & Petermann, J. Chem. Eng. Data 2024, 69, 1493-1502","Shinkle Table 1 (0.1 M supporting-electrolyte/solvent conductivities at room temperature, mS cm-1: TBABF4 = 9.93 ACN, 4.76 DMF, 0.30 THF, 0.06 dmc); Dorn Table 3, p. 1499","Display-only. Kappa enters no transport quantity: i_lim (Eq. S1) and the NPP / EC-prime solvers use D, C, delta and z only. Kappa appears solely in the voltage/thermal path (cellvoltage.jl; figs make_figK.py, make_fig4B.py, make_figs.py Fig D, make_fig_main.py panel f). This row supports no stated conclusion; it is tabulated for scale. Most of the registered conductivities are in this position. Display-only: it enters no figure and no sentence. Its value is that it validates the Casteel-Amis route used by four other rows.",
6. Electrolyte conductivities,0.1 M Bu4NPF6/MeCN,9.9,mS cm-1,assumption,"no measured conductivity for this exact salt / solvent / concentration was located. The inherited citation was a limiting-conductivity table (Izutsu, 2nd ed.), which cannot supply kappa at 0.03-1 M at any concentration in this registry: for Bu4NBF4/MeCN the Onsager limiting law Lambda = Lambda0 - S sqrt(c), with the verified Lambda0 = 171.1 and S = 358.7 computed from the verified eps and eta, goes negative above 0.228 M, and the Lee-Wheaton / Fuoss-Justice extension reaches only ~0.02 M. The citation did not support the value and has been withdrawn. dorn'S supporting information has now been retrieved (2026-08-22), which closes the item that used to head this list and narrows what remains. Je3c00691_si_001.pdf carries the raw isotherms for 41 salts x 4 solvents, 21 measured points each: water, acetonitrile, methanol and ethanol, and nothing else. It supplied the Bu4NBF4/MeCN rows and three aqueous rows directly. it cannot reach: any DMF row (no DMF was measured), any THF row (no THF), or any perchlorate (NaClO4 is not among the 41 salts). Its NaBr in acetonitrile is a dash -- attempted, no fit -- so the two NaBr/MeCN rows are not closable from it either, which is a definitive negative rather than an untried lead. what remains, in order of yield: (i) Barthel & Neueder, Electrolyte Data Collection, dechema Vol. Xii (print-only; still the highest yield per unit effort for the amide family, and the only broad source that covers DMF). (ii) for the THF rows, Das, J. Solution Chem. 2008, 37, 947-955, DOI 10.1007/s10953-008-9288-9, has now been retrieved (papers for model/) and it does not settle them, which is worth stating so nobody pulls it twice. Its Table 1 measures LiBr in THF at 298.15 K over c = 0.01155 to 0.31623 mol dm-3, twenty points, with Lambda falling to a minimum of 0.1795 S cm2 mol-1 at 0.0205 M and then rising to 0.8100 at the top point, i.e. kappa from 0.0023 to 0.2561 mS cm-1 -- still roughly 10x below the 3.0 M this project uses. (An earlier reading gave the range as 0.0071-0.035 M at Lambda = 0.18-0.20: the three salts interleave in the text layer, and that pairs LiCl's concentration column with LiBr's Lambda column, truncated at the eighth row. Separated by x-coordinate on 2026-09-13, the same discipline the CRC viscosity and Chambers-Stokes conductance tables needed.) It confirms the physics that makes this row hard (LiCl, LiBr and LiBF4 form symmetrical triple ions, and the conductivity minimum sits at c_min = 4.9e-3 mol dm-3, so at 3.0 M the solution is ~600x above the minimum and deep in the triple-ion regime where Lambda rises again with concentration). Consequence for this row: the carried 3.0 mS cm-1 at 3.0 M implies Lambda = 1.0 S cm2 mol-1, a five-fold rise over Das's measured value at 0.01 M. Triple-ion formation makes that direction correct, but the magnitude is unverified and no measurement at preparative concentration was located. (iii) Minc & Werblan, Electrochim. Acta 1962, 7, 257-266 (retrieved, in papers for model/) for alkali perchlorates in acetonitrile. (iv) One benchtop conductivity measurement per salt/solvent family calibrates B in Lambda(c) = Lambda0/(1 + B sqrt(c)) and upgrades the whole family to state B at +/-15 pct -- and for the two rows that still carry a §S6 verdict this is the cheapest route to state A by a wide margin.","Declared, no external source: no measured conductivity for this exact salt/solvent/concentration was located, and the row is DISPLAY-ONLY -- kappa enters no transport quantity, so it supports no stated conclusion and is tabulated for completeness. The route attempted for this particular entry, and why it failed, is recorded in the row's method note.",,"Display-only. Kappa enters no transport quantity: i_lim (Eq. S1) and the NPP / EC-prime solvers use D, C, delta and z only. Kappa appears solely in the voltage/thermal path (cellvoltage.jl; figs make_figK.py, make_fig4B.py, make_figs.py Fig D, make_fig_main.py panel f). This row supports no stated conclusion; it is tabulated for scale. Most of the registered conductivities are in this position.",
6. Electrolyte conductivities,0.1 M Et4NClO4/DMF,4.0,mS cm-1,assumption,"stays an assumption, now with a state-B ceiling. Kohlrausch additivity: Lambda0(Et4NClO4, DMF, 298 K) = 35.39 + 52.67 = 88.06 S cm2 mol-1 [Gopal & Jha, Indian J. Chem. 1977, 15A, 80-83, Table 2, p. 81, DMF column, 25 C -- a single convention; do not blend it with the Bu4NBPh4 reference-electrolyte split of Vermani et al. 2019], so kappa <= c Lambda0 = 8.81 mS cm-1. The tabled 4.0 implies Lambda/Lambda0 = 0.454, which is not established. A cross-salt Lambda/Lambda0 monotonicity argument would raise this row to ~6 mS cm-1, but that argument is invalid: Lambda(c)/Lambda0 is monotone in c only for a given salt in a given solvent -- and the anomaly it rested on (7.2 pct, falling to 3.7 pct if the other retrieved lambda0 is substituted) is smaller than the 5.6 pct disagreement between the two retrieved values of lambda0(ClO4-, DMF). do not apply it. dorn'S supporting information has now been retrieved (2026-08-22), which closes the item that used to head this list and narrows what remains. Je3c00691_si_001.pdf carries the raw isotherms for 41 salts x 4 solvents, 21 measured points each: water, acetonitrile, methanol and ethanol, and nothing else. It supplied the Bu4NBF4/MeCN rows and three aqueous rows directly. it cannot reach: any DMF row (no DMF was measured), any THF row (no THF), or any perchlorate (NaClO4 is not among the 41 salts). Its NaBr in acetonitrile is a dash -- attempted, no fit -- so the two NaBr/MeCN rows are not closable from it either, which is a definitive negative rather than an untried lead. what remains, in order of yield: (i) Barthel & Neueder, Electrolyte Data Collection, dechema Vol. Xii (print-only; still the highest yield per unit effort for the amide family, and the only broad source that covers DMF). (ii) for the THF rows, Das, J. Solution Chem. 2008, 37, 947-955, DOI 10.1007/s10953-008-9288-9, has now been retrieved (papers for model/) and it does not settle them, which is worth stating so nobody pulls it twice. Its Table 1 measures LiBr in THF at 298.15 K over c = 0.01155 to 0.31623 mol dm-3, twenty points, with Lambda falling to a minimum of 0.1795 S cm2 mol-1 at 0.0205 M and then rising to 0.8100 at the top point, i.e. kappa from 0.0023 to 0.2561 mS cm-1 -- still roughly 10x below the 3.0 M this project uses. (An earlier reading gave the range as 0.0071-0.035 M at Lambda = 0.18-0.20: the three salts interleave in the text layer, and that pairs LiCl's concentration column with LiBr's Lambda column, truncated at the eighth row. Separated by x-coordinate on 2026-09-13, the same discipline the CRC viscosity and Chambers-Stokes conductance tables needed.) It confirms the physics that makes this row hard (LiCl, LiBr and LiBF4 form symmetrical triple ions, and the conductivity minimum sits at c_min = 4.9e-3 mol dm-3, so at 3.0 M the solution is ~600x above the minimum and deep in the triple-ion regime where Lambda rises again with concentration). Consequence for this row: the carried 3.0 mS cm-1 at 3.0 M implies Lambda = 1.0 S cm2 mol-1, a five-fold rise over Das's measured value at 0.01 M. Triple-ion formation makes that direction correct, but the magnitude is unverified and no measurement at preparative concentration was located. (iii) Minc & Werblan, Electrochim. Acta 1962, 7, 257-266 (retrieved, in papers for model/) for alkali perchlorates in acetonitrile. (iv) One benchtop conductivity measurement per salt/solvent family calibrates B in Lambda(c) = Lambda0/(1 + B sqrt(c)) and upgrades the whole family to state B at +/-15 pct -- and for the two rows that still carry a §S6 verdict this is the cheapest route to state A by a wide margin.","Gopal & Jha, Indian J. Chem. 1977, 15A, 80-83 (supports the ceiling, not the value)","Table 2, p. 81, DMF column, 25 C (Et4N+ 35.39, ClO4- 52.67 S cm2 mol-1)","Display-only. Kappa enters no transport quantity: i_lim (Eq. S1) and the NPP / EC-prime solvers use D, C, delta and z only. Kappa appears solely in the voltage/thermal path (cellvoltage.jl; figs make_figK.py, make_fig4B.py, make_figs.py Fig D, make_fig_main.py panel f). This row supports no stated conclusion; it is tabulated for scale. Most of the registered conductivities are in this position. Hard ceiling kappa <= 8.81 mS cm-1 (state B), which makes the row falsifiable while it stays an assumption.","S27, S28"
6. Electrolyte conductivities,0.1 M HBF4/MeCN,15.0,mS cm-1,assumption,"no measured conductivity for this exact salt / solvent / concentration was located. The inherited citation was a limiting-conductivity table (Izutsu, 2nd ed.), which cannot supply kappa at 0.03-1 M at any concentration in this registry: for Bu4NBF4/MeCN the Onsager limiting law Lambda = Lambda0 - S sqrt(c), with the verified Lambda0 = 171.1 and S = 358.7 computed from the verified eps and eta, goes negative above 0.228 M, and the Lee-Wheaton / Fuoss-Justice extension reaches only ~0.02 M. The citation did not support the value and has been withdrawn. dorn'S supporting information has now been retrieved (2026-08-22), which closes the item that used to head this list and narrows what remains. Je3c00691_si_001.pdf carries the raw isotherms for 41 salts x 4 solvents, 21 measured points each: water, acetonitrile, methanol and ethanol, and nothing else. It supplied the Bu4NBF4/MeCN rows and three aqueous rows directly. it cannot reach: any DMF row (no DMF was measured), any THF row (no THF), or any perchlorate (NaClO4 is not among the 41 salts). Its NaBr in acetonitrile is a dash -- attempted, no fit -- so the two NaBr/MeCN rows are not closable from it either, which is a definitive negative rather than an untried lead. what remains, in order of yield: (i) Barthel & Neueder, Electrolyte Data Collection, dechema Vol. Xii (print-only; still the highest yield per unit effort for the amide family, and the only broad source that covers DMF). (ii) for the THF rows, Das, J. Solution Chem. 2008, 37, 947-955, DOI 10.1007/s10953-008-9288-9, has now been retrieved (papers for model/) and it does not settle them, which is worth stating so nobody pulls it twice. Its Table 1 measures LiBr in THF at 298.15 K over c = 0.01155 to 0.31623 mol dm-3, twenty points, with Lambda falling to a minimum of 0.1795 S cm2 mol-1 at 0.0205 M and then rising to 0.8100 at the top point, i.e. kappa from 0.0023 to 0.2561 mS cm-1 -- still roughly 10x below the 3.0 M this project uses. (An earlier reading gave the range as 0.0071-0.035 M at Lambda = 0.18-0.20: the three salts interleave in the text layer, and that pairs LiCl's concentration column with LiBr's Lambda column, truncated at the eighth row. Separated by x-coordinate on 2026-09-13, the same discipline the CRC viscosity and Chambers-Stokes conductance tables needed.) It confirms the physics that makes this row hard (LiCl, LiBr and LiBF4 form symmetrical triple ions, and the conductivity minimum sits at c_min = 4.9e-3 mol dm-3, so at 3.0 M the solution is ~600x above the minimum and deep in the triple-ion regime where Lambda rises again with concentration). Consequence for this row: the carried 3.0 mS cm-1 at 3.0 M implies Lambda = 1.0 S cm2 mol-1, a five-fold rise over Das's measured value at 0.01 M. Triple-ion formation makes that direction correct, but the magnitude is unverified and no measurement at preparative concentration was located. (iii) Minc & Werblan, Electrochim. Acta 1962, 7, 257-266 (retrieved, in papers for model/) for alkali perchlorates in acetonitrile. (iv) One benchtop conductivity measurement per salt/solvent family calibrates B in Lambda(c) = Lambda0/(1 + B sqrt(c)) and upgrades the whole family to state B at +/-15 pct -- and for the two rows that still carry a §S6 verdict this is the cheapest route to state A by a wide margin.","Declared, no external source: no measured conductivity for this exact salt/solvent/concentration was located, and the row is DISPLAY-ONLY -- kappa enters no transport quantity, so it supports no stated conclusion and is tabulated for completeness. The route attempted for this particular entry, and why it failed, is recorded in the row's method note.",,"Display-only. Kappa enters no transport quantity: i_lim (Eq. S1) and the NPP / EC-prime solvers use D, C, delta and z only. Kappa appears solely in the voltage/thermal path (cellvoltage.jl; figs make_figK.py, make_fig4B.py, make_figs.py Fig D, make_fig_main.py panel f). This row supports no stated conclusion; it is tabulated for scale. Most of the registered conductivities are in this position.",
6. Electrolyte conductivities,0.1 M LiClO4/AcOH-HCOOH,3.0,mS cm-1,assumption,"mixed-solvent composition: no limiting-conductivity table exists for it, and preferential solvation makes transfer from either pure component invalid. Permanently an assumption. dorn'S supporting information has now been retrieved (2026-08-22), which closes the item that used to head this list and narrows what remains. Je3c00691_si_001.pdf carries the raw isotherms for 41 salts x 4 solvents, 21 measured points each: water, acetonitrile, methanol and ethanol, and nothing else. It supplied the Bu4NBF4/MeCN rows and three aqueous rows directly. it cannot reach: any DMF row (no DMF was measured), any THF row (no THF), or any perchlorate (NaClO4 is not among the 41 salts). Its NaBr in acetonitrile is a dash -- attempted, no fit -- so the two NaBr/MeCN rows are not closable from it either, which is a definitive negative rather than an untried lead. what remains, in order of yield: (i) Barthel & Neueder, Electrolyte Data Collection, dechema Vol. Xii (print-only; still the highest yield per unit effort for the amide family, and the only broad source that covers DMF). (ii) for the THF rows, Das, J. Solution Chem. 2008, 37, 947-955, DOI 10.1007/s10953-008-9288-9, has now been retrieved (papers for model/) and it does not settle them, which is worth stating so nobody pulls it twice. Its Table 1 measures LiBr in THF at 298.15 K over c = 0.01155 to 0.31623 mol dm-3, twenty points, with Lambda falling to a minimum of 0.1795 S cm2 mol-1 at 0.0205 M and then rising to 0.8100 at the top point, i.e. kappa from 0.0023 to 0.2561 mS cm-1 -- still roughly 10x below the 3.0 M this project uses. (An earlier reading gave the range as 0.0071-0.035 M at Lambda = 0.18-0.20: the three salts interleave in the text layer, and that pairs LiCl's concentration column with LiBr's Lambda column, truncated at the eighth row. Separated by x-coordinate on 2026-09-13, the same discipline the CRC viscosity and Chambers-Stokes conductance tables needed.) It confirms the physics that makes this row hard (LiCl, LiBr and LiBF4 form symmetrical triple ions, and the conductivity minimum sits at c_min = 4.9e-3 mol dm-3, so at 3.0 M the solution is ~600x above the minimum and deep in the triple-ion regime where Lambda rises again with concentration). Consequence for this row: the carried 3.0 mS cm-1 at 3.0 M implies Lambda = 1.0 S cm2 mol-1, a five-fold rise over Das's measured value at 0.01 M. Triple-ion formation makes that direction correct, but the magnitude is unverified and no measurement at preparative concentration was located. (iii) Minc & Werblan, Electrochim. Acta 1962, 7, 257-266 (retrieved, in papers for model/) for alkali perchlorates in acetonitrile. (iv) One benchtop conductivity measurement per salt/solvent family calibrates B in Lambda(c) = Lambda0/(1 + B sqrt(c)) and upgrades the whole family to state B at +/-15 pct -- and for the two rows that still carry a §S6 verdict this is the cheapest route to state A by a wide margin.","Declared, no external source: no measured conductivity for this exact salt/solvent/concentration was located, and the row is DISPLAY-ONLY -- kappa enters no transport quantity, so it supports no stated conclusion and is tabulated for completeness. The route attempted for this particular entry, and why it failed, is recorded in the row's method note.",,"Display-only. Kappa enters no transport quantity: i_lim (Eq. S1) and the NPP / EC-prime solvers use D, C, delta and z only. Kappa appears solely in the voltage/thermal path (cellvoltage.jl; figs make_figK.py, make_fig4B.py, make_figs.py Fig D, make_fig_main.py panel f). This row supports no stated conclusion; it is tabulated for scale. Most of the registered conductivities are in this position.",
6. Electrolyte conductivities,0.1 M LiClO4/MeCN,10.0,mS cm-1,assumption,"stays an assumption, now with a state-B ceiling. Kohlrausch additivity from Gong et al., Energy Environ. Sci. 2015, 8, 3515-3530, Table 2, p. 3518 (Li+ 69.97, ClO4- 103.6, Et4N+ 85.1, PF6- 102.8 S cm2 mol-1; Et4N+ corroborated at 86.34 by Kalugin et al. 2019, Table 3) gives Lambda0 = 173.6 S cm2 mol-1 and hence kappa <= 17.4 mS cm-1. The tabled value is not confirmed: converting a ceiling into a value requires Lambda/Lambda0, and the only route available was to transfer the ratio measured for a different salt (Bu4NBF4). That transfer is an assumption, so it does not upgrade the row and must not be used to overwrite the tabled value. dorn'S supporting information has now been retrieved (2026-08-22), which closes the item that used to head this list and narrows what remains. Je3c00691_si_001.pdf carries the raw isotherms for 41 salts x 4 solvents, 21 measured points each: water, acetonitrile, methanol and ethanol, and nothing else. It supplied the Bu4NBF4/MeCN rows and three aqueous rows directly. it cannot reach: any DMF row (no DMF was measured), any THF row (no THF), or any perchlorate (NaClO4 is not among the 41 salts). Its NaBr in acetonitrile is a dash -- attempted, no fit -- so the two NaBr/MeCN rows are not closable from it either, which is a definitive negative rather than an untried lead. what remains, in order of yield: (i) Barthel & Neueder, Electrolyte Data Collection, dechema Vol. Xii (print-only; still the highest yield per unit effort for the amide family, and the only broad source that covers DMF). (ii) for the THF rows, Das, J. Solution Chem. 2008, 37, 947-955, DOI 10.1007/s10953-008-9288-9, has now been retrieved (papers for model/) and it does not settle them, which is worth stating so nobody pulls it twice. Its Table 1 measures LiBr in THF at 298.15 K over c = 0.01155 to 0.31623 mol dm-3, twenty points, with Lambda falling to a minimum of 0.1795 S cm2 mol-1 at 0.0205 M and then rising to 0.8100 at the top point, i.e. kappa from 0.0023 to 0.2561 mS cm-1 -- still roughly 10x below the 3.0 M this project uses. (An earlier reading gave the range as 0.0071-0.035 M at Lambda = 0.18-0.20: the three salts interleave in the text layer, and that pairs LiCl's concentration column with LiBr's Lambda column, truncated at the eighth row. Separated by x-coordinate on 2026-09-13, the same discipline the CRC viscosity and Chambers-Stokes conductance tables needed.) It confirms the physics that makes this row hard (LiCl, LiBr and LiBF4 form symmetrical triple ions, and the conductivity minimum sits at c_min = 4.9e-3 mol dm-3, so at 3.0 M the solution is ~600x above the minimum and deep in the triple-ion regime where Lambda rises again with concentration). Consequence for this row: the carried 3.0 mS cm-1 at 3.0 M implies Lambda = 1.0 S cm2 mol-1, a five-fold rise over Das's measured value at 0.01 M. Triple-ion formation makes that direction correct, but the magnitude is unverified and no measurement at preparative concentration was located. (iii) Minc & Werblan, Electrochim. Acta 1962, 7, 257-266 (retrieved, in papers for model/) for alkali perchlorates in acetonitrile. (iv) One benchtop conductivity measurement per salt/solvent family calibrates B in Lambda(c) = Lambda0/(1 + B sqrt(c)) and upgrades the whole family to state B at +/-15 pct -- and for the two rows that still carry a §S6 verdict this is the cheapest route to state A by a wide margin.","Gong, Fang, Gu, Li & Yan, Energy Environ. Sci. 2015, 8, 3515-3530 (supports the ceiling, not the value)","Table 2, p. 3518","Display-only. Kappa enters no transport quantity: i_lim (Eq. S1) and the NPP / EC-prime solvers use D, C, delta and z only. Kappa appears solely in the voltage/thermal path (cellvoltage.jl; figs make_figK.py, make_fig4B.py, make_figs.py Fig D, make_fig_main.py panel f). This row supports no stated conclusion; it is tabulated for scale. Most of the registered conductivities are in this position. Hard ceiling kappa <= 17.4 mS cm-1 (state B).","S27, S28"
6. Electrolyte conductivities,0.1 M LiClO4/acetone,8.0,mS cm-1,assumption,"no measured conductivity for this exact salt / solvent / concentration was located. The inherited citation was a limiting-conductivity table (Izutsu, 2nd ed.), which cannot supply kappa at 0.03-1 M at any concentration in this registry: for Bu4NBF4/MeCN the Onsager limiting law Lambda = Lambda0 - S sqrt(c), with the verified Lambda0 = 171.1 and S = 358.7 computed from the verified eps and eta, goes negative above 0.228 M, and the Lee-Wheaton / Fuoss-Justice extension reaches only ~0.02 M. The citation did not support the value and has been withdrawn. dorn'S supporting information has now been retrieved (2026-08-22), which closes the item that used to head this list and narrows what remains. Je3c00691_si_001.pdf carries the raw isotherms for 41 salts x 4 solvents, 21 measured points each: water, acetonitrile, methanol and ethanol, and nothing else. It supplied the Bu4NBF4/MeCN rows and three aqueous rows directly. it cannot reach: any DMF row (no DMF was measured), any THF row (no THF), or any perchlorate (NaClO4 is not among the 41 salts). Its NaBr in acetonitrile is a dash -- attempted, no fit -- so the two NaBr/MeCN rows are not closable from it either, which is a definitive negative rather than an untried lead. what remains, in order of yield: (i) Barthel & Neueder, Electrolyte Data Collection, dechema Vol. Xii (print-only; still the highest yield per unit effort for the amide family, and the only broad source that covers DMF). (ii) for the THF rows, Das, J. Solution Chem. 2008, 37, 947-955, DOI 10.1007/s10953-008-9288-9, has now been retrieved (papers for model/) and it does not settle them, which is worth stating so nobody pulls it twice. Its Table 1 measures LiBr in THF at 298.15 K over c = 0.01155 to 0.31623 mol dm-3, twenty points, with Lambda falling to a minimum of 0.1795 S cm2 mol-1 at 0.0205 M and then rising to 0.8100 at the top point, i.e. kappa from 0.0023 to 0.2561 mS cm-1 -- still roughly 10x below the 3.0 M this project uses. (An earlier reading gave the range as 0.0071-0.035 M at Lambda = 0.18-0.20: the three salts interleave in the text layer, and that pairs LiCl's concentration column with LiBr's Lambda column, truncated at the eighth row. Separated by x-coordinate on 2026-09-13, the same discipline the CRC viscosity and Chambers-Stokes conductance tables needed.) It confirms the physics that makes this row hard (LiCl, LiBr and LiBF4 form symmetrical triple ions, and the conductivity minimum sits at c_min = 4.9e-3 mol dm-3, so at 3.0 M the solution is ~600x above the minimum and deep in the triple-ion regime where Lambda rises again with concentration). Consequence for this row: the carried 3.0 mS cm-1 at 3.0 M implies Lambda = 1.0 S cm2 mol-1, a five-fold rise over Das's measured value at 0.01 M. Triple-ion formation makes that direction correct, but the magnitude is unverified and no measurement at preparative concentration was located. (iii) Minc & Werblan, Electrochim. Acta 1962, 7, 257-266 (retrieved, in papers for model/) for alkali perchlorates in acetonitrile. (iv) One benchtop conductivity measurement per salt/solvent family calibrates B in Lambda(c) = Lambda0/(1 + B sqrt(c)) and upgrades the whole family to state B at +/-15 pct -- and for the two rows that still carry a §S6 verdict this is the cheapest route to state A by a wide margin.","Declared, no external source: no measured conductivity for this exact salt/solvent/concentration was located, and the row is DISPLAY-ONLY -- kappa enters no transport quantity, so it supports no stated conclusion and is tabulated for completeness. The route attempted for this particular entry, and why it failed, is recorded in the row's method note.",,"Display-only. Kappa enters no transport quantity: i_lim (Eq. S1) and the NPP / EC-prime solvers use D, C, delta and z only. Kappa appears solely in the voltage/thermal path (cellvoltage.jl; figs make_figK.py, make_fig4B.py, make_figs.py Fig D, make_fig_main.py panel f). This row supports no stated conclusion; it is tabulated for scale. Most of the registered conductivities are in this position.",
6. Electrolyte conductivities,0.1 M TBABF4/acetone,8.0,mS cm-1,assumption,"no measured conductivity for this exact salt / solvent / concentration was located. The inherited citation was a limiting-conductivity table (Izutsu, 2nd ed.), which cannot supply kappa at 0.03-1 M at any concentration in this registry: for Bu4NBF4/MeCN the Onsager limiting law Lambda = Lambda0 - S sqrt(c), with the verified Lambda0 = 171.1 and S = 358.7 computed from the verified eps and eta, goes negative above 0.228 M, and the Lee-Wheaton / Fuoss-Justice extension reaches only ~0.02 M. The citation did not support the value and has been withdrawn. dorn'S supporting information has now been retrieved (2026-08-22), which closes the item that used to head this list and narrows what remains. Je3c00691_si_001.pdf carries the raw isotherms for 41 salts x 4 solvents, 21 measured points each: water, acetonitrile, methanol and ethanol, and nothing else. It supplied the Bu4NBF4/MeCN rows and three aqueous rows directly. it cannot reach: any DMF row (no DMF was measured), any THF row (no THF), or any perchlorate (NaClO4 is not among the 41 salts). Its NaBr in acetonitrile is a dash -- attempted, no fit -- so the two NaBr/MeCN rows are not closable from it either, which is a definitive negative rather than an untried lead. what remains, in order of yield: (i) Barthel & Neueder, Electrolyte Data Collection, dechema Vol. Xii (print-only; still the highest yield per unit effort for the amide family, and the only broad source that covers DMF). (ii) for the THF rows, Das, J. Solution Chem. 2008, 37, 947-955, DOI 10.1007/s10953-008-9288-9, has now been retrieved (papers for model/) and it does not settle them, which is worth stating so nobody pulls it twice. Its Table 1 measures LiBr in THF at 298.15 K over c = 0.01155 to 0.31623 mol dm-3, twenty points, with Lambda falling to a minimum of 0.1795 S cm2 mol-1 at 0.0205 M and then rising to 0.8100 at the top point, i.e. kappa from 0.0023 to 0.2561 mS cm-1 -- still roughly 10x below the 3.0 M this project uses. (An earlier reading gave the range as 0.0071-0.035 M at Lambda = 0.18-0.20: the three salts interleave in the text layer, and that pairs LiCl's concentration column with LiBr's Lambda column, truncated at the eighth row. Separated by x-coordinate on 2026-09-13, the same discipline the CRC viscosity and Chambers-Stokes conductance tables needed.) It confirms the physics that makes this row hard (LiCl, LiBr and LiBF4 form symmetrical triple ions, and the conductivity minimum sits at c_min = 4.9e-3 mol dm-3, so at 3.0 M the solution is ~600x above the minimum and deep in the triple-ion regime where Lambda rises again with concentration). Consequence for this row: the carried 3.0 mS cm-1 at 3.0 M implies Lambda = 1.0 S cm2 mol-1, a five-fold rise over Das's measured value at 0.01 M. Triple-ion formation makes that direction correct, but the magnitude is unverified and no measurement at preparative concentration was located. (iii) Minc & Werblan, Electrochim. Acta 1962, 7, 257-266 (retrieved, in papers for model/) for alkali perchlorates in acetonitrile. (iv) One benchtop conductivity measurement per salt/solvent family calibrates B in Lambda(c) = Lambda0/(1 + B sqrt(c)) and upgrades the whole family to state B at +/-15 pct -- and for the two rows that still carry a §S6 verdict this is the cheapest route to state A by a wide margin.","Declared, no external source: no measured conductivity for this exact salt/solvent/concentration was located, and the row is DISPLAY-ONLY -- kappa enters no transport quantity, so it supports no stated conclusion and is tabulated for completeness. The route attempted for this particular entry, and why it failed, is recorded in the row's method note.",,"Display-only. Kappa enters no transport quantity: i_lim (Eq. S1) and the NPP / EC-prime solvers use D, C, delta and z only. Kappa appears solely in the voltage/thermal path (cellvoltage.jl; figs make_figK.py, make_fig4B.py, make_figs.py Fig D, make_fig_main.py panel f). This row supports no stated conclusion; it is tabulated for scale. Most of the registered conductivities are in this position.",
6. Electrolyte conductivities,0.1 M TBAP/MeCN-H2O,10.0,mS cm-1,assumption,"mixed-solvent composition: no limiting-conductivity table exists for it, and preferential solvation makes transfer from either pure component invalid. Permanently an assumption. dorn'S supporting information has now been retrieved (2026-08-22), which closes the item that used to head this list and narrows what remains. Je3c00691_si_001.pdf carries the raw isotherms for 41 salts x 4 solvents, 21 measured points each: water, acetonitrile, methanol and ethanol, and nothing else. It supplied the Bu4NBF4/MeCN rows and three aqueous rows directly. it cannot reach: any DMF row (no DMF was measured), any THF row (no THF), or any perchlorate (NaClO4 is not among the 41 salts). Its NaBr in acetonitrile is a dash -- attempted, no fit -- so the two NaBr/MeCN rows are not closable from it either, which is a definitive negative rather than an untried lead. what remains, in order of yield: (i) Barthel & Neueder, Electrolyte Data Collection, dechema Vol. Xii (print-only; still the highest yield per unit effort for the amide family, and the only broad source that covers DMF). (ii) for the THF rows, Das, J. Solution Chem. 2008, 37, 947-955, DOI 10.1007/s10953-008-9288-9, has now been retrieved (papers for model/) and it does not settle them, which is worth stating so nobody pulls it twice. Its Table 1 measures LiBr in THF at 298.15 K over c = 0.01155 to 0.31623 mol dm-3, twenty points, with Lambda falling to a minimum of 0.1795 S cm2 mol-1 at 0.0205 M and then rising to 0.8100 at the top point, i.e. kappa from 0.0023 to 0.2561 mS cm-1 -- still roughly 10x below the 3.0 M this project uses. (An earlier reading gave the range as 0.0071-0.035 M at Lambda = 0.18-0.20: the three salts interleave in the text layer, and that pairs LiCl's concentration column with LiBr's Lambda column, truncated at the eighth row. Separated by x-coordinate on 2026-09-13, the same discipline the CRC viscosity and Chambers-Stokes conductance tables needed.) It confirms the physics that makes this row hard (LiCl, LiBr and LiBF4 form symmetrical triple ions, and the conductivity minimum sits at c_min = 4.9e-3 mol dm-3, so at 3.0 M the solution is ~600x above the minimum and deep in the triple-ion regime where Lambda rises again with concentration). Consequence for this row: the carried 3.0 mS cm-1 at 3.0 M implies Lambda = 1.0 S cm2 mol-1, a five-fold rise over Das's measured value at 0.01 M. Triple-ion formation makes that direction correct, but the magnitude is unverified and no measurement at preparative concentration was located. (iii) Minc & Werblan, Electrochim. Acta 1962, 7, 257-266 (retrieved, in papers for model/) for alkali perchlorates in acetonitrile. (iv) One benchtop conductivity measurement per salt/solvent family calibrates B in Lambda(c) = Lambda0/(1 + B sqrt(c)) and upgrades the whole family to state B at +/-15 pct -- and for the two rows that still carry a §S6 verdict this is the cheapest route to state A by a wide margin.","Declared, no external source: no measured conductivity for this exact salt/solvent/concentration was located, and the row is DISPLAY-ONLY -- kappa enters no transport quantity, so it supports no stated conclusion and is tabulated for completeness. The route attempted for this particular entry, and why it failed, is recorded in the row's method note.",,"Display-only. Kappa enters no transport quantity: i_lim (Eq. S1) and the NPP / EC-prime solvers use D, C, delta and z only. Kappa appears solely in the voltage/thermal path (cellvoltage.jl; figs make_figK.py, make_fig4B.py, make_figs.py Fig D, make_fig_main.py panel f). This row supports no stated conclusion; it is tabulated for scale. Most of the registered conductivities are in this position.",
6. Electrolyte conductivities,0.15 M Me4NOH + 0.05 M Me4NBF4/acetone,6.0,mS cm-1,assumption,"no measured conductivity for this exact salt / solvent / concentration was located. The inherited citation was a limiting-conductivity table (Izutsu, 2nd ed.), which cannot supply kappa at 0.03-1 M at any concentration in this registry: for Bu4NBF4/MeCN the Onsager limiting law Lambda = Lambda0 - S sqrt(c), with the verified Lambda0 = 171.1 and S = 358.7 computed from the verified eps and eta, goes negative above 0.228 M, and the Lee-Wheaton / Fuoss-Justice extension reaches only ~0.02 M. The citation did not support the value and has been withdrawn. dorn'S supporting information has now been retrieved (2026-08-22), which closes the item that used to head this list and narrows what remains. Je3c00691_si_001.pdf carries the raw isotherms for 41 salts x 4 solvents, 21 measured points each: water, acetonitrile, methanol and ethanol, and nothing else. It supplied the Bu4NBF4/MeCN rows and three aqueous rows directly. it cannot reach: any DMF row (no DMF was measured), any THF row (no THF), or any perchlorate (NaClO4 is not among the 41 salts). Its NaBr in acetonitrile is a dash -- attempted, no fit -- so the two NaBr/MeCN rows are not closable from it either, which is a definitive negative rather than an untried lead. what remains, in order of yield: (i) Barthel & Neueder, Electrolyte Data Collection, dechema Vol. Xii (print-only; still the highest yield per unit effort for the amide family, and the only broad source that covers DMF). (ii) for the THF rows, Das, J. Solution Chem. 2008, 37, 947-955, DOI 10.1007/s10953-008-9288-9, has now been retrieved (papers for model/) and it does not settle them, which is worth stating so nobody pulls it twice. Its Table 1 measures LiBr in THF at 298.15 K over c = 0.01155 to 0.31623 mol dm-3, twenty points, with Lambda falling to a minimum of 0.1795 S cm2 mol-1 at 0.0205 M and then rising to 0.8100 at the top point, i.e. kappa from 0.0023 to 0.2561 mS cm-1 -- still roughly 10x below the 3.0 M this project uses. (An earlier reading gave the range as 0.0071-0.035 M at Lambda = 0.18-0.20: the three salts interleave in the text layer, and that pairs LiCl's concentration column with LiBr's Lambda column, truncated at the eighth row. Separated by x-coordinate on 2026-09-13, the same discipline the CRC viscosity and Chambers-Stokes conductance tables needed.) It confirms the physics that makes this row hard (LiCl, LiBr and LiBF4 form symmetrical triple ions, and the conductivity minimum sits at c_min = 4.9e-3 mol dm-3, so at 3.0 M the solution is ~600x above the minimum and deep in the triple-ion regime where Lambda rises again with concentration). Consequence for this row: the carried 3.0 mS cm-1 at 3.0 M implies Lambda = 1.0 S cm2 mol-1, a five-fold rise over Das's measured value at 0.01 M. Triple-ion formation makes that direction correct, but the magnitude is unverified and no measurement at preparative concentration was located. (iii) Minc & Werblan, Electrochim. Acta 1962, 7, 257-266 (retrieved, in papers for model/) for alkali perchlorates in acetonitrile. (iv) One benchtop conductivity measurement per salt/solvent family calibrates B in Lambda(c) = Lambda0/(1 + B sqrt(c)) and upgrades the whole family to state B at +/-15 pct -- and for the two rows that still carry a §S6 verdict this is the cheapest route to state A by a wide margin.","Declared, no external source: no measured conductivity for this exact salt/solvent/concentration was located, and the row is DISPLAY-ONLY -- kappa enters no transport quantity, so it supports no stated conclusion and is tabulated for completeness. The route attempted for this particular entry, and why it failed, is recorded in the row's method note.",,"Display-only. Kappa enters no transport quantity: i_lim (Eq. S1) and the NPP / EC-prime solvers use D, C, delta and z only. Kappa appears solely in the voltage/thermal path (cellvoltage.jl; figs make_figK.py, make_fig4B.py, make_figs.py Fig D, make_fig_main.py panel f). This row supports no stated conclusion; it is tabulated for scale. Most of the registered conductivities are in this position.",
6. Electrolyte conductivities,0.152 M NaBr/H2O-MeCN-MeOH-DCM 10:10:10:3,19.0,mS cm-1,assumption,"no measured conductivity for this exact salt / solvent / concentration was located. The inherited citation was a limiting-conductivity table (Izutsu, 2nd ed.), which cannot supply kappa at 0.03-1 M at any concentration in this registry: for Bu4NBF4/MeCN the Onsager limiting law Lambda = Lambda0 - S sqrt(c), with the verified Lambda0 = 171.1 and S = 358.7 computed from the verified eps and eta, goes negative above 0.228 M, and the Lee-Wheaton / Fuoss-Justice extension reaches only ~0.02 M. The citation did not support the value and has been withdrawn. dorn'S supporting information has now been retrieved (2026-08-22), which closes the item that used to head this list and narrows what remains. Je3c00691_si_001.pdf carries the raw isotherms for 41 salts x 4 solvents, 21 measured points each: water, acetonitrile, methanol and ethanol, and nothing else. It supplied the Bu4NBF4/MeCN rows and three aqueous rows directly. it cannot reach: any DMF row (no DMF was measured), any THF row (no THF), or any perchlorate (NaClO4 is not among the 41 salts). Its NaBr in acetonitrile is a dash -- attempted, no fit -- so the two NaBr/MeCN rows are not closable from it either, which is a definitive negative rather than an untried lead. what remains, in order of yield: (i) Barthel & Neueder, Electrolyte Data Collection, dechema Vol. Xii (print-only; still the highest yield per unit effort for the amide family, and the only broad source that covers DMF). (ii) for the THF rows, Das, J. Solution Chem. 2008, 37, 947-955, DOI 10.1007/s10953-008-9288-9, has now been retrieved (papers for model/) and it does not settle them, which is worth stating so nobody pulls it twice. Its Table 1 measures LiBr in THF at 298.15 K over c = 0.01155 to 0.31623 mol dm-3, twenty points, with Lambda falling to a minimum of 0.1795 S cm2 mol-1 at 0.0205 M and then rising to 0.8100 at the top point, i.e. kappa from 0.0023 to 0.2561 mS cm-1 -- still roughly 10x below the 3.0 M this project uses. (An earlier reading gave the range as 0.0071-0.035 M at Lambda = 0.18-0.20: the three salts interleave in the text layer, and that pairs LiCl's concentration column with LiBr's Lambda column, truncated at the eighth row. Separated by x-coordinate on 2026-09-13, the same discipline the CRC viscosity and Chambers-Stokes conductance tables needed.) It confirms the physics that makes this row hard (LiCl, LiBr and LiBF4 form symmetrical triple ions, and the conductivity minimum sits at c_min = 4.9e-3 mol dm-3, so at 3.0 M the solution is ~600x above the minimum and deep in the triple-ion regime where Lambda rises again with concentration). Consequence for this row: the carried 3.0 mS cm-1 at 3.0 M implies Lambda = 1.0 S cm2 mol-1, a five-fold rise over Das's measured value at 0.01 M. Triple-ion formation makes that direction correct, but the magnitude is unverified and no measurement at preparative concentration was located. (iii) Minc & Werblan, Electrochim. Acta 1962, 7, 257-266 (retrieved, in papers for model/) for alkali perchlorates in acetonitrile. (iv) One benchtop conductivity measurement per salt/solvent family calibrates B in Lambda(c) = Lambda0/(1 + B sqrt(c)) and upgrades the whole family to state B at +/-15 pct -- and for the two rows that still carry a §S6 verdict this is the cheapest route to state A by a wide margin.","Declared, no external source: no measured conductivity for this exact salt/solvent/concentration was located, and the row is DISPLAY-ONLY -- kappa enters no transport quantity, so it supports no stated conclusion and is tabulated for completeness. The route attempted for this particular entry, and why it failed, is recorded in the row's method note.",,"Display-only. Kappa enters no transport quantity: i_lim (Eq. S1) and the NPP / EC-prime solvers use D, C, delta and z only. Kappa appears solely in the voltage/thermal path (cellvoltage.jl; figs make_figK.py, make_fig4B.py, make_figs.py Fig D, make_fig_main.py panel f). This row supports no stated conclusion; it is tabulated for scale. Most of the registered conductivities are in this position.",
6. Electrolyte conductivities,0.156 M Et4NOTs/MeOH,7.0,mS cm-1,assumption,"no measured conductivity for this exact salt / solvent / concentration was located. The inherited citation was a limiting-conductivity table (Izutsu, 2nd ed.), which cannot supply kappa at 0.03-1 M at any concentration in this registry: for Bu4NBF4/MeCN the Onsager limiting law Lambda = Lambda0 - S sqrt(c), with the verified Lambda0 = 171.1 and S = 358.7 computed from the verified eps and eta, goes negative above 0.228 M, and the Lee-Wheaton / Fuoss-Justice extension reaches only ~0.02 M. The citation did not support the value and has been withdrawn. dorn'S supporting information has now been retrieved (2026-08-22), which closes the item that used to head this list and narrows what remains. Je3c00691_si_001.pdf carries the raw isotherms for 41 salts x 4 solvents, 21 measured points each: water, acetonitrile, methanol and ethanol, and nothing else. It supplied the Bu4NBF4/MeCN rows and three aqueous rows directly. it cannot reach: any DMF row (no DMF was measured), any THF row (no THF), or any perchlorate (NaClO4 is not among the 41 salts). Its NaBr in acetonitrile is a dash -- attempted, no fit -- so the two NaBr/MeCN rows are not closable from it either, which is a definitive negative rather than an untried lead. what remains, in order of yield: (i) Barthel & Neueder, Electrolyte Data Collection, dechema Vol. Xii (print-only; still the highest yield per unit effort for the amide family, and the only broad source that covers DMF). (ii) for the THF rows, Das, J. Solution Chem. 2008, 37, 947-955, DOI 10.1007/s10953-008-9288-9, has now been retrieved (papers for model/) and it does not settle them, which is worth stating so nobody pulls it twice. Its Table 1 measures LiBr in THF at 298.15 K over c = 0.01155 to 0.31623 mol dm-3, twenty points, with Lambda falling to a minimum of 0.1795 S cm2 mol-1 at 0.0205 M and then rising to 0.8100 at the top point, i.e. kappa from 0.0023 to 0.2561 mS cm-1 -- still roughly 10x below the 3.0 M this project uses. (An earlier reading gave the range as 0.0071-0.035 M at Lambda = 0.18-0.20: the three salts interleave in the text layer, and that pairs LiCl's concentration column with LiBr's Lambda column, truncated at the eighth row. Separated by x-coordinate on 2026-09-13, the same discipline the CRC viscosity and Chambers-Stokes conductance tables needed.) It confirms the physics that makes this row hard (LiCl, LiBr and LiBF4 form symmetrical triple ions, and the conductivity minimum sits at c_min = 4.9e-3 mol dm-3, so at 3.0 M the solution is ~600x above the minimum and deep in the triple-ion regime where Lambda rises again with concentration). Consequence for this row: the carried 3.0 mS cm-1 at 3.0 M implies Lambda = 1.0 S cm2 mol-1, a five-fold rise over Das's measured value at 0.01 M. Triple-ion formation makes that direction correct, but the magnitude is unverified and no measurement at preparative concentration was located. (iii) Minc & Werblan, Electrochim. Acta 1962, 7, 257-266 (retrieved, in papers for model/) for alkali perchlorates in acetonitrile. (iv) One benchtop conductivity measurement per salt/solvent family calibrates B in Lambda(c) = Lambda0/(1 + B sqrt(c)) and upgrades the whole family to state B at +/-15 pct -- and for the two rows that still carry a §S6 verdict this is the cheapest route to state A by a wide margin.","Declared, no external source: no measured conductivity for this exact salt/solvent/concentration was located, and the row is DISPLAY-ONLY -- kappa enters no transport quantity, so it supports no stated conclusion and is tabulated for completeness. The route attempted for this particular entry, and why it failed, is recorded in the row's method note.",,"Display-only. Kappa enters no transport quantity: i_lim (Eq. S1) and the NPP / EC-prime solvers use D, C, delta and z only. Kappa appears solely in the voltage/thermal path (cellvoltage.jl; figs make_figK.py, make_fig4B.py, make_figs.py Fig D, make_fig_main.py panel f). This row supports no stated conclusion; it is tabulated for scale. Most of the registered conductivities are in this position.",
6. Electrolyte conductivities,0.171 M NaI/DMF,7.5,mS cm-1,assumption,"no measured conductivity for this exact salt / solvent / concentration was located. The inherited citation was a limiting-conductivity table (Izutsu, 2nd ed.), which cannot supply kappa at 0.03-1 M at any concentration in this registry: for Bu4NBF4/MeCN the Onsager limiting law Lambda = Lambda0 - S sqrt(c), with the verified Lambda0 = 171.1 and S = 358.7 computed from the verified eps and eta, goes negative above 0.228 M, and the Lee-Wheaton / Fuoss-Justice extension reaches only ~0.02 M. The citation did not support the value and has been withdrawn. dorn'S supporting information has now been retrieved (2026-08-22), which closes the item that used to head this list and narrows what remains. Je3c00691_si_001.pdf carries the raw isotherms for 41 salts x 4 solvents, 21 measured points each: water, acetonitrile, methanol and ethanol, and nothing else. It supplied the Bu4NBF4/MeCN rows and three aqueous rows directly. it cannot reach: any DMF row (no DMF was measured), any THF row (no THF), or any perchlorate (NaClO4 is not among the 41 salts). Its NaBr in acetonitrile is a dash -- attempted, no fit -- so the two NaBr/MeCN rows are not closable from it either, which is a definitive negative rather than an untried lead. what remains, in order of yield: (i) Barthel & Neueder, Electrolyte Data Collection, dechema Vol. Xii (print-only; still the highest yield per unit effort for the amide family, and the only broad source that covers DMF). (ii) for the THF rows, Das, J. Solution Chem. 2008, 37, 947-955, DOI 10.1007/s10953-008-9288-9, has now been retrieved (papers for model/) and it does not settle them, which is worth stating so nobody pulls it twice. Its Table 1 measures LiBr in THF at 298.15 K over c = 0.01155 to 0.31623 mol dm-3, twenty points, with Lambda falling to a minimum of 0.1795 S cm2 mol-1 at 0.0205 M and then rising to 0.8100 at the top point, i.e. kappa from 0.0023 to 0.2561 mS cm-1 -- still roughly 10x below the 3.0 M this project uses. (An earlier reading gave the range as 0.0071-0.035 M at Lambda = 0.18-0.20: the three salts interleave in the text layer, and that pairs LiCl's concentration column with LiBr's Lambda column, truncated at the eighth row. Separated by x-coordinate on 2026-09-13, the same discipline the CRC viscosity and Chambers-Stokes conductance tables needed.) It confirms the physics that makes this row hard (LiCl, LiBr and LiBF4 form symmetrical triple ions, and the conductivity minimum sits at c_min = 4.9e-3 mol dm-3, so at 3.0 M the solution is ~600x above the minimum and deep in the triple-ion regime where Lambda rises again with concentration). Consequence for this row: the carried 3.0 mS cm-1 at 3.0 M implies Lambda = 1.0 S cm2 mol-1, a five-fold rise over Das's measured value at 0.01 M. Triple-ion formation makes that direction correct, but the magnitude is unverified and no measurement at preparative concentration was located. (iii) Minc & Werblan, Electrochim. Acta 1962, 7, 257-266 (retrieved, in papers for model/) for alkali perchlorates in acetonitrile. (iv) One benchtop conductivity measurement per salt/solvent family calibrates B in Lambda(c) = Lambda0/(1 + B sqrt(c)) and upgrades the whole family to state B at +/-15 pct -- and for the two rows that still carry a §S6 verdict this is the cheapest route to state A by a wide margin.","Declared, no external source: no measured conductivity for this exact salt/solvent/concentration was located, and the row is DISPLAY-ONLY -- kappa enters no transport quantity, so it supports no stated conclusion and is tabulated for completeness. The route attempted for this particular entry, and why it failed, is recorded in the row's method note.",,"Display-only. Kappa enters no transport quantity: i_lim (Eq. S1) and the NPP / EC-prime solvers use D, C, delta and z only. Kappa appears solely in the voltage/thermal path (cellvoltage.jl; figs make_figK.py, make_fig4B.py, make_figs.py Fig D, make_fig_main.py panel f). This row supports no stated conclusion; it is tabulated for scale. Most of the registered conductivities are in this position.",
6. Electrolyte conductivities,0.2 M NaClO4/MeCN,12.0,mS cm-1,assumption,"CEILING RECOVERED 2026-08-31. This row read 'no source supports this value, and none bounds it', on the ground that lambda0(Na+, MeCN) is absent from Gong et al. Table 2 (whose cation block runs Li+ 69.97 straight to Me4N+ 94.5) and from Kalugin et al. (R4N+ and anions only), so the Kohlrausch route could not close. It names Minc & Werblan as the source that would close it -- and that paper is IN THIS REPOSITORY and had simply not been opened for this purpose: Model Papers for Params/1-s2.0-0013468662870030-main.pdf, 'Electrical conductivity of electrolyte solutions in organic solvents - I. Alkali perchlorates in acetonitrile'. Its Table 2, p. 261 gives EQUIVALENT CONDUCTANCES AT INFINITE DILUTION in acetonitrile at 25 C: LiClO4 183.25 and NaClO4 192.40 S cm2 mol-1, cross-checked by its own Table 4, p. 263 (183.40 and 192.30, agreeing to 0.05 pct). Kohlrausch then closes in two steps from values already registered here: lambda0(ClO4-) = 183.25 - 69.97 = 113.28, hence lambda0(Na+) = 192.40 - 113.28 = 79.12, hence Lambda0(NaBr, MeCN) = 79.12 + 102.00 = 181.12 using lambda0(Br-, MeCN) = 102.00 from Kalugin Table 3, p. 28. As a check, lambda0(ClO4-) = 113.28 sits alongside Krumgalz's lambda0(SCN-, MeCN) = 113.3 for a similarly sized anion. dorn'S supporting information has now been retrieved (2026-08-22), which closes the item that used to head this list and narrows what remains. Je3c00691_si_001.pdf carries the raw isotherms for 41 salts x 4 solvents, 21 measured points each: water, acetonitrile, methanol and ethanol, and nothing else. It supplied the Bu4NBF4/MeCN rows and three aqueous rows directly. it cannot reach: any DMF row (no DMF was measured), any THF row (no THF), or any perchlorate (NaClO4 is not among the 41 salts). Its NaBr in acetonitrile is a dash -- attempted, no fit -- so the two NaBr/MeCN rows are not closable from it either, which is a definitive negative rather than an untried lead. what remains, in order of yield: (i) Barthel & Neueder, Electrolyte Data Collection, dechema Vol. Xii (print-only; still the highest yield per unit effort for the amide family, and the only broad source that covers DMF). (ii) for the THF rows, Das, J. Solution Chem. 2008, 37, 947-955, DOI 10.1007/s10953-008-9288-9, has now been retrieved (papers for model/) and it does not settle them, which is worth stating so nobody pulls it twice. Its Table 1 measures LiBr in THF at 298.15 K over c = 0.01155 to 0.31623 mol dm-3, twenty points, with Lambda falling to a minimum of 0.1795 S cm2 mol-1 at 0.0205 M and then rising to 0.8100 at the top point, i.e. kappa from 0.0023 to 0.2561 mS cm-1 -- still roughly 10x below the 3.0 M this project uses. (An earlier reading gave the range as 0.0071-0.035 M at Lambda = 0.18-0.20: the three salts interleave in the text layer, and that pairs LiCl's concentration column with LiBr's Lambda column, truncated at the eighth row. Separated by x-coordinate on 2026-09-13, the same discipline the CRC viscosity and Chambers-Stokes conductance tables needed.) It confirms the physics that makes this row hard (LiCl, LiBr and LiBF4 form symmetrical triple ions, and the conductivity minimum sits at c_min = 4.9e-3 mol dm-3, so at 3.0 M the solution is ~600x above the minimum and deep in the triple-ion regime where Lambda rises again with concentration). Consequence for this row: the carried 3.0 mS cm-1 at 3.0 M implies Lambda = 1.0 S cm2 mol-1, a five-fold rise over Das's measured value at 0.01 M. Triple-ion formation makes that direction correct, but the magnitude is unverified and no measurement at preparative concentration was located. (iii) Minc & Werblan, Electrochim. Acta 1962, 7, 257-266 (retrieved, in papers for model/) for alkali perchlorates in acetonitrile. (iv) One benchtop conductivity measurement per salt/solvent family calibrates B in Lambda(c) = Lambda0/(1 + B sqrt(c)) and upgrades the whole family to state B at +/-15 pct -- and for the two rows that still carry a §S6 verdict this is the cheapest route to state A by a wide margin.","Minc & Werblan, Electrochim. Acta 1962, 7, 257-266, Table 2, p. 261 (equivalent conductances of alkali perchlorates in acetonitrile at infinite dilution, 25 C), with Gong et al. Table 2 and Kalugin et al. Table 3, p. 28 -- bounds this row from above by Kohlrausch; see the method note for the two steps",,"Display-only. Kappa enters no transport quantity: i_lim (Eq. S1) and the NPP / EC-prime solvers use D, C, delta and z only. Kappa appears solely in the voltage/thermal path (cellvoltage.jl; figs make_figK.py, make_fig4B.py, make_figs.py Fig D, make_fig_main.py panel f). This row supports no stated conclusion; it is tabulated for scale. Most of the registered conductivities are in this position. CEILING, NOT AN ESTIMATE: kappa <= Lambda0 c is the infinite-dilution limit, and the true conductivity at working concentration is lower -- Minc & Werblan measure an association constant of K = 10.92 for NaClO4 in this solvent, and relaxation and electrophoretic effects reduce Lambda further. The ceilings are 38.5 mS cm-1 at 0.2 M NaClO4, 14.5 at 0.08 M NaBr and 7.2 at 0.04 M NaBr, against carried values of 12.0, 4.0 and 1.5, so every one sits well beneath its bound. What is still absent is the concentration dependence, which is why these stay state C rather than becoming derived.",
6. Electrolyte conductivities,0.2 M NaI/DMF,8.77,mS cm-1,derived,"derived 2026-08-22, replacing an unsourced 8.0 that had no derivation of any kind. The reason for the change is provenance, not preference: 8.0 was a number with no chain behind it, and this one has a two-step chain a reader can redo. step 1, Lambda0, now directly measured rather than summed: Lambda0(NaI, DMF) = 81.35 +/- 0.04 S cm2 mol-1 at 25 C [Krumgalz & Barthel, Z. Phys. Chem. 1984, 142, 167-178, Table 2, NaI block, 25 C column; PDF retrieved and read off the page]. That replaces the Kohlrausch sum this row used to carry -- lambda0(Na+) 29.81 + lambda0(I-) 52.11 = 81.92 from Gopal & Jha Table 2 p. 81 -- which agrees with it to -0.70 pct and is retained as the cross-check. The same table's literature column quotes 81.9 from both Singh and Ames. The hard Kohlrausch ceiling therefore becomes kappa <= c Lambda0 = 16.27 mS cm-1. step 2, the attenuation at 0.2 M: taken from a measurement of the same salt. Dorn's Supporting Information measures NaI in methanol across the full range (Table SI 97, p. 197); with Lambda0(NaI, MeOH) = 45.23 + 62.63 = 107.86 from the CRC/Vanysek table verified in this pass, the measured Lambda/Lambda0 at 0.2 M is 0.539. Transferring it gives kappa = 0.2 x 81.35 x 0.539 = 8.77 mS cm-1. third route, independent of both and using only same-system measurements: Krumgalz & Barthel also report the association constant, K_A = 7.50 +/- 0.57 dm3 mol-1 for NaI in DMF at 25 C (same table). Solving the association equilibrium with Debye-Huckel activity coefficients at their own distance parameter R2 = 1.131 nm gives a free-ion fraction alpha = 0.702 at 0.2 M, and with Onsager relaxation Lambda = alpha(Lambda0 - S sqrt(alpha c)) = 41.5, i.e. Lambda/Lambda0 = 0.510 and kappa = 8.30 mS cm-1 -- within 5 pct of the adopted value, from entirely different inputs. it is not adopted as primary, and the reason is consistency: it extrapolates a dilute conductance treatment some 20-200x beyond the range Krumgalz & Barthel fitted, and this registry has already withdrawn a value (the Lee-Wheaton bound on Bu4NBF4/MeCN) for being a 25x extrapolation beyond its own fitted range. The methanol route is preferred because it is measured at the right concentration and transfers one solvent step in a known direction, rather than measured in the right solvent and extrapolated in concentration. That the two disagree by only 5 pct is the useful fact. the one assumption, stated: that the attenuation at equal molarity is the same in DMF as in methanol. It is not exactly, and the direction is known -- DMF has the higher permittivity (36.7 against 32.7) so it pairs less and attenuates less -- which makes 8.83 a floor on kappa rather than a best estimate. Calibrating the Onsager limiting law on that same methanol measurement (it overshoots by 1.136x there) and applying the correction to DMF gives Lambda/Lambda0 = 0.593, i.e. 9.72 mS cm-1, which is the better estimate. The floor is carried because its derivation is the shorter and more checkable of the two, and the difference between them is recorded here rather than hidden in a choice. Prue & Sherrington, Trans. Faraday Soc. 1961, 57, 1795-1808 report the iodides in DMF in excellent accord with Fuoss-Onsager assuming complete dissociation, which supports the direction; not retrieved, taken from the abstract, and used for direction only. what this does to the dependent claims, reported whichever way it fell: the unstirred-beaker steady state at 100 mA cm-2 drops 202 -> 186 C (still far above DMF's 153 C boiling point, but the margin to the kappa = 11.15 flip narrows from 1.39x to 1.26x); the cell voltage at 50 mA cm-2 drops 14.9 -> 13.7 V (still inside the 10-20 V range); the unstirred-beaker i_boil rises 84.8 -> 88.8 and the microfluidic 1093 -> 1116 mA cm-2. No verdict changes in either direction. what is still missing is Lambda(c) at 0.2 M: no measurement of the conductance attenuation of NaI in DMF at working concentration was located, so the value cannot be derived and the row stays state C. Solvent properties verified as before: DMF eps = 36.81, eta = 0.8455 mPa s, rho = 0.943802 g mL-1 at 298.15 K. Cheapest route to state A: measure it -- 0.2 M NaI in dry DMF, calibrated probe, 25 C, ten minutes; the result must land in (0, 16.4) mS cm-1, so the row is now checkable, which it was not before.","Gopal & Jha, Indian J. Chem. 1977, 15A, 80-83 (lambda0, state A); Bhat, Mohan & Susha, Indian J. Chem. 1996, 35A, 825-831 (cross-validation); Kinart, Molecules 2024, 29, 1371 (solvent properties only; not the conductivity)","Gopal & Jha Table 2, p. 81, DMF column, 25 C (Na+ 29.81, I- 52.11 S cm2 mol-1); Bhat Table I, p. 827; Kinart Table 1 (DMF properties at 298.15 K) -- supports the solvent constants, not kappa","Carries a conclusion, and is the most exposed number in the category. Band 4-16 mS cm-1, with a hard physical ceiling at state B: kappa <= c Lambda0 = 2.000e-4 mol cm-3 x 81.92 S cm2 mol-1 = 16.38 mS cm-1, since Lambda(c) <= Lambda0 for all c > 0. The tabled 8.0 implies Lambda/Lambda0 = 0.488 and the microfluidic flip requires 0.453. Which side of 0.453 the truth falls on is bounded by measurement. Two routes, both anchored on measured data rather than on a correlation read outside its range. (A) same-salt transfer: Dorn's Supporting Information measures NaI in methanol across the full range (Table SI 97, p. 197); with Lambda0(NaI, MeOH) = 45.23 + 62.63 = 107.86 from the CRC/Vanysek table, the measured attenuation at 0.2 M is Lambda/Lambda0 = 0.539, which transferred unchanged to DMF gives 8.77 mS cm-1. That is a lower bound rather than an estimate, because DMF has the higher permittivity (36.7 against 32.7) and so must pair less and attenuate less than methanol. (B) onsager calibrated on that same measurement: the 1:1 limiting law overshoots the measured methanol attenuation by a factor 1.136 here; applying that correction to the DMF limiting law (0.674) gives 0.593, i.e. 9.72 mS cm-1. Physical support, direction only: Prue & Sherrington, Trans. Faraday Soc. 1961, 57, 1795-1808 measured twelve salts in DMF and report the iodides in excellent accord with Fuoss-Onsager assuming complete dissociation, so no ion-pairing term should drive DMF below methanol; not retrieved in full text -- taken from the abstract and used for direction, never as a number. so the carried 8.0 is conservative, and 0.453 lies below the measured attenuation of the same salt in a lower-permittivity solvent, which is backwards. The value is kept at 8.0: a higher kappa only makes every thermal conclusion safer, so holding the low end costs nothing and cascades into no figure. The adopted value is the derived 8.77 of step 2 above, and what follows uses it. (a) Judged against each architecture's own transport ceiling, DMF clears every modelled archetype except the rotating disc (margin 0.77x) and the rotating cylinder (margin 0.63x) and the stack, and its microfluidic margin is 10.1x. The binding kappa-axis verdict is the rotating disc, which reverses if kappa rises to 14.78 mS cm-1, i.e. 1.69x the carried 8.77, inside this row's own 4-16 band, so that failure is conditional on where in the band the value sits. What is still missing is a direct measurement of Lambda(0.2 M) for this salt in this solvent. The cheapest route to settling it: 0.2 M NaI in dry DMF, calibrated probe, 25 C, ten minutes. (b) two further sentences rest on this row, at the adopted 8.77: 'the full lumped balance places its passive steady state at T_ss ~ 228 C, far above DMF's 153 C boiling point' flips at kappa_crit = 14.11 mS cm-1, a margin of 1.61x, which is inside the honest 4-16 band; and 'the same cell at 50 mA cm-2 draws 13.8 V, which is the 10-20 V range common in academic non-aqueous reports' holds only over kappa = 5.68-13.16 mS cm-1 (x0.648 down, x1.501 up). Both are stated as conditional on the adopted kappa in S6. The binding kappa-axis margin for this row is 1.69x, at the rotating disc; it and the two statements above are labelled as conditional where they appear.",
6. Electrolyte conductivities,0.2 M nBu4NBr/DMA,6.0,mS cm-1,assumption,"no measured conductivity for this exact salt / solvent / concentration was located. The inherited citation was a limiting-conductivity table (Izutsu, 2nd ed.), which cannot supply kappa at 0.03-1 M at any concentration in this registry: for Bu4NBF4/MeCN the Onsager limiting law Lambda = Lambda0 - S sqrt(c), with the verified Lambda0 = 171.1 and S = 358.7 computed from the verified eps and eta, goes negative above 0.228 M, and the Lee-Wheaton / Fuoss-Justice extension reaches only ~0.02 M. The citation did not support the value and has been withdrawn. dorn'S supporting information has now been retrieved (2026-08-22), which closes the item that used to head this list and narrows what remains. Je3c00691_si_001.pdf carries the raw isotherms for 41 salts x 4 solvents, 21 measured points each: water, acetonitrile, methanol and ethanol, and nothing else. It supplied the Bu4NBF4/MeCN rows and three aqueous rows directly. it cannot reach: any DMF row (no DMF was measured), any THF row (no THF), or any perchlorate (NaClO4 is not among the 41 salts). Its NaBr in acetonitrile is a dash -- attempted, no fit -- so the two NaBr/MeCN rows are not closable from it either, which is a definitive negative rather than an untried lead. what remains, in order of yield: (i) Barthel & Neueder, Electrolyte Data Collection, dechema Vol. Xii (print-only; still the highest yield per unit effort for the amide family, and the only broad source that covers DMF). (ii) for the THF rows, Das, J. Solution Chem. 2008, 37, 947-955, DOI 10.1007/s10953-008-9288-9, has now been retrieved (papers for model/) and it does not settle them, which is worth stating so nobody pulls it twice. Its Table 1 measures LiBr in THF at 298.15 K over c = 0.01155 to 0.31623 mol dm-3, twenty points, with Lambda falling to a minimum of 0.1795 S cm2 mol-1 at 0.0205 M and then rising to 0.8100 at the top point, i.e. kappa from 0.0023 to 0.2561 mS cm-1 -- still roughly 10x below the 3.0 M this project uses. (An earlier reading gave the range as 0.0071-0.035 M at Lambda = 0.18-0.20: the three salts interleave in the text layer, and that pairs LiCl's concentration column with LiBr's Lambda column, truncated at the eighth row. Separated by x-coordinate on 2026-09-13, the same discipline the CRC viscosity and Chambers-Stokes conductance tables needed.) It confirms the physics that makes this row hard (LiCl, LiBr and LiBF4 form symmetrical triple ions, and the conductivity minimum sits at c_min = 4.9e-3 mol dm-3, so at 3.0 M the solution is ~600x above the minimum and deep in the triple-ion regime where Lambda rises again with concentration). Consequence for this row: the carried 3.0 mS cm-1 at 3.0 M implies Lambda = 1.0 S cm2 mol-1, a five-fold rise over Das's measured value at 0.01 M. Triple-ion formation makes that direction correct, but the magnitude is unverified and no measurement at preparative concentration was located. (iii) Minc & Werblan, Electrochim. Acta 1962, 7, 257-266 (retrieved, in papers for model/) for alkali perchlorates in acetonitrile. (iv) One benchtop conductivity measurement per salt/solvent family calibrates B in Lambda(c) = Lambda0/(1 + B sqrt(c)) and upgrades the whole family to state B at +/-15 pct -- and for the two rows that still carry a §S6 verdict this is the cheapest route to state A by a wide margin.","Declared, no external source: no measured conductivity for this exact salt/solvent/concentration was located, and the row is DISPLAY-ONLY -- kappa enters no transport quantity, so it supports no stated conclusion and is tabulated for completeness. The route attempted for this particular entry, and why it failed, is recorded in the row's method note.",,"Display-only. Kappa enters no transport quantity: i_lim (Eq. S1) and the NPP / EC-prime solvers use D, C, delta and z only. Kappa appears solely in the voltage/thermal path (cellvoltage.jl; figs make_figK.py, make_fig4B.py, make_figs.py Fig D, make_fig_main.py panel f). This row supports no stated conclusion; it is tabulated for scale. Most of the registered conductivities are in this position.",
6. Electrolyte conductivities,0.21 M TBAB/DMSO-THF,4.0,mS cm-1,assumption,"no measured conductivity for this exact salt / solvent / concentration was located. The inherited citation was a limiting-conductivity table (Izutsu, 2nd ed.), which cannot supply kappa at 0.03-1 M at any concentration in this registry: for Bu4NBF4/MeCN the Onsager limiting law Lambda = Lambda0 - S sqrt(c), with the verified Lambda0 = 171.1 and S = 358.7 computed from the verified eps and eta, goes negative above 0.228 M, and the Lee-Wheaton / Fuoss-Justice extension reaches only ~0.02 M. The citation did not support the value and has been withdrawn. dorn'S supporting information has now been retrieved (2026-08-22), which closes the item that used to head this list and narrows what remains. Je3c00691_si_001.pdf carries the raw isotherms for 41 salts x 4 solvents, 21 measured points each: water, acetonitrile, methanol and ethanol, and nothing else. It supplied the Bu4NBF4/MeCN rows and three aqueous rows directly. it cannot reach: any DMF row (no DMF was measured), any THF row (no THF), or any perchlorate (NaClO4 is not among the 41 salts). Its NaBr in acetonitrile is a dash -- attempted, no fit -- so the two NaBr/MeCN rows are not closable from it either, which is a definitive negative rather than an untried lead. what remains, in order of yield: (i) Barthel & Neueder, Electrolyte Data Collection, dechema Vol. Xii (print-only; still the highest yield per unit effort for the amide family, and the only broad source that covers DMF). (ii) for the THF rows, Das, J. Solution Chem. 2008, 37, 947-955, DOI 10.1007/s10953-008-9288-9, has now been retrieved (papers for model/) and it does not settle them, which is worth stating so nobody pulls it twice. Its Table 1 measures LiBr in THF at 298.15 K over c = 0.01155 to 0.31623 mol dm-3, twenty points, with Lambda falling to a minimum of 0.1795 S cm2 mol-1 at 0.0205 M and then rising to 0.8100 at the top point, i.e. kappa from 0.0023 to 0.2561 mS cm-1 -- still roughly 10x below the 3.0 M this project uses. (An earlier reading gave the range as 0.0071-0.035 M at Lambda = 0.18-0.20: the three salts interleave in the text layer, and that pairs LiCl's concentration column with LiBr's Lambda column, truncated at the eighth row. Separated by x-coordinate on 2026-09-13, the same discipline the CRC viscosity and Chambers-Stokes conductance tables needed.) It confirms the physics that makes this row hard (LiCl, LiBr and LiBF4 form symmetrical triple ions, and the conductivity minimum sits at c_min = 4.9e-3 mol dm-3, so at 3.0 M the solution is ~600x above the minimum and deep in the triple-ion regime where Lambda rises again with concentration). Consequence for this row: the carried 3.0 mS cm-1 at 3.0 M implies Lambda = 1.0 S cm2 mol-1, a five-fold rise over Das's measured value at 0.01 M. Triple-ion formation makes that direction correct, but the magnitude is unverified and no measurement at preparative concentration was located. (iii) Minc & Werblan, Electrochim. Acta 1962, 7, 257-266 (retrieved, in papers for model/) for alkali perchlorates in acetonitrile. (iv) One benchtop conductivity measurement per salt/solvent family calibrates B in Lambda(c) = Lambda0/(1 + B sqrt(c)) and upgrades the whole family to state B at +/-15 pct -- and for the two rows that still carry a §S6 verdict this is the cheapest route to state A by a wide margin.","Declared, no external source: no measured conductivity for this exact salt/solvent/concentration was located, and the row is DISPLAY-ONLY -- kappa enters no transport quantity, so it supports no stated conclusion and is tabulated for completeness. The route attempted for this particular entry, and why it failed, is recorded in the row's method note.",,"Display-only. Kappa enters no transport quantity: i_lim (Eq. S1) and the NPP / EC-prime solvers use D, C, delta and z only. Kappa appears solely in the voltage/thermal path (cellvoltage.jl; figs make_figK.py, make_fig4B.py, make_figs.py Fig D, make_fig_main.py panel f). This row supports no stated conclusion; it is tabulated for scale. Most of the registered conductivities are in this position.",
6. Electrolyte conductivities,0.24 M Et3NHBF4/THF-HFIP,5.0,mS cm-1,assumption,"mixed-solvent composition: no limiting-conductivity table exists for it, and preferential solvation makes transfer from either pure component invalid. Permanently an assumption. dorn'S supporting information has now been retrieved (2026-08-22), which closes the item that used to head this list and narrows what remains. Je3c00691_si_001.pdf carries the raw isotherms for 41 salts x 4 solvents, 21 measured points each: water, acetonitrile, methanol and ethanol, and nothing else. It supplied the Bu4NBF4/MeCN rows and three aqueous rows directly. it cannot reach: any DMF row (no DMF was measured), any THF row (no THF), or any perchlorate (NaClO4 is not among the 41 salts). Its NaBr in acetonitrile is a dash -- attempted, no fit -- so the two NaBr/MeCN rows are not closable from it either, which is a definitive negative rather than an untried lead. what remains, in order of yield: (i) Barthel & Neueder, Electrolyte Data Collection, dechema Vol. Xii (print-only; still the highest yield per unit effort for the amide family, and the only broad source that covers DMF). (ii) for the THF rows, Das, J. Solution Chem. 2008, 37, 947-955, DOI 10.1007/s10953-008-9288-9, has now been retrieved (papers for model/) and it does not settle them, which is worth stating so nobody pulls it twice. Its Table 1 measures LiBr in THF at 298.15 K over c = 0.01155 to 0.31623 mol dm-3, twenty points, with Lambda falling to a minimum of 0.1795 S cm2 mol-1 at 0.0205 M and then rising to 0.8100 at the top point, i.e. kappa from 0.0023 to 0.2561 mS cm-1 -- still roughly 10x below the 3.0 M this project uses. (An earlier reading gave the range as 0.0071-0.035 M at Lambda = 0.18-0.20: the three salts interleave in the text layer, and that pairs LiCl's concentration column with LiBr's Lambda column, truncated at the eighth row. Separated by x-coordinate on 2026-09-13, the same discipline the CRC viscosity and Chambers-Stokes conductance tables needed.) It confirms the physics that makes this row hard (LiCl, LiBr and LiBF4 form symmetrical triple ions, and the conductivity minimum sits at c_min = 4.9e-3 mol dm-3, so at 3.0 M the solution is ~600x above the minimum and deep in the triple-ion regime where Lambda rises again with concentration). Consequence for this row: the carried 3.0 mS cm-1 at 3.0 M implies Lambda = 1.0 S cm2 mol-1, a five-fold rise over Das's measured value at 0.01 M. Triple-ion formation makes that direction correct, but the magnitude is unverified and no measurement at preparative concentration was located. (iii) Minc & Werblan, Electrochim. Acta 1962, 7, 257-266 (retrieved, in papers for model/) for alkali perchlorates in acetonitrile. (iv) One benchtop conductivity measurement per salt/solvent family calibrates B in Lambda(c) = Lambda0/(1 + B sqrt(c)) and upgrades the whole family to state B at +/-15 pct -- and for the two rows that still carry a §S6 verdict this is the cheapest route to state A by a wide margin.","Declared, no external source: no measured conductivity for this exact salt/solvent/concentration was located, and the row is DISPLAY-ONLY -- kappa enters no transport quantity, so it supports no stated conclusion and is tabulated for completeness. The route attempted for this particular entry, and why it failed, is recorded in the row's method note.",,"Display-only. Kappa enters no transport quantity: i_lim (Eq. S1) and the NPP / EC-prime solvers use D, C, delta and z only. Kappa appears solely in the voltage/thermal path (cellvoltage.jl; figs make_figK.py, make_fig4B.py, make_figs.py Fig D, make_fig_main.py panel f). This row supports no stated conclusion; it is tabulated for scale. Most of the registered conductivities are in this position.",
6. Electrolyte conductivities,0.25 M Bu4NBF4/MeCN,19.95,mS cm-1,measured,"measured: read off the raw kappa(c) isotherm in the Dorn et al. Supporting Information. The Casteel-Amis reconstruction this row used to carry (Casteel & Amis, J. Chem. Eng. Data 1972, 17, 55) is retained below as the superseded route, applied to the measured fit of Dorn et al., Table 3, p. 1499 for ACN / (C4H9)4NBF4: kappa_max = 33.40 mS cm-1, m_max = 1.48127 mol kg-1, a = 0.78646, b = -0.02156, validity range 9.10, MAPE 1.65 pct. At m = 0.347 mol kg-1 (0.25 M; conversion below) that fit returns kappa = 18.95 mS cm-1, which was the adopted 18.9 before the raw isotherm was read; the measurement gives 19.95, so the fit-and-invert route was 5.6 pct low. molarity -> molality, stated explicitly because state B requires the arithmetic to be reproducible and because the convention matters at the 4 pct level. The route is the solution density, not the pure-solvent density: rho_soln = (rho0 + c M/1000) / (1 + c V_phi/1000) and m = c / (rho_soln - c M/1000), with M = 329.27 g mol-1, rho0 = rho(MeCN) = 0.7768 g cm-3 and an apparent molar volume V_phi = 287 cm3 mol-1 (an ordinary value for Bu4NBF4, and the value the adopted molalities imply). This reproduces every adopted molality to three decimals: 0.043 M -> 0.056, 0.077 -> 0.101, 0.100 -> 0.133, 0.250 -> 0.348, 0.300 -> 0.424 mol kg-1. V_phi is itself a declared assumption, so the convention spread is bounded rather than ignored: the pure-solvent shortcut m = c/rho0 gives m = 0.322 and kappa = 18.1, and the salt-displacement shortcut m = c/(rho0 - cM/1000) gives m = 0.360 and kappa = 19.4, against the adopted 18.9 at m = 0.347. That 18.1-19.4 spread sits well inside the declared 15-23 band and moves the microfluidic MeCN ceiling only over 674-680 mA cm-2 against that cell's own transport ceiling of 111 mA cm-2, a margin of 6.09x to 6.14x, so no verdict anywhere in §S6 turns on the choice. Independently validated at 1 M against Gong et al. Table 3, p. 3519 (32.75 derived vs 32.3 tabulated, +1.4 pct). Supersedes the earlier mass-action treatment: the bound of 24-36 mS cm-1 built on Lambda0 = 171.1 and K_A = 5.6 was a Lee-Wheaton extrapolation 25x above its own fitted range (2e-4 to 1e-2 mol dm-3) and has been withdrawn, as has the inherited Izutsu limiting-conductivity citation. dorn'S supporting information has now been retrieved (2026-08-22), which closes the item that used to head this list and narrows what remains. Je3c00691_si_001.pdf carries the raw isotherms for 41 salts x 4 solvents, 21 measured points each: water, acetonitrile, methanol and ethanol, and nothing else. It supplied the Bu4NBF4/MeCN rows and three aqueous rows directly. it cannot reach: any DMF row (no DMF was measured), any THF row (no THF), or any perchlorate (NaClO4 is not among the 41 salts). Its NaBr in acetonitrile is a dash -- attempted, no fit -- so the two NaBr/MeCN rows are not closable from it either, which is a definitive negative rather than an untried lead. what remains, in order of yield: (i) Barthel & Neueder, Electrolyte Data Collection, dechema Vol. Xii (print-only; still the highest yield per unit effort for the amide family, and the only broad source that covers DMF). (ii) for the THF rows, Das, J. Solution Chem. 2008, 37, 947-955, DOI 10.1007/s10953-008-9288-9, has now been retrieved (papers for model/) and it does not settle them, which is worth stating so nobody pulls it twice. Its Table 1 measures LiBr in THF at 298.15 K over c = 0.01155 to 0.31623 mol dm-3, twenty points, with Lambda falling to a minimum of 0.1795 S cm2 mol-1 at 0.0205 M and then rising to 0.8100 at the top point, i.e. kappa from 0.0023 to 0.2561 mS cm-1 -- still roughly 10x below the 3.0 M this project uses. (An earlier reading gave the range as 0.0071-0.035 M at Lambda = 0.18-0.20: the three salts interleave in the text layer, and that pairs LiCl's concentration column with LiBr's Lambda column, truncated at the eighth row. Separated by x-coordinate on 2026-09-13, the same discipline the CRC viscosity and Chambers-Stokes conductance tables needed.) It confirms the physics that makes this row hard (LiCl, LiBr and LiBF4 form symmetrical triple ions, and the conductivity minimum sits at c_min = 4.9e-3 mol dm-3, so at 3.0 M the solution is ~600x above the minimum and deep in the triple-ion regime where Lambda rises again with concentration). Consequence for this row: the carried 3.0 mS cm-1 at 3.0 M implies Lambda = 1.0 S cm2 mol-1, a five-fold rise over Das's measured value at 0.01 M. Triple-ion formation makes that direction correct, but the magnitude is unverified and no measurement at preparative concentration was located. (iii) Minc & Werblan, Electrochim. Acta 1962, 7, 257-266 (retrieved, in papers for model/) for alkali perchlorates in acetonitrile. (iv) One benchtop conductivity measurement per salt/solvent family calibrates B in Lambda(c) = Lambda0/(1 + B sqrt(c)) and upgrades the whole family to state B at +/-15 pct -- and for the two rows that still carry a §S6 verdict this is the cheapest route to state A by a wide margin.","Dorn, Kareth, Weidner & Petermann, J. Chem. Eng. Data 2024, 69, 1493-1502; Gong, Fang, Gu, Li & Yan, Energy Environ. Sci. 2015, 8, 3515-3530; method: Casteel & Amis, J. Chem. Eng. Data 1972, 17, 55","Dorn supporting information, Table SI 85, p. 171 (ACN / (C4H9)4NBF4, 298.15 K, 101 kPa): 0.25 M is m = 0.347 mol kg-1, read between the measured points (0.2960, 18.16) and (0.4094, 22.13) mS cm-1, which interpolate to 19.95. The alternative locator is the article-body Casteel-Amis fit -- Table 3, p. 1499 (m_max 1.48127, kappa_max 33.40, a 0.78646, b -0.02156, MAPE 1.65 pct), the fit-and-invert route, which returns 18.9; a reader opening p. 1499 would not have found 19.95 there. Cross-check: Gong Table 3, p. 3519 (Bu4NBF4/AN, 1 M, 32.3 mS cm-1, tabulated after Izutsu 2009)","Carries a conclusion. Band 15-23 mS cm-1, wider than +/-10 pct because Dorn's own dissertation, p. 74, applies his own Casteel-Amis equation at m = 0.075 and prints kappa_ref = 7.04 where the published Table 3 parameters give 6.465, a +8.9 pct unexplained self-inconsistency. Fig. 7 margins recomputed at the adopted 19.95 mS cm-1, and judged against each architecture's OWN transport ceiling rather than a declared design current: unstirred batch 9.54x, stirred batch 8.84x, recirculating flow 4.93x, microfluidic 25 um 6.14x, RDE 1600 rpm 0.77x, rotating cyl. 3000 rpm 0.62x. The two shortfalls would reverse only at 34.8 mS cm-1 (1.74x carried, RDE 1600 rpm) and 53.9 mS cm-1 (2.70x carried, rotating cyl. 3000 rpm), both far outside the 15-23 band, so no MeCN verdict turns on where inside its own measurement band the value sits. Those same two ARE bound-dependent on the kappa(T) axis of S6.3 and on the beaker gap these cells share, and are flagged on both.",
6. Electrolyte conductivities,0.25 M KOAc/tAmOH-H2O,8.0,mS cm-1,assumption,"mixed-solvent composition: no limiting-conductivity table exists for it, and preferential solvation makes transfer from either pure component invalid. Permanently an assumption. dorn'S supporting information has now been retrieved (2026-08-22), which closes the item that used to head this list and narrows what remains. Je3c00691_si_001.pdf carries the raw isotherms for 41 salts x 4 solvents, 21 measured points each: water, acetonitrile, methanol and ethanol, and nothing else. It supplied the Bu4NBF4/MeCN rows and three aqueous rows directly. it cannot reach: any DMF row (no DMF was measured), any THF row (no THF), or any perchlorate (NaClO4 is not among the 41 salts). Its NaBr in acetonitrile is a dash -- attempted, no fit -- so the two NaBr/MeCN rows are not closable from it either, which is a definitive negative rather than an untried lead. what remains, in order of yield: (i) Barthel & Neueder, Electrolyte Data Collection, dechema Vol. Xii (print-only; still the highest yield per unit effort for the amide family, and the only broad source that covers DMF). (ii) for the THF rows, Das, J. Solution Chem. 2008, 37, 947-955, DOI 10.1007/s10953-008-9288-9, has now been retrieved (papers for model/) and it does not settle them, which is worth stating so nobody pulls it twice. Its Table 1 measures LiBr in THF at 298.15 K over c = 0.01155 to 0.31623 mol dm-3, twenty points, with Lambda falling to a minimum of 0.1795 S cm2 mol-1 at 0.0205 M and then rising to 0.8100 at the top point, i.e. kappa from 0.0023 to 0.2561 mS cm-1 -- still roughly 10x below the 3.0 M this project uses. (An earlier reading gave the range as 0.0071-0.035 M at Lambda = 0.18-0.20: the three salts interleave in the text layer, and that pairs LiCl's concentration column with LiBr's Lambda column, truncated at the eighth row. Separated by x-coordinate on 2026-09-13, the same discipline the CRC viscosity and Chambers-Stokes conductance tables needed.) It confirms the physics that makes this row hard (LiCl, LiBr and LiBF4 form symmetrical triple ions, and the conductivity minimum sits at c_min = 4.9e-3 mol dm-3, so at 3.0 M the solution is ~600x above the minimum and deep in the triple-ion regime where Lambda rises again with concentration). Consequence for this row: the carried 3.0 mS cm-1 at 3.0 M implies Lambda = 1.0 S cm2 mol-1, a five-fold rise over Das's measured value at 0.01 M. Triple-ion formation makes that direction correct, but the magnitude is unverified and no measurement at preparative concentration was located. (iii) Minc & Werblan, Electrochim. Acta 1962, 7, 257-266 (retrieved, in papers for model/) for alkali perchlorates in acetonitrile. (iv) One benchtop conductivity measurement per salt/solvent family calibrates B in Lambda(c) = Lambda0/(1 + B sqrt(c)) and upgrades the whole family to state B at +/-15 pct -- and for the two rows that still carry a §S6 verdict this is the cheapest route to state A by a wide margin.","Declared, no external source: no measured conductivity for this exact salt/solvent/concentration was located, and the row is DISPLAY-ONLY -- kappa enters no transport quantity, so it supports no stated conclusion and is tabulated for completeness. The route attempted for this particular entry, and why it failed, is recorded in the row's method note.",,"Display-only. Kappa enters no transport quantity: i_lim (Eq. S1) and the NPP / EC-prime solvers use D, C, delta and z only. Kappa appears solely in the voltage/thermal path (cellvoltage.jl; figs make_figK.py, make_fig4B.py, make_figs.py Fig D, make_fig_main.py panel f). This row supports no stated conclusion; it is tabulated for scale. Most of the registered conductivities are in this position.",
6. Electrolyte conductivities,0.3 M Bu4NBF4/MeCN,22.5,mS cm-1,measured,"measured. read between two measured points of Dorn's isotherm in the supporting information, which carries the raw data the article body's Table 3 only summarises: Table SI 85, p. 171, at m = 0.423 mol kg-1, between the measured points (0.4094, 22.13) and (0.5312, 25.48) mol kg-1 / mS cm-1, giving 22.50 mS cm-1. Supersedes a typed 21.34 produced the same way.. dorn'S supporting information has now been retrieved (2026-08-22), which closes the item that used to head this list and narrows what remains. Je3c00691_si_001.pdf carries the raw isotherms for 41 salts x 4 solvents, 21 measured points each: water, acetonitrile, methanol and ethanol, and nothing else. It supplied the Bu4NBF4/MeCN rows and three aqueous rows directly. it cannot reach: any DMF row (no DMF was measured), any THF row (no THF), or any perchlorate (NaClO4 is not among the 41 salts). Its NaBr in acetonitrile is a dash -- attempted, no fit -- so the two NaBr/MeCN rows are not closable from it either, which is a definitive negative rather than an untried lead. what remains, in order of yield: (i) Barthel & Neueder, Electrolyte Data Collection, dechema Vol. Xii (print-only; still the highest yield per unit effort for the amide family, and the only broad source that covers DMF). (ii) for the THF rows, Das, J. Solution Chem. 2008, 37, 947-955, DOI 10.1007/s10953-008-9288-9, has now been retrieved (papers for model/) and it does not settle them, which is worth stating so nobody pulls it twice. Its Table 1 measures LiBr in THF at 298.15 K over c = 0.01155 to 0.31623 mol dm-3, twenty points, with Lambda falling to a minimum of 0.1795 S cm2 mol-1 at 0.0205 M and then rising to 0.8100 at the top point, i.e. kappa from 0.0023 to 0.2561 mS cm-1 -- still roughly 10x below the 3.0 M this project uses. (An earlier reading gave the range as 0.0071-0.035 M at Lambda = 0.18-0.20: the three salts interleave in the text layer, and that pairs LiCl's concentration column with LiBr's Lambda column, truncated at the eighth row. Separated by x-coordinate on 2026-09-13, the same discipline the CRC viscosity and Chambers-Stokes conductance tables needed.) It confirms the physics that makes this row hard (LiCl, LiBr and LiBF4 form symmetrical triple ions, and the conductivity minimum sits at c_min = 4.9e-3 mol dm-3, so at 3.0 M the solution is ~600x above the minimum and deep in the triple-ion regime where Lambda rises again with concentration). Consequence for this row: the carried 3.0 mS cm-1 at 3.0 M implies Lambda = 1.0 S cm2 mol-1, a five-fold rise over Das's measured value at 0.01 M. Triple-ion formation makes that direction correct, but the magnitude is unverified and no measurement at preparative concentration was located. (iii) Minc & Werblan, Electrochim. Acta 1962, 7, 257-266 (retrieved, in papers for model/) for alkali perchlorates in acetonitrile. (iv) One benchtop conductivity measurement per salt/solvent family calibrates B in Lambda(c) = Lambda0/(1 + B sqrt(c)) and upgrades the whole family to state B at +/-15 pct -- and for the two rows that still carry a §S6 verdict this is the cheapest route to state A by a wide margin.","Dorn, Kareth, Weidner & Petermann, J. Chem. Eng. Data 2024, 69, 1493-1502, Supporting Information (je3c00691_si_001.pdf)","Table SI 85, p. 171 (298.15 K, 101 kPa; 21 measured points with combined uncertainties)","Display-only. Kappa enters no transport quantity: i_lim (Eq. S1) and the NPP / EC-prime solvers use D, C, delta and z only. Kappa appears solely in the voltage/thermal path (cellvoltage.jl; figs make_figK.py, make_fig4B.py, make_figs.py Fig D, make_fig_main.py panel f). This row supports no stated conclusion; it is tabulated for scale. Most of the registered conductivities are in this position.",
6. Electrolyte conductivities,0.3 M LiClO4/MeCN,20.0,mS cm-1,assumption,"stays an assumption, now with a state-B ceiling. Kohlrausch additivity from Gong et al., Energy Environ. Sci. 2015, 8, 3515-3530, Table 2, p. 3518 (Li+ 69.97, ClO4- 103.6, Et4N+ 85.1, PF6- 102.8 S cm2 mol-1; Et4N+ corroborated at 86.34 by Kalugin et al. 2019, Table 3) gives Lambda0 = 173.6 S cm2 mol-1 and hence kappa <= 52.1 mS cm-1. The tabled value is not confirmed: converting a ceiling into a value requires Lambda/Lambda0, and the only route available was to transfer the ratio measured for a different salt (Bu4NBF4). That transfer is an assumption, so it does not upgrade the row and must not be used to overwrite the tabled value. dorn'S supporting information has now been retrieved (2026-08-22), which closes the item that used to head this list and narrows what remains. Je3c00691_si_001.pdf carries the raw isotherms for 41 salts x 4 solvents, 21 measured points each: water, acetonitrile, methanol and ethanol, and nothing else. It supplied the Bu4NBF4/MeCN rows and three aqueous rows directly. it cannot reach: any DMF row (no DMF was measured), any THF row (no THF), or any perchlorate (NaClO4 is not among the 41 salts). Its NaBr in acetonitrile is a dash -- attempted, no fit -- so the two NaBr/MeCN rows are not closable from it either, which is a definitive negative rather than an untried lead. what remains, in order of yield: (i) Barthel & Neueder, Electrolyte Data Collection, dechema Vol. Xii (print-only; still the highest yield per unit effort for the amide family, and the only broad source that covers DMF). (ii) for the THF rows, Das, J. Solution Chem. 2008, 37, 947-955, DOI 10.1007/s10953-008-9288-9, has now been retrieved (papers for model/) and it does not settle them, which is worth stating so nobody pulls it twice. Its Table 1 measures LiBr in THF at 298.15 K over c = 0.01155 to 0.31623 mol dm-3, twenty points, with Lambda falling to a minimum of 0.1795 S cm2 mol-1 at 0.0205 M and then rising to 0.8100 at the top point, i.e. kappa from 0.0023 to 0.2561 mS cm-1 -- still roughly 10x below the 3.0 M this project uses. (An earlier reading gave the range as 0.0071-0.035 M at Lambda = 0.18-0.20: the three salts interleave in the text layer, and that pairs LiCl's concentration column with LiBr's Lambda column, truncated at the eighth row. Separated by x-coordinate on 2026-09-13, the same discipline the CRC viscosity and Chambers-Stokes conductance tables needed.) It confirms the physics that makes this row hard (LiCl, LiBr and LiBF4 form symmetrical triple ions, and the conductivity minimum sits at c_min = 4.9e-3 mol dm-3, so at 3.0 M the solution is ~600x above the minimum and deep in the triple-ion regime where Lambda rises again with concentration). Consequence for this row: the carried 3.0 mS cm-1 at 3.0 M implies Lambda = 1.0 S cm2 mol-1, a five-fold rise over Das's measured value at 0.01 M. Triple-ion formation makes that direction correct, but the magnitude is unverified and no measurement at preparative concentration was located. (iii) Minc & Werblan, Electrochim. Acta 1962, 7, 257-266 (retrieved, in papers for model/) for alkali perchlorates in acetonitrile. (iv) One benchtop conductivity measurement per salt/solvent family calibrates B in Lambda(c) = Lambda0/(1 + B sqrt(c)) and upgrades the whole family to state B at +/-15 pct -- and for the two rows that still carry a §S6 verdict this is the cheapest route to state A by a wide margin.","Gong, Fang, Gu, Li & Yan, Energy Environ. Sci. 2015, 8, 3515-3530 (supports the ceiling, not the value)","Table 2, p. 3518","Display-only. Kappa enters no transport quantity: i_lim (Eq. S1) and the NPP / EC-prime solvers use D, C, delta and z only. Kappa appears solely in the voltage/thermal path (cellvoltage.jl; figs make_figK.py, make_fig4B.py, make_figs.py Fig D, make_fig_main.py panel f). This row supports no stated conclusion; it is tabulated for scale. Most of the registered conductivities are in this position. Hard ceiling kappa <= 52.1 mS cm-1 (state B).","S27, S28"
6. Electrolyte conductivities,0.3 wt% H2SO4/MeOH (BASF),3.0,mS cm-1,assumption,"the patent supports the composition (US 5,507,922 Ex. 1: 0.3 wt pct = ~0.025 M H2SO4 in MeOH), not kappa. The value was estimated from a lambda0(H+/MeOH) = 146 with an unquantified ion-pairing discount, and that lambda0 could not be page-anchored. the low kappa is nevertheless the documented reason BASF runs 0.5-1 mm capillary gaps. dorn'S supporting information has now been retrieved (2026-08-22), which closes the item that used to head this list and narrows what remains. Je3c00691_si_001.pdf carries the raw isotherms for 41 salts x 4 solvents, 21 measured points each: water, acetonitrile, methanol and ethanol, and nothing else. It supplied the Bu4NBF4/MeCN rows and three aqueous rows directly. it cannot reach: any DMF row (no DMF was measured), any THF row (no THF), or any perchlorate (NaClO4 is not among the 41 salts). Its NaBr in acetonitrile is a dash -- attempted, no fit -- so the two NaBr/MeCN rows are not closable from it either, which is a definitive negative rather than an untried lead. what remains, in order of yield: (i) Barthel & Neueder, Electrolyte Data Collection, dechema Vol. Xii (print-only; still the highest yield per unit effort for the amide family, and the only broad source that covers DMF). (ii) for the THF rows, Das, J. Solution Chem. 2008, 37, 947-955, DOI 10.1007/s10953-008-9288-9, has now been retrieved (papers for model/) and it does not settle them, which is worth stating so nobody pulls it twice. Its Table 1 measures LiBr in THF at 298.15 K over c = 0.01155 to 0.31623 mol dm-3, twenty points, with Lambda falling to a minimum of 0.1795 S cm2 mol-1 at 0.0205 M and then rising to 0.8100 at the top point, i.e. kappa from 0.0023 to 0.2561 mS cm-1 -- still roughly 10x below the 3.0 M this project uses. (An earlier reading gave the range as 0.0071-0.035 M at Lambda = 0.18-0.20: the three salts interleave in the text layer, and that pairs LiCl's concentration column with LiBr's Lambda column, truncated at the eighth row. Separated by x-coordinate on 2026-09-13, the same discipline the CRC viscosity and Chambers-Stokes conductance tables needed.) It confirms the physics that makes this row hard (LiCl, LiBr and LiBF4 form symmetrical triple ions, and the conductivity minimum sits at c_min = 4.9e-3 mol dm-3, so at 3.0 M the solution is ~600x above the minimum and deep in the triple-ion regime where Lambda rises again with concentration). Consequence for this row: the carried 3.0 mS cm-1 at 3.0 M implies Lambda = 1.0 S cm2 mol-1, a five-fold rise over Das's measured value at 0.01 M. Triple-ion formation makes that direction correct, but the magnitude is unverified and no measurement at preparative concentration was located. (iii) Minc & Werblan, Electrochim. Acta 1962, 7, 257-266 (retrieved, in papers for model/) for alkali perchlorates in acetonitrile. (iv) One benchtop conductivity measurement per salt/solvent family calibrates B in Lambda(c) = Lambda0/(1 + B sqrt(c)) and upgrades the whole family to state B at +/-15 pct -- and for the two rows that still carry a §S6 verdict this is the cheapest route to state A by a wide margin.","US 5,507,922 (BASF, 1993)",Example 1 -- supports the composition only,"Display-only. Kappa enters no transport quantity: i_lim (Eq. S1) and the NPP / EC-prime solvers use D, C, delta and z only. Kappa appears solely in the voltage/thermal path (cellvoltage.jl; figs make_figK.py, make_fig4B.py, make_figs.py Fig D, make_fig_main.py panel f). This row supports no stated conclusion; it is tabulated for scale. Most of the registered conductivities are in this position.",
6. Electrolyte conductivities,0.48 M Bu4N carboxylate (in situ)/MeCN,15.0,mS cm-1,assumption,"the conducting species is generated in situ and its speciation is not known, so no method can apply. Permanently an assumption. dorn'S supporting information has now been retrieved (2026-08-22), which closes the item that used to head this list and narrows what remains. Je3c00691_si_001.pdf carries the raw isotherms for 41 salts x 4 solvents, 21 measured points each: water, acetonitrile, methanol and ethanol, and nothing else. It supplied the Bu4NBF4/MeCN rows and three aqueous rows directly. it cannot reach: any DMF row (no DMF was measured), any THF row (no THF), or any perchlorate (NaClO4 is not among the 41 salts). Its NaBr in acetonitrile is a dash -- attempted, no fit -- so the two NaBr/MeCN rows are not closable from it either, which is a definitive negative rather than an untried lead. what remains, in order of yield: (i) Barthel & Neueder, Electrolyte Data Collection, dechema Vol. Xii (print-only; still the highest yield per unit effort for the amide family, and the only broad source that covers DMF). (ii) for the THF rows, Das, J. Solution Chem. 2008, 37, 947-955, DOI 10.1007/s10953-008-9288-9, has now been retrieved (papers for model/) and it does not settle them, which is worth stating so nobody pulls it twice. Its Table 1 measures LiBr in THF at 298.15 K over c = 0.01155 to 0.31623 mol dm-3, twenty points, with Lambda falling to a minimum of 0.1795 S cm2 mol-1 at 0.0205 M and then rising to 0.8100 at the top point, i.e. kappa from 0.0023 to 0.2561 mS cm-1 -- still roughly 10x below the 3.0 M this project uses. (An earlier reading gave the range as 0.0071-0.035 M at Lambda = 0.18-0.20: the three salts interleave in the text layer, and that pairs LiCl's concentration column with LiBr's Lambda column, truncated at the eighth row. Separated by x-coordinate on 2026-09-13, the same discipline the CRC viscosity and Chambers-Stokes conductance tables needed.) It confirms the physics that makes this row hard (LiCl, LiBr and LiBF4 form symmetrical triple ions, and the conductivity minimum sits at c_min = 4.9e-3 mol dm-3, so at 3.0 M the solution is ~600x above the minimum and deep in the triple-ion regime where Lambda rises again with concentration). Consequence for this row: the carried 3.0 mS cm-1 at 3.0 M implies Lambda = 1.0 S cm2 mol-1, a five-fold rise over Das's measured value at 0.01 M. Triple-ion formation makes that direction correct, but the magnitude is unverified and no measurement at preparative concentration was located. (iii) Minc & Werblan, Electrochim. Acta 1962, 7, 257-266 (retrieved, in papers for model/) for alkali perchlorates in acetonitrile. (iv) One benchtop conductivity measurement per salt/solvent family calibrates B in Lambda(c) = Lambda0/(1 + B sqrt(c)) and upgrades the whole family to state B at +/-15 pct -- and for the two rows that still carry a §S6 verdict this is the cheapest route to state A by a wide margin.","Declared, no external source: no measured conductivity for this exact salt/solvent/concentration was located, and the row is DISPLAY-ONLY -- kappa enters no transport quantity, so it supports no stated conclusion and is tabulated for completeness. The route attempted for this particular entry, and why it failed, is recorded in the row's method note.",,"Display-only. Kappa enters no transport quantity: i_lim (Eq. S1) and the NPP / EC-prime solvers use D, C, delta and z only. Kappa appears solely in the voltage/thermal path (cellvoltage.jl; figs make_figK.py, make_fig4B.py, make_figs.py Fig D, make_fig_main.py panel f). This row supports no stated conclusion; it is tabulated for scale. Most of the registered conductivities are in this position.",
6. Electrolyte conductivities,0.48 M LiBr/DMA,12.0,mS cm-1,assumption,"no measured conductivity for this exact salt / solvent / concentration was located. The inherited citation was a limiting-conductivity table (Izutsu, 2nd ed.), which cannot supply kappa at 0.03-1 M at any concentration in this registry: for Bu4NBF4/MeCN the Onsager limiting law Lambda = Lambda0 - S sqrt(c), with the verified Lambda0 = 171.1 and S = 358.7 computed from the verified eps and eta, goes negative above 0.228 M, and the Lee-Wheaton / Fuoss-Justice extension reaches only ~0.02 M. The citation did not support the value and has been withdrawn. dorn'S supporting information has now been retrieved (2026-08-22), which closes the item that used to head this list and narrows what remains. Je3c00691_si_001.pdf carries the raw isotherms for 41 salts x 4 solvents, 21 measured points each: water, acetonitrile, methanol and ethanol, and nothing else. It supplied the Bu4NBF4/MeCN rows and three aqueous rows directly. it cannot reach: any DMF row (no DMF was measured), any THF row (no THF), or any perchlorate (NaClO4 is not among the 41 salts). Its NaBr in acetonitrile is a dash -- attempted, no fit -- so the two NaBr/MeCN rows are not closable from it either, which is a definitive negative rather than an untried lead. what remains, in order of yield: (i) Barthel & Neueder, Electrolyte Data Collection, dechema Vol. Xii (print-only; still the highest yield per unit effort for the amide family, and the only broad source that covers DMF). (ii) for the THF rows, Das, J. Solution Chem. 2008, 37, 947-955, DOI 10.1007/s10953-008-9288-9, has now been retrieved (papers for model/) and it does not settle them, which is worth stating so nobody pulls it twice. Its Table 1 measures LiBr in THF at 298.15 K over c = 0.01155 to 0.31623 mol dm-3, twenty points, with Lambda falling to a minimum of 0.1795 S cm2 mol-1 at 0.0205 M and then rising to 0.8100 at the top point, i.e. kappa from 0.0023 to 0.2561 mS cm-1 -- still roughly 10x below the 3.0 M this project uses. (An earlier reading gave the range as 0.0071-0.035 M at Lambda = 0.18-0.20: the three salts interleave in the text layer, and that pairs LiCl's concentration column with LiBr's Lambda column, truncated at the eighth row. Separated by x-coordinate on 2026-09-13, the same discipline the CRC viscosity and Chambers-Stokes conductance tables needed.) It confirms the physics that makes this row hard (LiCl, LiBr and LiBF4 form symmetrical triple ions, and the conductivity minimum sits at c_min = 4.9e-3 mol dm-3, so at 3.0 M the solution is ~600x above the minimum and deep in the triple-ion regime where Lambda rises again with concentration). Consequence for this row: the carried 3.0 mS cm-1 at 3.0 M implies Lambda = 1.0 S cm2 mol-1, a five-fold rise over Das's measured value at 0.01 M. Triple-ion formation makes that direction correct, but the magnitude is unverified and no measurement at preparative concentration was located. (iii) Minc & Werblan, Electrochim. Acta 1962, 7, 257-266 (retrieved, in papers for model/) for alkali perchlorates in acetonitrile. (iv) One benchtop conductivity measurement per salt/solvent family calibrates B in Lambda(c) = Lambda0/(1 + B sqrt(c)) and upgrades the whole family to state B at +/-15 pct -- and for the two rows that still carry a §S6 verdict this is the cheapest route to state A by a wide margin.","Declared, no external source: no measured conductivity for this exact salt/solvent/concentration was located, and the row is DISPLAY-ONLY -- kappa enters no transport quantity, so it supports no stated conclusion and is tabulated for completeness. The route attempted for this particular entry, and why it failed, is recorded in the row's method note.",,"Display-only. Kappa enters no transport quantity: i_lim (Eq. S1) and the NPP / EC-prime solvers use D, C, delta and z only. Kappa appears solely in the voltage/thermal path (cellvoltage.jl; figs make_figK.py, make_fig4B.py, make_figs.py Fig D, make_fig_main.py panel f). This row supports no stated conclusion; it is tabulated for scale. Most of the registered conductivities are in this position.",
6. Electrolyte conductivities,0.5 M borate buffer pH 10 aq,25.0,mS cm-1,assumption,"no measured conductivity for this exact salt / solvent / concentration was located. The inherited citation was a limiting-conductivity table (Izutsu, 2nd ed.), which cannot supply kappa at 0.03-1 M at any concentration in this registry: for Bu4NBF4/MeCN the Onsager limiting law Lambda = Lambda0 - S sqrt(c), with the verified Lambda0 = 171.1 and S = 358.7 computed from the verified eps and eta, goes negative above 0.228 M, and the Lee-Wheaton / Fuoss-Justice extension reaches only ~0.02 M. The citation did not support the value and has been withdrawn. dorn'S supporting information has now been retrieved (2026-08-22), which closes the item that used to head this list and narrows what remains. Je3c00691_si_001.pdf carries the raw isotherms for 41 salts x 4 solvents, 21 measured points each: water, acetonitrile, methanol and ethanol, and nothing else. It supplied the Bu4NBF4/MeCN rows and three aqueous rows directly. it cannot reach: any DMF row (no DMF was measured), any THF row (no THF), or any perchlorate (NaClO4 is not among the 41 salts). Its NaBr in acetonitrile is a dash -- attempted, no fit -- so the two NaBr/MeCN rows are not closable from it either, which is a definitive negative rather than an untried lead. what remains, in order of yield: (i) Barthel & Neueder, Electrolyte Data Collection, dechema Vol. Xii (print-only; still the highest yield per unit effort for the amide family, and the only broad source that covers DMF). (ii) for the THF rows, Das, J. Solution Chem. 2008, 37, 947-955, DOI 10.1007/s10953-008-9288-9, has now been retrieved (papers for model/) and it does not settle them, which is worth stating so nobody pulls it twice. Its Table 1 measures LiBr in THF at 298.15 K over c = 0.01155 to 0.31623 mol dm-3, twenty points, with Lambda falling to a minimum of 0.1795 S cm2 mol-1 at 0.0205 M and then rising to 0.8100 at the top point, i.e. kappa from 0.0023 to 0.2561 mS cm-1 -- still roughly 10x below the 3.0 M this project uses. (An earlier reading gave the range as 0.0071-0.035 M at Lambda = 0.18-0.20: the three salts interleave in the text layer, and that pairs LiCl's concentration column with LiBr's Lambda column, truncated at the eighth row. Separated by x-coordinate on 2026-09-13, the same discipline the CRC viscosity and Chambers-Stokes conductance tables needed.) It confirms the physics that makes this row hard (LiCl, LiBr and LiBF4 form symmetrical triple ions, and the conductivity minimum sits at c_min = 4.9e-3 mol dm-3, so at 3.0 M the solution is ~600x above the minimum and deep in the triple-ion regime where Lambda rises again with concentration). Consequence for this row: the carried 3.0 mS cm-1 at 3.0 M implies Lambda = 1.0 S cm2 mol-1, a five-fold rise over Das's measured value at 0.01 M. Triple-ion formation makes that direction correct, but the magnitude is unverified and no measurement at preparative concentration was located. (iii) Minc & Werblan, Electrochim. Acta 1962, 7, 257-266 (retrieved, in papers for model/) for alkali perchlorates in acetonitrile. (iv) One benchtop conductivity measurement per salt/solvent family calibrates B in Lambda(c) = Lambda0/(1 + B sqrt(c)) and upgrades the whole family to state B at +/-15 pct -- and for the two rows that still carry a §S6 verdict this is the cheapest route to state A by a wide margin.","Declared, no external source: no measured conductivity for this exact salt/solvent/concentration was located, and the row is DISPLAY-ONLY -- kappa enters no transport quantity, so it supports no stated conclusion and is tabulated for completeness. The route attempted for this particular entry, and why it failed, is recorded in the row's method note.",,"Display-only. Kappa enters no transport quantity: i_lim (Eq. S1) and the NPP / EC-prime solvers use D, C, delta and z only. Kappa appears solely in the voltage/thermal path (cellvoltage.jl; figs make_figK.py, make_fig4B.py, make_figs.py Fig D, make_fig_main.py panel f). This row supports no stated conclusion; it is tabulated for scale. Most of the registered conductivities are in this position.",
6. Electrolyte conductivities,1 M Et4NF.4HF/MeCN,60.0,mS cm-1,assumption,"amine-HF fluorination media are highly conducting, but the inherited citation -- 'Fuchigami electrochemical fluorination reports' -- names no paper and is not a citation. dorn'S supporting information has now been retrieved (2026-08-22), which closes the item that used to head this list and narrows what remains. Je3c00691_si_001.pdf carries the raw isotherms for 41 salts x 4 solvents, 21 measured points each: water, acetonitrile, methanol and ethanol, and nothing else. It supplied the Bu4NBF4/MeCN rows and three aqueous rows directly. it cannot reach: any DMF row (no DMF was measured), any THF row (no THF), or any perchlorate (NaClO4 is not among the 41 salts). Its NaBr in acetonitrile is a dash -- attempted, no fit -- so the two NaBr/MeCN rows are not closable from it either, which is a definitive negative rather than an untried lead. what remains, in order of yield: (i) Barthel & Neueder, Electrolyte Data Collection, dechema Vol. Xii (print-only; still the highest yield per unit effort for the amide family, and the only broad source that covers DMF). (ii) for the THF rows, Das, J. Solution Chem. 2008, 37, 947-955, DOI 10.1007/s10953-008-9288-9, has now been retrieved (papers for model/) and it does not settle them, which is worth stating so nobody pulls it twice. Its Table 1 measures LiBr in THF at 298.15 K over c = 0.01155 to 0.31623 mol dm-3, twenty points, with Lambda falling to a minimum of 0.1795 S cm2 mol-1 at 0.0205 M and then rising to 0.8100 at the top point, i.e. kappa from 0.0023 to 0.2561 mS cm-1 -- still roughly 10x below the 3.0 M this project uses. (An earlier reading gave the range as 0.0071-0.035 M at Lambda = 0.18-0.20: the three salts interleave in the text layer, and that pairs LiCl's concentration column with LiBr's Lambda column, truncated at the eighth row. Separated by x-coordinate on 2026-09-13, the same discipline the CRC viscosity and Chambers-Stokes conductance tables needed.) It confirms the physics that makes this row hard (LiCl, LiBr and LiBF4 form symmetrical triple ions, and the conductivity minimum sits at c_min = 4.9e-3 mol dm-3, so at 3.0 M the solution is ~600x above the minimum and deep in the triple-ion regime where Lambda rises again with concentration). Consequence for this row: the carried 3.0 mS cm-1 at 3.0 M implies Lambda = 1.0 S cm2 mol-1, a five-fold rise over Das's measured value at 0.01 M. Triple-ion formation makes that direction correct, but the magnitude is unverified and no measurement at preparative concentration was located. (iii) Minc & Werblan, Electrochim. Acta 1962, 7, 257-266 (retrieved, in papers for model/) for alkali perchlorates in acetonitrile. (iv) One benchtop conductivity measurement per salt/solvent family calibrates B in Lambda(c) = Lambda0/(1 + B sqrt(c)) and upgrades the whole family to state B at +/-15 pct -- and for the two rows that still carry a §S6 verdict this is the cheapest route to state A by a wide margin.","Declared, no external source: no measured conductivity for this exact salt/solvent/concentration was located, and the row is DISPLAY-ONLY -- kappa enters no transport quantity, so it supports no stated conclusion and is tabulated for completeness. The route attempted for this particular entry, and why it failed, is recorded in the row's method note.",,"Display-only. Kappa enters no transport quantity: i_lim (Eq. S1) and the NPP / EC-prime solvers use D, C, delta and z only. Kappa appears solely in the voltage/thermal path (cellvoltage.jl; figs make_figK.py, make_fig4B.py, make_figs.py Fig D, make_fig_main.py panel f). This row supports no stated conclusion; it is tabulated for scale. Most of the registered conductivities are in this position.",
6. Electrolyte conductivities,1 M KCl aq,111.6,mS cm-1,assumption,"no measured conductivity for this exact salt / solvent / concentration was located. The inherited citation was a limiting-conductivity table (Izutsu, 2nd ed.), which cannot supply kappa at 0.03-1 M at any concentration in this registry: for Bu4NBF4/MeCN the Onsager limiting law Lambda = Lambda0 - S sqrt(c), with the verified Lambda0 = 171.1 and S = 358.7 computed from the verified eps and eta, goes negative above 0.228 M, and the Lee-Wheaton / Fuoss-Justice extension reaches only ~0.02 M. The citation did not support the value and has been withdrawn. dorn'S supporting information has now been retrieved (2026-08-22), which closes the item that used to head this list and narrows what remains. Je3c00691_si_001.pdf carries the raw isotherms for 41 salts x 4 solvents, 21 measured points each: water, acetonitrile, methanol and ethanol, and nothing else. It supplied the Bu4NBF4/MeCN rows and three aqueous rows directly. it cannot reach: any DMF row (no DMF was measured), any THF row (no THF), or any perchlorate (NaClO4 is not among the 41 salts). Its NaBr in acetonitrile is a dash -- attempted, no fit -- so the two NaBr/MeCN rows are not closable from it either, which is a definitive negative rather than an untried lead. what remains, in order of yield: (i) Barthel & Neueder, Electrolyte Data Collection, dechema Vol. Xii (print-only; still the highest yield per unit effort for the amide family, and the only broad source that covers DMF). (ii) for the THF rows, Das, J. Solution Chem. 2008, 37, 947-955, DOI 10.1007/s10953-008-9288-9, has now been retrieved (papers for model/) and it does not settle them, which is worth stating so nobody pulls it twice. Its Table 1 measures LiBr in THF at 298.15 K over c = 0.01155 to 0.31623 mol dm-3, twenty points, with Lambda falling to a minimum of 0.1795 S cm2 mol-1 at 0.0205 M and then rising to 0.8100 at the top point, i.e. kappa from 0.0023 to 0.2561 mS cm-1 -- still roughly 10x below the 3.0 M this project uses. (An earlier reading gave the range as 0.0071-0.035 M at Lambda = 0.18-0.20: the three salts interleave in the text layer, and that pairs LiCl's concentration column with LiBr's Lambda column, truncated at the eighth row. Separated by x-coordinate on 2026-09-13, the same discipline the CRC viscosity and Chambers-Stokes conductance tables needed.) It confirms the physics that makes this row hard (LiCl, LiBr and LiBF4 form symmetrical triple ions, and the conductivity minimum sits at c_min = 4.9e-3 mol dm-3, so at 3.0 M the solution is ~600x above the minimum and deep in the triple-ion regime where Lambda rises again with concentration). Consequence for this row: the carried 3.0 mS cm-1 at 3.0 M implies Lambda = 1.0 S cm2 mol-1, a five-fold rise over Das's measured value at 0.01 M. Triple-ion formation makes that direction correct, but the magnitude is unverified and no measurement at preparative concentration was located. (iii) Minc & Werblan, Electrochim. Acta 1962, 7, 257-266 (retrieved, in papers for model/) for alkali perchlorates in acetonitrile. (iv) One benchtop conductivity measurement per salt/solvent family calibrates B in Lambda(c) = Lambda0/(1 + B sqrt(c)) and upgrades the whole family to state B at +/-15 pct -- and for the two rows that still carry a §S6 verdict this is the cheapest route to state A by a wide margin.","Declared, no external source: no measured conductivity for this exact salt/solvent/concentration was located, and the row is DISPLAY-ONLY -- kappa enters no transport quantity, so it supports no stated conclusion and is tabulated for completeness. The route attempted for this particular entry, and why it failed, is recorded in the row's method note.",,"Display-only. Kappa enters no transport quantity: i_lim (Eq. S1) and the NPP / EC-prime solvers use D, C, delta and z only. Kappa appears solely in the voltage/thermal path (cellvoltage.jl; figs make_figK.py, make_fig4B.py, make_figs.py Fig D, make_fig_main.py panel f). This row supports no stated conclusion; it is tabulated for scale. Most of the registered conductivities are in this position.",
6. Electrolyte conductivities,1 M LiClO4/MeNO2,12.0,mS cm-1,assumption,"no measured conductivity for this exact salt / solvent / concentration was located. The inherited citation was a limiting-conductivity table (Izutsu, 2nd ed.), which cannot supply kappa at 0.03-1 M at any concentration in this registry: for Bu4NBF4/MeCN the Onsager limiting law Lambda = Lambda0 - S sqrt(c), with the verified Lambda0 = 171.1 and S = 358.7 computed from the verified eps and eta, goes negative above 0.228 M, and the Lee-Wheaton / Fuoss-Justice extension reaches only ~0.02 M. The citation did not support the value and has been withdrawn. dorn'S supporting information has now been retrieved (2026-08-22), which closes the item that used to head this list and narrows what remains. Je3c00691_si_001.pdf carries the raw isotherms for 41 salts x 4 solvents, 21 measured points each: water, acetonitrile, methanol and ethanol, and nothing else. It supplied the Bu4NBF4/MeCN rows and three aqueous rows directly. it cannot reach: any DMF row (no DMF was measured), any THF row (no THF), or any perchlorate (NaClO4 is not among the 41 salts). Its NaBr in acetonitrile is a dash -- attempted, no fit -- so the two NaBr/MeCN rows are not closable from it either, which is a definitive negative rather than an untried lead. what remains, in order of yield: (i) Barthel & Neueder, Electrolyte Data Collection, dechema Vol. Xii (print-only; still the highest yield per unit effort for the amide family, and the only broad source that covers DMF). (ii) for the THF rows, Das, J. Solution Chem. 2008, 37, 947-955, DOI 10.1007/s10953-008-9288-9, has now been retrieved (papers for model/) and it does not settle them, which is worth stating so nobody pulls it twice. Its Table 1 measures LiBr in THF at 298.15 K over c = 0.01155 to 0.31623 mol dm-3, twenty points, with Lambda falling to a minimum of 0.1795 S cm2 mol-1 at 0.0205 M and then rising to 0.8100 at the top point, i.e. kappa from 0.0023 to 0.2561 mS cm-1 -- still roughly 10x below the 3.0 M this project uses. (An earlier reading gave the range as 0.0071-0.035 M at Lambda = 0.18-0.20: the three salts interleave in the text layer, and that pairs LiCl's concentration column with LiBr's Lambda column, truncated at the eighth row. Separated by x-coordinate on 2026-09-13, the same discipline the CRC viscosity and Chambers-Stokes conductance tables needed.) It confirms the physics that makes this row hard (LiCl, LiBr and LiBF4 form symmetrical triple ions, and the conductivity minimum sits at c_min = 4.9e-3 mol dm-3, so at 3.0 M the solution is ~600x above the minimum and deep in the triple-ion regime where Lambda rises again with concentration). Consequence for this row: the carried 3.0 mS cm-1 at 3.0 M implies Lambda = 1.0 S cm2 mol-1, a five-fold rise over Das's measured value at 0.01 M. Triple-ion formation makes that direction correct, but the magnitude is unverified and no measurement at preparative concentration was located. (iii) Minc & Werblan, Electrochim. Acta 1962, 7, 257-266 (retrieved, in papers for model/) for alkali perchlorates in acetonitrile. (iv) One benchtop conductivity measurement per salt/solvent family calibrates B in Lambda(c) = Lambda0/(1 + B sqrt(c)) and upgrades the whole family to state B at +/-15 pct -- and for the two rows that still carry a §S6 verdict this is the cheapest route to state A by a wide margin.","Declared, no external source: no measured conductivity for this exact salt/solvent/concentration was located, and the row is DISPLAY-ONLY -- kappa enters no transport quantity, so it supports no stated conclusion and is tabulated for completeness. The route attempted for this particular entry, and why it failed, is recorded in the row's method note.",,"Display-only. Kappa enters no transport quantity: i_lim (Eq. S1) and the NPP / EC-prime solvers use D, C, delta and z only. Kappa appears solely in the voltage/thermal path (cellvoltage.jl; figs make_figK.py, make_fig4B.py, make_figs.py Fig D, make_fig_main.py panel f). This row supports no stated conclusion; it is tabulated for scale. Most of the registered conductivities are in this position.",
6. Electrolyte conductivities,1 M Na2CO3 aq,80.0,mS cm-1,derived,"derived by the CRC p. 5-71 route (see the 1 M NaOH aq row). CRC p. 5-71 Na2CO3 row (20 C) read at the mass per cent that CRC 'Concentrative Properties' assigns to 1.000 M -> 72.4-72.9 at 20 C; alpha = 1.8-2.2 pct/K (asti/Ricca declared 2 pct/K +/- 0.2, as for KHCO3) -> 79-81 at 25 C. The registry's inherited 70 was 12 pct low.","CRC Handbook of Chemistry and Physics, Section 5","'Electrical Conductivity of Aqueous Solutions', p. 5-71 (Na2CO3 row, 20 C) with 'Concentrative Properties of Aqueous Solutions', Na2CO3 block","Display-only. Kappa enters no transport quantity: i_lim (Eq. S1) and the NPP / EC-prime solvers use D, C, delta and z only. Kappa appears solely in the voltage/thermal path (cellvoltage.jl; figs make_figK.py, make_fig4B.py, make_figs.py Fig D, make_fig_main.py panel f). This row supports no stated conclusion; it is tabulated for scale. Most of the registered conductivities are in this position.",
6. Electrolyte conductivities,1 M NaOH aq,174.5,mS cm-1,measured,"derived, not measured -- reclassified 2026-08-23. Dorn's supporting information, Table SI 16, p. 61 (sodium hydroxide in water at 298.15 K, 101 kPa, 21 measured points) is the source, but 1 M is not one of its measured points: at m = 0.9984 mol kg-1 -- the molality CRC's 'Concentrative Properties' assigns to 1.000 M, 3.840 mass pct -- the value is linearly interpolated between (0.6111, 112.49) and (1.2560, 215.78) mol kg-1 / mS cm-1, giving 174.5. A chord is not a measurement, and this one spans 0.645 molal through a visibly concave region. Dorn's own Casteel-Amis fit for NaOH/H2O (m_max 4.55648, kappa_max 403.97, a 1.19618, b -0.00547) gives 179.23 at the same molality -- and data/casteel_amis.py reproduces Dorn's printed kappa_calc column to <0.1 pct, so the fit is trustworthy here. The chord is therefore 2.6 pct below the source's own best estimate, while the superseded CRC route (178.0) sits 0.7 pct below it -- i.e. the value this row replaced was the closer of the two. Author decision outstanding: casteel_amis.py's own rule is that the fit is used where the bracket is too wide for honest interpolation, which is exactly this case, so 179.23 is arguably the value to carry. it moves no verdict: at 179.23 the Fig. 5 aqueous ceilings run 285.9 / 302.6 / 486.2 / 841.0 / 148.9 against 282.5 / 298.9 / 481.1 / 838.4 / 148.8, margins 5.72 / 6.05 / 4.86 / 1.68 / 0.15 against 5.65 / 5.98 / 4.81 / 1.68 / 0.15 -- the same four passes and the same zero-gap failure. The 174.5 is retained pending that decision. the CRC derivation it replaces is retained as the cross-check and it was good: the p. 5-71 route (20 C table plus a temperature correction) gave 178.0, i.e. +2.0 pct against the measurement. That is the strongest available evidence that the same route is sound for the carbonate rows, which have no measured 25 C overlap table of their own. This row also matters because it is the aqueous reference of §S6: the figure's aqueous entry is now measured rather than derived.. dorn'S supporting information has now been retrieved (2026-08-22), which closes the item that used to head this list and narrows what remains. Je3c00691_si_001.pdf carries the raw isotherms for 41 salts x 4 solvents, 21 measured points each: water, acetonitrile, methanol and ethanol, and nothing else. It supplied the Bu4NBF4/MeCN rows and three aqueous rows directly. it cannot reach: any DMF row (no DMF was measured), any THF row (no THF), or any perchlorate (NaClO4 is not among the 41 salts). Its NaBr in acetonitrile is a dash -- attempted, no fit -- so the two NaBr/MeCN rows are not closable from it either, which is a definitive negative rather than an untried lead. what remains, in order of yield: (i) Barthel & Neueder, Electrolyte Data Collection, dechema Vol. Xii (print-only; still the highest yield per unit effort for the amide family, and the only broad source that covers DMF). (ii) for the THF rows, Das, J. Solution Chem. 2008, 37, 947-955, DOI 10.1007/s10953-008-9288-9, has now been retrieved (papers for model/) and it does not settle them, which is worth stating so nobody pulls it twice. Its Table 1 measures LiBr in THF at 298.15 K over c = 0.01155 to 0.31623 mol dm-3, twenty points, with Lambda falling to a minimum of 0.1795 S cm2 mol-1 at 0.0205 M and then rising to 0.8100 at the top point, i.e. kappa from 0.0023 to 0.2561 mS cm-1 -- still roughly 10x below the 3.0 M this project uses. (An earlier reading gave the range as 0.0071-0.035 M at Lambda = 0.18-0.20: the three salts interleave in the text layer, and that pairs LiCl's concentration column with LiBr's Lambda column, truncated at the eighth row. Separated by x-coordinate on 2026-09-13, the same discipline the CRC viscosity and Chambers-Stokes conductance tables needed.) It confirms the physics that makes this row hard (LiCl, LiBr and LiBF4 form symmetrical triple ions, and the conductivity minimum sits at c_min = 4.9e-3 mol dm-3, so at 3.0 M the solution is ~600x above the minimum and deep in the triple-ion regime where Lambda rises again with concentration). Consequence for this row: the carried 3.0 mS cm-1 at 3.0 M implies Lambda = 1.0 S cm2 mol-1, a five-fold rise over Das's measured value at 0.01 M. Triple-ion formation makes that direction correct, but the magnitude is unverified and no measurement at preparative concentration was located. (iii) Minc & Werblan, Electrochim. Acta 1962, 7, 257-266 (retrieved, in papers for model/) for alkali perchlorates in acetonitrile. (iv) One benchtop conductivity measurement per salt/solvent family calibrates B in Lambda(c) = Lambda0/(1 + B sqrt(c)) and upgrades the whole family to state B at +/-15 pct -- and for the two rows that still carry a §S6 verdict this is the cheapest route to state A by a wide margin.","Dorn, Kareth, Weidner & Petermann, J. Chem. Eng. Data 2024, 69, 1493-1502, Supporting Information (je3c00691_si_001.pdf); cross-checked against CRC Handbook of Chemistry and Physics, 97th ed., 'Electrical Conductivity of Aqueous Solutions', p. 5-71","Table SI 16, p. 61 (298.15 K, 101 kPa); CRC p. 5-71 NaOH row (20 C) with 'Concentrative Properties of Aqueous Solutions' (1.000 M = 3.840 mass pct)","carries A FIG. K verdict -- this row is the figure's aqueous reference and enters a reported result. The -2.0 pct move from the derived 178.0 to the measured 174.5 lowers the unstirred-beaker boil-off ceiling from 285.05 to 282.50 mA cm-2, i.e. the margin against that cell's own transport ceiling of 8.2 mA cm-2 goes from 34.8x to 34.5x. The aqueous reference clears every preparative architecture either way, so no verdict moves. Recomputed from the thermal model, which asserts this value against the electrolyte table before rendering.",
6. Electrolyte conductivities,1 M carbonate buffer pH 8.5 aq,60.0,mS cm-1,assumption,"no measured conductivity for this exact salt / solvent / concentration was located. The inherited citation was a limiting-conductivity table (Izutsu, 2nd ed.), which cannot supply kappa at 0.03-1 M at any concentration in this registry: for Bu4NBF4/MeCN the Onsager limiting law Lambda = Lambda0 - S sqrt(c), with the verified Lambda0 = 171.1 and S = 358.7 computed from the verified eps and eta, goes negative above 0.228 M, and the Lee-Wheaton / Fuoss-Justice extension reaches only ~0.02 M. The citation did not support the value and has been withdrawn. dorn'S supporting information has now been retrieved (2026-08-22), which closes the item that used to head this list and narrows what remains. Je3c00691_si_001.pdf carries the raw isotherms for 41 salts x 4 solvents, 21 measured points each: water, acetonitrile, methanol and ethanol, and nothing else. It supplied the Bu4NBF4/MeCN rows and three aqueous rows directly. it cannot reach: any DMF row (no DMF was measured), any THF row (no THF), or any perchlorate (NaClO4 is not among the 41 salts). Its NaBr in acetonitrile is a dash -- attempted, no fit -- so the two NaBr/MeCN rows are not closable from it either, which is a definitive negative rather than an untried lead. what remains, in order of yield: (i) Barthel & Neueder, Electrolyte Data Collection, dechema Vol. Xii (print-only; still the highest yield per unit effort for the amide family, and the only broad source that covers DMF). (ii) for the THF rows, Das, J. Solution Chem. 2008, 37, 947-955, DOI 10.1007/s10953-008-9288-9, has now been retrieved (papers for model/) and it does not settle them, which is worth stating so nobody pulls it twice. Its Table 1 measures LiBr in THF at 298.15 K over c = 0.01155 to 0.31623 mol dm-3, twenty points, with Lambda falling to a minimum of 0.1795 S cm2 mol-1 at 0.0205 M and then rising to 0.8100 at the top point, i.e. kappa from 0.0023 to 0.2561 mS cm-1 -- still roughly 10x below the 3.0 M this project uses. (An earlier reading gave the range as 0.0071-0.035 M at Lambda = 0.18-0.20: the three salts interleave in the text layer, and that pairs LiCl's concentration column with LiBr's Lambda column, truncated at the eighth row. Separated by x-coordinate on 2026-09-13, the same discipline the CRC viscosity and Chambers-Stokes conductance tables needed.) It confirms the physics that makes this row hard (LiCl, LiBr and LiBF4 form symmetrical triple ions, and the conductivity minimum sits at c_min = 4.9e-3 mol dm-3, so at 3.0 M the solution is ~600x above the minimum and deep in the triple-ion regime where Lambda rises again with concentration). Consequence for this row: the carried 3.0 mS cm-1 at 3.0 M implies Lambda = 1.0 S cm2 mol-1, a five-fold rise over Das's measured value at 0.01 M. Triple-ion formation makes that direction correct, but the magnitude is unverified and no measurement at preparative concentration was located. (iii) Minc & Werblan, Electrochim. Acta 1962, 7, 257-266 (retrieved, in papers for model/) for alkali perchlorates in acetonitrile. (iv) One benchtop conductivity measurement per salt/solvent family calibrates B in Lambda(c) = Lambda0/(1 + B sqrt(c)) and upgrades the whole family to state B at +/-15 pct -- and for the two rows that still carry a §S6 verdict this is the cheapest route to state A by a wide margin.","Declared, no external source: no measured conductivity for this exact salt/solvent/concentration was located, and the row is DISPLAY-ONLY -- kappa enters no transport quantity, so it supports no stated conclusion and is tabulated for completeness. The route attempted for this particular entry, and why it failed, is recorded in the row's method note.",,"Display-only. Kappa enters no transport quantity: i_lim (Eq. S1) and the NPP / EC-prime solvers use D, C, delta and z only. Kappa appears solely in the voltage/thermal path (cellvoltage.jl; figs make_figK.py, make_fig4B.py, make_figs.py Fig D, make_fig_main.py panel f). This row supports no stated conclusion; it is tabulated for scale. Most of the registered conductivities are in this position.",
6. Electrolyte conductivities,2 M H2SO4 aq,700.0,mS cm-1,assumption,"stays an assumption. CRC p. 5-71 cannot support this row even though it supports the other four aqueous ones: its H2SO4 entry stops at 5 mass pct (0.5 pct = 24.3, 1 pct = 47.8, 2 pct = 92, 5 pct = 211 mS cm-1) and 2 M is 17.496 mass pct -- a factor-3.5 extrapolation that returns 487 (quadratic) against 707 (linear), i.e. nonsense. The Foxboro 1999 25 C column does reach it and gives 638-651 mS cm-1 at 17.50 mass pct, but that is a vendor table with no primary attribution and therefore reaches neither state A nor state B. Note further that alpha for H2SO4 spans 0.29 pct/K (at 1 mass pct) to 2.46 pct/K (at 5 mass pct) between the CRC 20 C and Foxboro 25 C tables -- a factor-8 spread proving the two lineages disagree by several per cent independent of temperature, so no temperature-corrected derivation is available for this solute at all. Page-anchoring would require Darling, J. Chem. Eng. Data 1964, 9, 421-426, DOI 10.1021/je60022a041 (kappa tabulated 0.5-99 wt pct, 0-240 F); read the ~17.5 wt pct / 25 C cell. Corroborating and actually read in this pass: Al-Salih & Abu-Lebdeh, Sci. Rep. 2024, 14, 7894, Table 1 quotes kappa_max = 836 mS cm-1 at x = 0.08 from Darling, so 700 at 2 M sits plausibly below the maximum but is not verified equal to any tabulated entry. dorn'S supporting information has now been retrieved (2026-08-22), which closes the item that used to head this list and narrows what remains. Je3c00691_si_001.pdf carries the raw isotherms for 41 salts x 4 solvents, 21 measured points each: water, acetonitrile, methanol and ethanol, and nothing else. It supplied the Bu4NBF4/MeCN rows and three aqueous rows directly. it cannot reach: any DMF row (no DMF was measured), any THF row (no THF), or any perchlorate (NaClO4 is not among the 41 salts). Its NaBr in acetonitrile is a dash -- attempted, no fit -- so the two NaBr/MeCN rows are not closable from it either, which is a definitive negative rather than an untried lead. what remains, in order of yield: (i) Barthel & Neueder, Electrolyte Data Collection, dechema Vol. Xii (print-only; still the highest yield per unit effort for the amide family, and the only broad source that covers DMF). (ii) for the THF rows, Das, J. Solution Chem. 2008, 37, 947-955, DOI 10.1007/s10953-008-9288-9, has now been retrieved (papers for model/) and it does not settle them, which is worth stating so nobody pulls it twice. Its Table 1 measures LiBr in THF at 298.15 K over c = 0.01155 to 0.31623 mol dm-3, twenty points, with Lambda falling to a minimum of 0.1795 S cm2 mol-1 at 0.0205 M and then rising to 0.8100 at the top point, i.e. kappa from 0.0023 to 0.2561 mS cm-1 -- still roughly 10x below the 3.0 M this project uses. (An earlier reading gave the range as 0.0071-0.035 M at Lambda = 0.18-0.20: the three salts interleave in the text layer, and that pairs LiCl's concentration column with LiBr's Lambda column, truncated at the eighth row. Separated by x-coordinate on 2026-09-13, the same discipline the CRC viscosity and Chambers-Stokes conductance tables needed.) It confirms the physics that makes this row hard (LiCl, LiBr and LiBF4 form symmetrical triple ions, and the conductivity minimum sits at c_min = 4.9e-3 mol dm-3, so at 3.0 M the solution is ~600x above the minimum and deep in the triple-ion regime where Lambda rises again with concentration). Consequence for this row: the carried 3.0 mS cm-1 at 3.0 M implies Lambda = 1.0 S cm2 mol-1, a five-fold rise over Das's measured value at 0.01 M. Triple-ion formation makes that direction correct, but the magnitude is unverified and no measurement at preparative concentration was located. (iii) Minc & Werblan, Electrochim. Acta 1962, 7, 257-266 (retrieved, in papers for model/) for alkali perchlorates in acetonitrile. (iv) One benchtop conductivity measurement per salt/solvent family calibrates B in Lambda(c) = Lambda0/(1 + B sqrt(c)) and upgrades the whole family to state B at +/-15 pct -- and for the two rows that still carry a §S6 verdict this is the cheapest route to state A by a wide margin.",-- (no source reaching state A or B supports this value; Foxboro Conductivity Ordering Guide 1999 is a vendor table and is quoted only as a bound),,"Display-only. Kappa enters no transport quantity: i_lim (Eq. S1) and the NPP / EC-prime solvers use D, C, delta and z only. Kappa appears solely in the voltage/thermal path (cellvoltage.jl; figs make_figK.py, make_fig4B.py, make_figs.py Fig D, make_fig_main.py panel f). This row supports no stated conclusion; it is tabulated for scale. Most of the registered conductivities are in this position. Declared bound 620-720 mS cm-1 (+/- 8 pct); the tabled 700 sits at the top of it.",
6. Electrolyte conductivities,3.0 M LiBr/THF,3.0,mS cm-1,assumption,"reclassified. this row was labelled measured-lit, but the cited source supports the concentration, not the conductivity: Peters et al. Give LiBr 1.0 mol / 320 mL THF = 3.0 M stock. The value 3.0 mS cm-1 came from the row's own note -- 'heavily ion-paired ether medium, kappa order-of-mS/cm' -- which is an assumption. It cannot be derived either: THF has eps = 7.6, so the Bjerrum critical distance q = e^2/(8 pi eps0 eps kB T) = 3.7 nm at 25 C, an order of magnitude beyond contact distance, and ionic association is essentially complete. dorn'S supporting information has now been retrieved (2026-08-22), which closes the item that used to head this list and narrows what remains. Je3c00691_si_001.pdf carries the raw isotherms for 41 salts x 4 solvents, 21 measured points each: water, acetonitrile, methanol and ethanol, and nothing else. It supplied the Bu4NBF4/MeCN rows and three aqueous rows directly. it cannot reach: any DMF row (no DMF was measured), any THF row (no THF), or any perchlorate (NaClO4 is not among the 41 salts). Its NaBr in acetonitrile is a dash -- attempted, no fit -- so the two NaBr/MeCN rows are not closable from it either, which is a definitive negative rather than an untried lead. what remains, in order of yield: (i) Barthel & Neueder, Electrolyte Data Collection, dechema Vol. Xii (print-only; still the highest yield per unit effort for the amide family, and the only broad source that covers DMF). (ii) for the THF rows, Das, J. Solution Chem. 2008, 37, 947-955, DOI 10.1007/s10953-008-9288-9, has now been retrieved (papers for model/) and it does not settle them, which is worth stating so nobody pulls it twice. Its Table 1 measures LiBr in THF at 298.15 K over c = 0.01155 to 0.31623 mol dm-3, twenty points, with Lambda falling to a minimum of 0.1795 S cm2 mol-1 at 0.0205 M and then rising to 0.8100 at the top point, i.e. kappa from 0.0023 to 0.2561 mS cm-1 -- still roughly 10x below the 3.0 M this project uses. (An earlier reading gave the range as 0.0071-0.035 M at Lambda = 0.18-0.20: the three salts interleave in the text layer, and that pairs LiCl's concentration column with LiBr's Lambda column, truncated at the eighth row. Separated by x-coordinate on 2026-09-13, the same discipline the CRC viscosity and Chambers-Stokes conductance tables needed.) It confirms the physics that makes this row hard (LiCl, LiBr and LiBF4 form symmetrical triple ions, and the conductivity minimum sits at c_min = 4.9e-3 mol dm-3, so at 3.0 M the solution is ~600x above the minimum and deep in the triple-ion regime where Lambda rises again with concentration). Consequence for this row: the carried 3.0 mS cm-1 at 3.0 M implies Lambda = 1.0 S cm2 mol-1, a five-fold rise over Das's measured value at 0.01 M. Triple-ion formation makes that direction correct, but the magnitude is unverified and no measurement at preparative concentration was located. (iii) Minc & Werblan, Electrochim. Acta 1962, 7, 257-266 (retrieved, in papers for model/) for alkali perchlorates in acetonitrile. (iv) One benchtop conductivity measurement per salt/solvent family calibrates B in Lambda(c) = Lambda0/(1 + B sqrt(c)) and upgrades the whole family to state B at +/-15 pct -- and for the two rows that still carry a §S6 verdict this is the cheapest route to state A by a wide margin.","Peters et al., Science 2019 (Supplementary Materials)",SM pp. S15 and S21 -- supports the 3.0 M concentration only,"Carries a conclusion, and its support is weaker than the value alone suggests. Das, J. Solution Chem. 2008, 37, 947-955 (retrieved) measures LiBr in THF at 298.15 K over c = 0.0116 to 0.3162 mol dm-3 -- ten times closer to the working 3.0 M than anything this is available -- and the picture it gives is not reassuring. (1) A hard measured floor: kappa(0.3162 M) = 0.256 mS cm-1 (Table 1). Since kappa rises with c up to the conductivity maximum, kappa(3.0 M) >= 0.256, which independently corroborates the 0.206 floor derived from Lee's cell resistance -- two unrelated routes, 24 pct apart, in the right order. (2) the carried 3.0 implies A flattening that is not measured. over the measured triple-ion branch (0.05-0.32 M) the data scale as kappa ~ c^1.75. Getting from the highest measured point to 3.0 mS cm-1 at 3.0 M requires kappa ~ c^1.09 over the remaining 9.5-fold rise in concentration. Such flattening is physically expected -- it is the approach to the conductivity maximum as viscosity takes over -- but where that turnover sits has never been measured for LiBr in THF, and the carried value assumes it happens early. (3) the measured scaling cannot simply continue, and A stoichiometric calculation shows why. Continuing kappa ~ c^1.75 to 3.0 M would give 13.1 mS cm-1, four times the carried value, so the extrapolation had to be tested, not waved away. It fails on solvent availability. Peters' own recipe is 1.0 mol LiBr in 320 mL THF; at rho = 0.8833 g cm-3 and M = 72.106 that is 3.92 mol THF per mole of LiBr. Li+ in an ether is four-coordinate, so the solvation shell of the cation alone requires 4.0 -- there is a 2 pct deficit, and nothing at all is left for Br- or for bulk. The conclusion is not sensitive to the exact coordination number: at n = 3 only 23 pct of the THF is free, at n = 4 none is, at n = 5 there is a 28 pct shortfall. By contrast Das's highest measured point, 0.3162 M, has 39 mol THF per mole of LiBr -- ten times the solvation requirement, with abundant bulk solvent for triple ions to move through. the two concentrations are not the same kind of liquid. The c^1.75 branch is the behaviour of ions migrating through bulk THF; at 3.0 M that bulk does not exist, the system is a solvate rather than a solution, and kappa must have passed its maximum before that point. independent support, same solvent and nearly the same concentration: Cai et al., J. Am. Chem. Soc. 2023, 145, 25716-25725 run 2 M LiBF4 in THF and report from MD that in cyclic ethers Li+ is only partially solvated and the ions form contact ion pairs and aggregates, whereas linear ethers keep Li+ fully solvated and the ions dispersed -- exactly the solvation-starved picture the stoichiometry predicts. BOTH PAPERS AND BOTH SUPPORTING INFORMATIONS WERE RETRIEVED AND READ ON 2026-08-31, and the earlier note that their numeric conductivities were merely unretrieved is now settled the other way: neither reports an extractable number. Cai's conductivity figure (Fig. 2) turns out to plot MD-derived Li+ migration rates, radial distribution functions and coordination numbers, not measured conductivities; its only measured electrochemistry is the EIS profiles of SI Figs. S2-S3, which are Nyquist plots with no tabulated resistance or cell constant, and the whole SI text layer contains the word conductivity exactly once, in the methods. Fu reports the ranking LiTFSI > LiPF6 > LiBOB > LiClO4 > LiBF4 in the body and puts the values in Fig. S4, whose caption carries no text layer at all. So both remain corroboration of the REGIME and neither can be promoted to a value -- which is now a checked statement rather than an open action. Reading either figure by eye off the raster was rejected: a plotted axis is not a source. what this settles and what it does not. It excludes the 13.1 extrapolation, which is why that number is not carried, and it places 3.0 M on the far side of the conductivity maximum where the carried value's implied flattening is the physically correct behaviour. It does not locate the maximum, so it does not put a number on kappa(3.0 M) and does not restore an upper bound. what this does to the band: the old 0.2-6.6 was built before any of this data existed -- its floor from Lee's cell resistance and its top from an ohmic-differencing argument. The floor is 0.256, measured. the top cannot be defended at 6.6: nothing located excludes values above it, and the only extrapolation anchored in measurement points higher. The band is therefore reported as 0.26 mS cm-1 to not established above; the two rotating-electrode THF verdicts reverse only above 49.5 mS cm-1 (the rotating disc), which every measured-data continuation below stays under. The arithmetic behind the floor: Carries a conclusion. Band 0.2-6.6 mS cm-1 at a value of 3.0. The lower end is a state-B hard floor: total cell resistance <= V/I = 3.2 V / 0.520 A = 6.154 ohm in a coaxial annulus with R_i 9.5 mm, R_o 11.0 mm and L = 18.43 cm derived from the stated 17.8 mL annulus volume, giving kappa >= 1.266e-3 / 6.154 = 0.206 mS cm-1 [Lee et al., Org. Process Res. Dev. 2022, 26, 2674-2684, main text Results & Discussion, SI Fig. S3 p. S6 and CFD block p. S22]. The upper end is not 8.8 and not the 3.29 that ohmic differencing first returned: that construction assumes equal non-ohmic overpotential across LiBr concentrations, which is refuted for Al anodes in THF by Zhang, Guan, Wang, Lin & See, Chem. Sci. 2023, 14, 13108-13118 (Br- concentration is precisely what relieves Al2O3 passivation, so Lee's voltage differences are partly anodic, not ohmic), and it rests on dV = 0.2 V between two two-significant-figure voltages, so dV = 0.10 V -- admitted by rounding alone -- raises it to 6.58. do not adopt 1.5 mS cm-1 as a derived point value: it fails state B (its point value is set by an assumed kappa(1.5 M) with no source, its own bracket spans 1.24-2.48), and it would state a ceiling ~30 pct below the model's own best estimate in the manuscript'S favour. what the band buys, judged against each architecture's OWN transport ceiling rather than a declared design current: at 0.206 mS cm-1 the ceilings are 6.9/7.3/7.4/155.1/7.4/6.7/26.3 mA cm-2 against transport ceilings of 8.2/9.3/16.8/110.7/108.5/121.7/1000.0, so 1 of the 7 architectures clear; at 3.000 mS cm-1 the ceilings are 26.3/27.7/27.9/394.6/27.9/25.3/65.6 mA cm-2 against transport ceilings of 8.2/9.3/16.8/110.7/108.5/121.7/1000.0, so 4 of the 7 architectures clear; at 6.580 mS cm-1 the ceilings are 38.7/40.8/41.0/461.7/41.0/37.3/75.9 mA cm-2 against transport ceilings of 8.2/9.3/16.8/110.7/108.5/121.7/1000.0, so 4 of the 7 architectures clear. So the band does not decide the verdicts this section reports -- the thin-gap chip clears throughout and both rotating cells and the stack fail throughout, and what the band alone decides is the three centimetre-gap cells, which pass at the carried value and above and fail only at the state-B floor, where the ceiling has fallen to the transport ceiling itself. One live sentence is tighter than any architecture verdict: the zero-gap 'beyond passive and forced-air rejection' claim flips at only 1.297x (U'_req crosses the 0.08 W cm-2 K-1 forced-air ceiling at kappa = 3.89 mS cm-1; U' = 0.0986 at 3.0, 0.0544 at 6.58, 1.2013 at the floor), so it does not survive the top of the band and is quoted with that margin where it appears. Recomputed from the thermal model at kappa = 3.0 mS cm-1 and T_b = 66 C, and judged against each architecture's OWN median transport ceiling rather than a declared design current, THF does NOT boil in either batch cell, in the recirculating cell or in the microfluidic chip: those four verdicts would reverse only at 0.03-0.36x the carried conductivity, far below it, because transport binds before heat does in a cell that reaches only 8-17 mA cm-2. Where THF does fall short the multipliers are 16.5x (rotating disc) and 25.7x (rotating cylinder), with the zero-gap stack unreachable on kappa at all (at 1000 mA cm-2 its activation term alone puts out 0.71 W cm-2 against 0.043 W cm-2 of passive rejection, so no conductivity saves it). The binding verdict is the rotating disc at 16.5x, against a band whose top is 2.19x the carried value, so every THF verdict in this section is band-proof. A SECOND AND TIGHTER TEST, because the band is not the only thing a reader can do with the measured data. Das's twenty points rise as kappa ~ c^n over the top decade, with n = 1.75 fitting from 0.05 M, 1.94 from 0.10 M and 2.20 from 0.15 M; continued to 3.0 M those give 10.9, 18.3 and 35.6 mS cm-1. The rotating-disc verdict reverses at 49.5 mS cm-1 and the rotating-cylinder verdict at 77.1, so both survive every one of those continuations, the disc clearing the steepest of them by 39 pct. None of those continuations is itself sound: each crosses a conductivity maximum the measured range never reaches, and at 3.0 M there are 4.08 THF per Li+, so on four-coordinate lithium essentially the whole solvent is bound and the dilute triple-ion law has no free solvent left to work with. The carried 3.0 mS cm-1 corresponds to n = 1.39 from Das's 0.1 M point, i.e. it already assumes the roll-off rather than extrapolating through it. A SECOND SAME-SOLVENT ANCHOR, state A: Zhang, Gu, Wang, Ware, Lu, Lin, Qi and See, JACS Au 2023, 3, 2280-2290, Table 1 measures 0.1 M LiClO4 in THF at 62.6 uS cm-1 (22.0 +/- 1.0 C), against Das's LiBr at the same 0.1 M and 25 C of 26.8 uS cm-1 -- same solvent, same cation, different anion, a factor of 2.3 apart, which is the agreement this pair should show.",
6. Electrolyte conductivities,5 wt% AcOH/MeOH-H2O,10.0,mS cm-1,assumption,"mixed-solvent composition: no limiting-conductivity table exists for it, and preferential solvation makes transfer from either pure component invalid. Permanently an assumption. dorn'S supporting information has now been retrieved (2026-08-22), which closes the item that used to head this list and narrows what remains. Je3c00691_si_001.pdf carries the raw isotherms for 41 salts x 4 solvents, 21 measured points each: water, acetonitrile, methanol and ethanol, and nothing else. It supplied the Bu4NBF4/MeCN rows and three aqueous rows directly. it cannot reach: any DMF row (no DMF was measured), any THF row (no THF), or any perchlorate (NaClO4 is not among the 41 salts). Its NaBr in acetonitrile is a dash -- attempted, no fit -- so the two NaBr/MeCN rows are not closable from it either, which is a definitive negative rather than an untried lead. what remains, in order of yield: (i) Barthel & Neueder, Electrolyte Data Collection, dechema Vol. Xii (print-only; still the highest yield per unit effort for the amide family, and the only broad source that covers DMF). (ii) for the THF rows, Das, J. Solution Chem. 2008, 37, 947-955, DOI 10.1007/s10953-008-9288-9, has now been retrieved (papers for model/) and it does not settle them, which is worth stating so nobody pulls it twice. Its Table 1 measures LiBr in THF at 298.15 K over c = 0.01155 to 0.31623 mol dm-3, twenty points, with Lambda falling to a minimum of 0.1795 S cm2 mol-1 at 0.0205 M and then rising to 0.8100 at the top point, i.e. kappa from 0.0023 to 0.2561 mS cm-1 -- still roughly 10x below the 3.0 M this project uses. (An earlier reading gave the range as 0.0071-0.035 M at Lambda = 0.18-0.20: the three salts interleave in the text layer, and that pairs LiCl's concentration column with LiBr's Lambda column, truncated at the eighth row. Separated by x-coordinate on 2026-09-13, the same discipline the CRC viscosity and Chambers-Stokes conductance tables needed.) It confirms the physics that makes this row hard (LiCl, LiBr and LiBF4 form symmetrical triple ions, and the conductivity minimum sits at c_min = 4.9e-3 mol dm-3, so at 3.0 M the solution is ~600x above the minimum and deep in the triple-ion regime where Lambda rises again with concentration). Consequence for this row: the carried 3.0 mS cm-1 at 3.0 M implies Lambda = 1.0 S cm2 mol-1, a five-fold rise over Das's measured value at 0.01 M. Triple-ion formation makes that direction correct, but the magnitude is unverified and no measurement at preparative concentration was located. (iii) Minc & Werblan, Electrochim. Acta 1962, 7, 257-266 (retrieved, in papers for model/) for alkali perchlorates in acetonitrile. (iv) One benchtop conductivity measurement per salt/solvent family calibrates B in Lambda(c) = Lambda0/(1 + B sqrt(c)) and upgrades the whole family to state B at +/-15 pct -- and for the two rows that still carry a §S6 verdict this is the cheapest route to state A by a wide margin.","Declared, no external source: no measured conductivity for this exact salt/solvent/concentration was located, and the row is DISPLAY-ONLY -- kappa enters no transport quantity, so it supports no stated conclusion and is tabulated for completeness. The route attempted for this particular entry, and why it failed, is recorded in the row's method note.",,"Display-only. Kappa enters no transport quantity: i_lim (Eq. S1) and the NPP / EC-prime solvers use D, C, delta and z only. Kappa appears solely in the voltage/thermal path (cellvoltage.jl; figs make_figK.py, make_fig4B.py, make_figs.py Fig D, make_fig_main.py panel f). This row supports no stated conclusion; it is tabulated for scale. Most of the registered conductivities are in this position.",
6. Electrolyte conductivities,56 wt% Et4NOTs aq,80.0,mS cm-1,assumption,"concentrated hydrotropic salt solution per the adiponitrile exemplar. Check needed: confirm whether Baizer reports kappa itself or only the electrolyte composition. If only the composition, this is the same failure mode as the LiBr/THF row. dorn'S supporting information has now been retrieved (2026-08-22), which closes the item that used to head this list and narrows what remains. Je3c00691_si_001.pdf carries the raw isotherms for 41 salts x 4 solvents, 21 measured points each: water, acetonitrile, methanol and ethanol, and nothing else. It supplied the Bu4NBF4/MeCN rows and three aqueous rows directly. it cannot reach: any DMF row (no DMF was measured), any THF row (no THF), or any perchlorate (NaClO4 is not among the 41 salts). Its NaBr in acetonitrile is a dash -- attempted, no fit -- so the two NaBr/MeCN rows are not closable from it either, which is a definitive negative rather than an untried lead. what remains, in order of yield: (i) Barthel & Neueder, Electrolyte Data Collection, dechema Vol. Xii (print-only; still the highest yield per unit effort for the amide family, and the only broad source that covers DMF). (ii) for the THF rows, Das, J. Solution Chem. 2008, 37, 947-955, DOI 10.1007/s10953-008-9288-9, has now been retrieved (papers for model/) and it does not settle them, which is worth stating so nobody pulls it twice. Its Table 1 measures LiBr in THF at 298.15 K over c = 0.01155 to 0.31623 mol dm-3, twenty points, with Lambda falling to a minimum of 0.1795 S cm2 mol-1 at 0.0205 M and then rising to 0.8100 at the top point, i.e. kappa from 0.0023 to 0.2561 mS cm-1 -- still roughly 10x below the 3.0 M this project uses. (An earlier reading gave the range as 0.0071-0.035 M at Lambda = 0.18-0.20: the three salts interleave in the text layer, and that pairs LiCl's concentration column with LiBr's Lambda column, truncated at the eighth row. Separated by x-coordinate on 2026-09-13, the same discipline the CRC viscosity and Chambers-Stokes conductance tables needed.) It confirms the physics that makes this row hard (LiCl, LiBr and LiBF4 form symmetrical triple ions, and the conductivity minimum sits at c_min = 4.9e-3 mol dm-3, so at 3.0 M the solution is ~600x above the minimum and deep in the triple-ion regime where Lambda rises again with concentration). Consequence for this row: the carried 3.0 mS cm-1 at 3.0 M implies Lambda = 1.0 S cm2 mol-1, a five-fold rise over Das's measured value at 0.01 M. Triple-ion formation makes that direction correct, but the magnitude is unverified and no measurement at preparative concentration was located. (iii) Minc & Werblan, Electrochim. Acta 1962, 7, 257-266 (retrieved, in papers for model/) for alkali perchlorates in acetonitrile. (iv) One benchtop conductivity measurement per salt/solvent family calibrates B in Lambda(c) = Lambda0/(1 + B sqrt(c)) and upgrades the whole family to state B at +/-15 pct -- and for the two rows that still carry a §S6 verdict this is the cheapest route to state A by a wide margin.","Baizer, J. Electrochem. Soc. 1964, 111, 215",,"Display-only. Kappa enters no transport quantity: i_lim (Eq. S1) and the NPP / EC-prime solvers use D, C, delta and z only. Kappa appears solely in the voltage/thermal path (cellvoltage.jl; figs make_figK.py, make_fig4B.py, make_figs.py Fig D, make_fig_main.py panel f). This row supports no stated conclusion; it is tabulated for scale. Most of the registered conductivities are in this position.",
6. Electrolyte conductivities,Et3N 7.5 mM (no salt)/MeOH,0.5,mS cm-1,assumption,"7.5 mM Et3N-carboxylate only, with no added supporting salt; the speciation is unknown. dorn'S supporting information has now been retrieved (2026-08-22), which closes the item that used to head this list and narrows what remains. Je3c00691_si_001.pdf carries the raw isotherms for 41 salts x 4 solvents, 21 measured points each: water, acetonitrile, methanol and ethanol, and nothing else. It supplied the Bu4NBF4/MeCN rows and three aqueous rows directly. it cannot reach: any DMF row (no DMF was measured), any THF row (no THF), or any perchlorate (NaClO4 is not among the 41 salts). Its NaBr in acetonitrile is a dash -- attempted, no fit -- so the two NaBr/MeCN rows are not closable from it either, which is a definitive negative rather than an untried lead. what remains, in order of yield: (i) Barthel & Neueder, Electrolyte Data Collection, dechema Vol. Xii (print-only; still the highest yield per unit effort for the amide family, and the only broad source that covers DMF). (ii) for the THF rows, Das, J. Solution Chem. 2008, 37, 947-955, DOI 10.1007/s10953-008-9288-9, has now been retrieved (papers for model/) and it does not settle them, which is worth stating so nobody pulls it twice. Its Table 1 measures LiBr in THF at 298.15 K over c = 0.01155 to 0.31623 mol dm-3, twenty points, with Lambda falling to a minimum of 0.1795 S cm2 mol-1 at 0.0205 M and then rising to 0.8100 at the top point, i.e. kappa from 0.0023 to 0.2561 mS cm-1 -- still roughly 10x below the 3.0 M this project uses. (An earlier reading gave the range as 0.0071-0.035 M at Lambda = 0.18-0.20: the three salts interleave in the text layer, and that pairs LiCl's concentration column with LiBr's Lambda column, truncated at the eighth row. Separated by x-coordinate on 2026-09-13, the same discipline the CRC viscosity and Chambers-Stokes conductance tables needed.) It confirms the physics that makes this row hard (LiCl, LiBr and LiBF4 form symmetrical triple ions, and the conductivity minimum sits at c_min = 4.9e-3 mol dm-3, so at 3.0 M the solution is ~600x above the minimum and deep in the triple-ion regime where Lambda rises again with concentration). Consequence for this row: the carried 3.0 mS cm-1 at 3.0 M implies Lambda = 1.0 S cm2 mol-1, a five-fold rise over Das's measured value at 0.01 M. Triple-ion formation makes that direction correct, but the magnitude is unverified and no measurement at preparative concentration was located. (iii) Minc & Werblan, Electrochim. Acta 1962, 7, 257-266 (retrieved, in papers for model/) for alkali perchlorates in acetonitrile. (iv) One benchtop conductivity measurement per salt/solvent family calibrates B in Lambda(c) = Lambda0/(1 + B sqrt(c)) and upgrades the whole family to state B at +/-15 pct -- and for the two rows that still carry a §S6 verdict this is the cheapest route to state A by a wide margin.","Declared, no external source: no measured conductivity for this exact salt/solvent/concentration was located, and the row is DISPLAY-ONLY -- kappa enters no transport quantity, so it supports no stated conclusion and is tabulated for completeness. The route attempted for this particular entry, and why it failed, is recorded in the row's method note.",,"Display-only. Kappa enters no transport quantity: i_lim (Eq. S1) and the NPP / EC-prime solvers use D, C, delta and z only. Kappa appears solely in the voltage/thermal path (cellvoltage.jl; figs make_figK.py, make_fig4B.py, make_figs.py Fig D, make_fig_main.py panel f). This row supports no stated conclusion; it is tabulated for scale. Most of the registered conductivities are in this position.",
6. Electrolyte conductivities,NaCl 7 mol% + pH 2 HCl/H2O-MeCN,1.2,mS cm-1,assumption,"mixed-solvent composition: no limiting-conductivity table exists for it, and preferential solvation makes transfer from either pure component invalid. Permanently an assumption. dorn'S supporting information has now been retrieved (2026-08-22), which closes the item that used to head this list and narrows what remains. Je3c00691_si_001.pdf carries the raw isotherms for 41 salts x 4 solvents, 21 measured points each: water, acetonitrile, methanol and ethanol, and nothing else. It supplied the Bu4NBF4/MeCN rows and three aqueous rows directly. it cannot reach: any DMF row (no DMF was measured), any THF row (no THF), or any perchlorate (NaClO4 is not among the 41 salts). Its NaBr in acetonitrile is a dash -- attempted, no fit -- so the two NaBr/MeCN rows are not closable from it either, which is a definitive negative rather than an untried lead. what remains, in order of yield: (i) Barthel & Neueder, Electrolyte Data Collection, dechema Vol. Xii (print-only; still the highest yield per unit effort for the amide family, and the only broad source that covers DMF). (ii) for the THF rows, Das, J. Solution Chem. 2008, 37, 947-955, DOI 10.1007/s10953-008-9288-9, has now been retrieved (papers for model/) and it does not settle them, which is worth stating so nobody pulls it twice. Its Table 1 measures LiBr in THF at 298.15 K over c = 0.01155 to 0.31623 mol dm-3, twenty points, with Lambda falling to a minimum of 0.1795 S cm2 mol-1 at 0.0205 M and then rising to 0.8100 at the top point, i.e. kappa from 0.0023 to 0.2561 mS cm-1 -- still roughly 10x below the 3.0 M this project uses. (An earlier reading gave the range as 0.0071-0.035 M at Lambda = 0.18-0.20: the three salts interleave in the text layer, and that pairs LiCl's concentration column with LiBr's Lambda column, truncated at the eighth row. Separated by x-coordinate on 2026-09-13, the same discipline the CRC viscosity and Chambers-Stokes conductance tables needed.) It confirms the physics that makes this row hard (LiCl, LiBr and LiBF4 form symmetrical triple ions, and the conductivity minimum sits at c_min = 4.9e-3 mol dm-3, so at 3.0 M the solution is ~600x above the minimum and deep in the triple-ion regime where Lambda rises again with concentration). Consequence for this row: the carried 3.0 mS cm-1 at 3.0 M implies Lambda = 1.0 S cm2 mol-1, a five-fold rise over Das's measured value at 0.01 M. Triple-ion formation makes that direction correct, but the magnitude is unverified and no measurement at preparative concentration was located. (iii) Minc & Werblan, Electrochim. Acta 1962, 7, 257-266 (retrieved, in papers for model/) for alkali perchlorates in acetonitrile. (iv) One benchtop conductivity measurement per salt/solvent family calibrates B in Lambda(c) = Lambda0/(1 + B sqrt(c)) and upgrades the whole family to state B at +/-15 pct -- and for the two rows that still carry a §S6 verdict this is the cheapest route to state A by a wide margin.","Declared, no external source: no measured conductivity for this exact salt/solvent/concentration was located, and the row is DISPLAY-ONLY -- kappa enters no transport quantity, so it supports no stated conclusion and is tabulated for completeness. The route attempted for this particular entry, and why it failed, is recorded in the row's method note.",,"Display-only. Kappa enters no transport quantity: i_lim (Eq. S1) and the NPP / EC-prime solvers use D, C, delta and z only. Kappa appears solely in the voltage/thermal path (cellvoltage.jl; figs make_figK.py, make_fig4B.py, make_figs.py Fig D, make_fig_main.py panel f). This row supports no stated conclusion; it is tabulated for scale. Most of the registered conductivities are in this position.",
9. Thermal model,T_boil: THF,66.0,deg C,measured,"normal boiling point as printed by the source: 66.0 deg C, and figs/thermal_model.py now uses exactly that. It previously used a rounding (66/82/153/100); the printed values were adopted on 2026-08-24 at the author's direction","CRC Handbook of Chemistry and Physics, 97th ed. (W. M. Haynes, ed.), CRC Press, 2016","Sect. 15, 'Laboratory Solvents and Other Liquid Reagents', pp. 15-13 ff., normal boiling point column (from the PDF in Model Papers for Params/, layout-preserving extraction; M cross-checked: 41.052 / 73.094 / 72.106)","T_boil enters only as (T_boil - T_amb), so the rounding shifts that solvent's boil-off ceiling by +0.000% relative to a 3-significant-figure rounding of it. For 1 M NaOH the pure-water boiling point is used; the real solution boils slightly higher (boiling-point elevation, ~0.5 K at 1 M), so 100 deg C is the conservative choice for a boil-off ceiling.",
9. Thermal model,T_boil: MeCN,81.6,deg C,measured,"normal boiling point as printed by the source: 81.6 deg C, and figs/thermal_model.py now uses exactly that. It previously used a rounding (66/82/153/100); the printed values were adopted on 2026-08-24 at the author's direction","CRC Handbook of Chemistry and Physics, 97th ed. (W. M. Haynes, ed.), CRC Press, 2016","Sect. 15, 'Laboratory Solvents and Other Liquid Reagents', pp. 15-13 ff., normal boiling point column (from the PDF in Model Papers for Params/, layout-preserving extraction; M cross-checked: 41.052 / 73.094 / 72.106)","T_boil enters only as (T_boil - T_amb), so the rounding shifts that solvent's boil-off ceiling by -0.702% relative to a 3-significant-figure rounding of it. For 1 M NaOH the pure-water boiling point is used; the real solution boils slightly higher (boiling-point elevation, ~0.5 K at 1 M), so 100 deg C is the conservative choice for a boil-off ceiling.",
9. Thermal model,T_boil: DMF,152.8,deg C,measured,"normal boiling point as printed by the source: 152.8 deg C, and figs/thermal_model.py now uses exactly that. It previously used a rounding (66/82/153/100); the printed values were adopted on 2026-08-24 at the author's direction","CRC Handbook of Chemistry and Physics, 97th ed. (W. M. Haynes, ed.), CRC Press, 2016","Sect. 15, 'Laboratory Solvents and Other Liquid Reagents', pp. 15-13 ff., normal boiling point column (from the PDF in Model Papers for Params/, layout-preserving extraction; M cross-checked: 41.052 / 73.094 / 72.106)","T_boil enters only as (T_boil - T_amb), so the rounding shifts that solvent's boil-off ceiling by -0.156% relative to a 3-significant-figure rounding of it. For 1 M NaOH the pure-water boiling point is used; the real solution boils slightly higher (boiling-point elevation, ~0.5 K at 1 M), so 100 deg C is the conservative choice for a boil-off ceiling.",
9. Thermal model,T_boil: H2O (used for 1 M NaOH aq),99.974,deg C,measured,"normal boiling point as printed by the source: 99.974 deg C, and figs/thermal_model.py now uses exactly that. It previously used a rounding (66/82/153/100); the printed values were adopted on 2026-08-24 at the author's direction","CRC Handbook of Chemistry and Physics, 97th ed. (W. M. Haynes, ed.), CRC Press, 2016","Sect. 15, 'Laboratory Solvents and Other Liquid Reagents', pp. 15-13 ff., normal boiling point column (from the PDF in Model Papers for Params/, layout-preserving extraction; M cross-checked: 41.052 / 73.094 / 72.106)","T_boil enters only as (T_boil - T_amb), so the rounding shifts that solvent's boil-off ceiling by -0.035% relative to a 3-significant-figure rounding of it. For 1 M NaOH the pure-water boiling point is used; the real solution boils slightly higher (boiling-point elevation, ~0.5 K at 1 M), so 100 deg C is the conservative choice for a boil-off ceiling.",
7. Reactors,delta (unstirred batch),228,um,derived,"DERIVED 2026-09-04 from the source's OWN diffusion-layer equation, replacing a declared 300 um. Two defects were removed in the process. (i) The value had been chosen at the conservative (high-delta) END of a band nothing computed, while the stirred film is a measured CENTRAL value, so the contrast between the two batch archetypes was an artefact of comparing an edge against a centre. (ii) The correlation coefficient carried here was a = 0.66 for the Nusselt form, which is neither what the source prints nor derivable from it: Wilke, Eisenberg & Tobias print Nu' = 0.673 (Sc Gr)^(1/4) (Eq. XV) and, for this exact quantity, delta' = 1.48 x (Sc Gr)^(-1/4) (Eq. XVII, p. 518). Both were confirmed against the page raster. The printed DELTA equation is used, so the source is not rearranged at all. A third defect was corrected at the same time: the row had cited Katona et al. 2021 as an 'independent measured cross-check' for 230, 250, 150 and ~800 um, but that paper measures aqueous NaCl by RDE/Levich with the electrode perpendicular to gravity and states in its own words that those values come 'from Liu et al. and Charles-Granville et al., ... and 10 mM potassium ferrocyanide from Amatore et al.' -- a secondary citation, which is not state A. The ferrocyanide measurement has now been retrieved and is cited directly, below.","Wilke, Eisenberg & Tobias, 'Correlation of limiting currents under free convection conditions', J. Electrochem. Soc. 1953, 100, 513-523 (plane vertical cathodes in quiescent solution, cathode heights 0.25-3.0 in., i_lim 0.4-108 mA cm-2 -- the archetype and the current range match this work exactly). Derivation, reproducible from this table: the paper's Eq. XVII, delta' = 1.48 x (Sc Gr)^(-1/4) with Sc Gr = g x^3 (drho/rho)/(nu D), evaluated at x = 20 mm and drho/rho = 3.16e-03 -- the geometric centres of the declared ranges on the operating-point row that follows -- over each of the fifty rows' own nu and D, gives a median of 228 um. INDEPENDENT MEASURED CORROBORATION: Amatore, Szunerits, Thouin & Warkocz, J. Electroanal. Chem. 2001, 500, 62-70, DOI 10.1016/S0022-0728(00)00378-8, determine delta = (230 +/- 10) um for the one-electron oxidation of 10 mM Fe(CN)6(4-) in aqueous 1 M KCl at a millimetric electrode in quiescent solution, from the steady-state limiting current at long times. The derived value sits inside that interval.","Eq. XVII p. 518 (delta form) and Eq. XV (Nusselt form, constant 0.673); Amatore et al. p. 68: 'we thus determined delta = (230 +/- 10) um'","The two inputs that are declared rather than sourced are the electrode height and the density driving force (their own row follows), and delta goes as the fourth root of each: across x = 5-80 mm it runs 161-322 um and across drho/rho = 1e-2 to 1e-3 it runs 171-303 um, an envelope of 121-429 um over both declarations together, widening to 103-528 um once the per-reaction spread in nu and D is included. The unstirred median is 8.01 mA cm-2 at 228 um and 6.11 at 300 um, the top of the typed band, while 12 of 50 clear 25 mA cm-2 and 9 of 50 clear 50 mA cm-2 at either film, so no headline integer depends on where in the envelope the value sits. The contrast with the stirred archetype is 1.14x at the central value and 1.49x at 300 um; it is the softest comparison in the model and is bounded rather than asserted: the unstirred film exceeds the stirred one only for electrode heights above about 12 mm at the central driving force, so the ordering of the two batch archetypes is a property of the declared geometry and not a measured separation.",
7. Reactors,Free-convection operating point (unstirred batch),x 20 mm; drho/rho 3.16e-03,-,assumption,"the declared operating point of the free-convection correlation: the geometric centres of x = 5-80 mm and drho/rho = 1e-3 to 1e-2. The analogue of the RDE's 1600 rpm and the RCE's 3000 rpm rows, given its own row on 2026-09-05 so that the derived film above is derived from inputs a reader can see are declared","Declared operating point. The height is an operator choice like a rotation speed and is declared as one. The density driving force is not: Wilke, Eisenberg & Tobias define it through a specific densification coefficient, rho_0 - rho_i = alpha rho_i (C_0 - C_i), so at the limiting current it is fixed by the bulk concentration of whichever species the surface depletes, and their own experiments span 0.01-0.74 M CuSO4 on cathodes 6-76 mm high. The fifty rows deplete 3.5 mM to 13.7 M and the densification coefficients of these organic solutions are not available, so one value is declared for all fifty and what it costs is stated here rather than hidden inside the derived film.","declared; Wilke, Eisenberg & Tobias p. 513 (abstract: '0.01 to 0.7 molal CuSO4 ... cathode heights varied from 0.25 to 3.0 in.') and p. 515 for the source's own range","delta goes as (drho/rho)^(-1/4). The one case that can be page-anchored is the most concentrated aqueous binary electrolyte modelled, 2 M NaCl: CRC 97th ed. p. 5-129, NaCl block, 20 C gives rho = 1.0707 g cm-3 at 10.0 mass pct (1.832 M) and 1.0781 at 11.0 mass pct (2.029 M), so 2.000 M interpolates to 1.0770 against 0.9989 on the table's 0.1 mass pct row, drho/rho = 0.078, 25x the declared centre, and a film that depletes the whole salt would be 102 um at the central height rather than 228. A millimolar organic in an organic solvent sits below the declared decade and its film is correspondingly thicker. The lumped film is therefore an upper estimate for the concentrated aqueous rows and a lower one for the dilute organic rows; a per-row driving force would thin the film for exactly the rows that carry the unstirred counts (10 of the 12 clearing 25 mA cm-2 are concentrated rows, S1.1). The direction is established by the fourth root; the magnitude per row is not computed here because the coefficients are unavailable, and the ordering of the archetypes, which every sweep reported here preserves, does not rest on it.",
7. Reactors,delta (stirred batch),200,um,measured,"ADOPTED 200 um on 2026-09-01 (author decision), replacing a declared 100 um whose inherited citation had been withdrawn -- no passage in Pletcher & Walsh, Industrial Electrochemistry, 2nd ed., giving delta ~ 100 um for a magnetically stirred cell could be located, and no universal correlation can replace it, because mass transfer in a stirred beaker depends on stir-bar length, vessel diameter, electrode position and baffling, none of which is a registry parameter. The adopted value is a direct MEASUREMENT of the mass-transport boundary layer of a planar electrode in a convecting cell, obtained the standard way: diffusion-limited ferricyanide current, back-calculated through i_lim = nFDc/delta, then converted for the diffusivity of the dissolved gas.","Williams, Corbin, Zeng, Lazouski, Yang & Manthiram, Sustainable Energy Fuels 2019, 3, 1225-1232, DOI 10.1039/C9SE00024K","p. 1227: 'For the transport of dissolved O2 gas, the calculated boundary layer thickness was 200 +/- 7 um' (D_O2 = 2.10e-5 cm2 s-1, bubbling at 10 sccm)","IT IS A PROXY, NOT THIS SYSTEM, and that is stated rather than glossed: the measurement is dissolved O2 in a gas-bubbled aqueous cell, not an organic electrolyte under magnetic stirring. It is the same GEOMETRY CLASS -- a planar electrode in a convecting cell -- and O2 diffuses about twice as fast as the bulky organics modelled here, so the real layer for these systems should be THICKER and the adopted value stays conservative in that direction. The unstirred archetype is now DERIVED at the centre of the same free-convection correlation, 233 um, so the two batch films are compared centre against centre and the contrast is 1.16x rather than the 1.49x an edge-against-centre pairing gave. The two archetypes remain close, and that is a property of the systems rather than of the choice: the unstirred film exceeds this one only for electrode heights above about 11 mm at the central driving force, so the separation is bounded by declared geometry and is not a measured result. The measurement's own uncertainty, +/-7 um, carries through to a median of 9.0-9.7 mA cm-2 about 9.3, 13-14 of 50 clearing 25 mA cm-2 about 14 and 11-11 of 50 clearing 50 about 11; the architecture ordering and the unstirred-to-RCE span of 15.2x hold across the whole interval, so no conclusion depends on where within it the value sits.",
7. Reactors,delta (recirculating flow cell),106.9,um,measured,"ADOPTED 2026-09-07 (author decision) in place of the declared Leveque operating point 'gap 1 mm, L 5 cm, u 5 cm/s', which had no source for any of its three numbers and computed to a per-row film of 38-95 um. Watkins et al. measured the diffusion boundary layer of four cells by the ferricyanide limiting-current method of Clark et al. (10 mM, D = 0.720e-5 cm2/s) and tabulate them with the COMSOL value beside each. The parallel-inlet recirculating H-cell at 280 uL/s is the archetype: 106.9 um experimental against 242 um simulated. Only the Ager H-cell entry of that table carries replicate error (177.9 +/- 21.6 um, six experiments), so the sensitivity band applied here is that same-method, same-study scatter, 12.1 %, declared as a transfer. The old row text is preserved in docs/ARCHETYPE_REANCHOR_20260907.md.","Watkins, Schiffer, Lai, Musgrave III, Atwater, Goddard III, Agapie, Peters & Gregoire, 'Hydrodynamics Change Tafel Slopes in Electrochemical CO2 Reduction on Copper', ACS Energy Lett. 2023, 8, 2185-2192, DOI 10.1021/acsenergylett.3c00442, Supporting Information","SI p. 6, Table S1, 'Parallel H-cell (280 uL/s)': experimental boundary layer 106.9 um, COMSOL 242 um; method per Figure S2 on the same page","The film is an aqueous ferricyanide measurement applied unscaled to every row, exactly as the stirred film is, and it is the cell's value at one printed flow rate (280 uL/s). The table prints replicate error for one cell only, the Ager H-cell, at 12.1 % of its mean over six experiments; that scatter is the band applied to this value, 94-120 um, and it is a declared transfer rather than a measured uncertainty of this cell. Across that band the recirculating column gives a median of 15.6-18.3 mA cm-2 about 16.8, 18-20 of 50 clearing 25 mA cm-2 about 18 and 12-14 of 50 clearing 50 about 13; the architecture ordering is unchanged throughout. The authors' own simulation of the same cell gives 242 um, 2.3 times the measured value, and the measured value is carried because it is the quantity the standard requires; a reader who prefers the simulated film should halve this column's currents.",
7. Reactors,delta (ANEC flow cell),36.2,um,measured,"ADOPTED 2026-09-07 (author decision), the second measured film from the same table. The ANEC cell is a recirculating cell whose inlet is angled 20 degrees toward the working electrode, so the jet impinges obliquely on its face; at the typical 140 uL/s its film is 36.2 um (COMSOL 57 um). The angled-inlet H-cell in the same table reads 33.4 um at 280 uL/s (COMSOL 128 um), and the two agree to 8 %.","Watkins, Schiffer, Lai, Musgrave III, Atwater, Goddard III, Agapie, Peters & Gregoire, ACS Energy Lett. 2023, 8, 2185-2192, DOI 10.1021/acsenergylett.3c00442, Supporting Information","SI p. 6, Table S1, 'ANEC (140 uL/s)': experimental boundary layer 36.2 um, COMSOL 57 um; footnote: '140 uL/s is the typical flow rate for ANEC experiments'","An aqueous ferricyanide measurement applied unscaled to every row, at the one printed flow rate. The band is the same-method scatter of 12.1 %, 32-41 um, declared as a transfer; the angled-inlet H-cell of the same table, 33.4 um, lies inside it. Across that band the ANEC column gives a median of 39.7-49.9 mA cm-2 about 44.2, 30-33 of 50 clearing 25 mA cm-2 about 31 and 20-25 of 50 clearing 50 about 24; the architecture ordering is unchanged throughout. The authors' simulation gives 57 um for this cell, 1.6 times the measured value.",
7. Reactors,Microfluidic cell operating point (Mo 2020),gap 25 um; tau 4 min,-,measured,"the interelectrode gap and residence time of the Mo/Jensen microfluidic cell, both printed on one SI page: the optimisation experiments 'were conducted in a small-scale electrochemical flow cell with the thinnest FEP spacer (0.001"", 25 um)', and Table S1 on that page prints tau = 4 min for entries 9-12, entry 12 being the published optimum (MeCN, 3.3 V, 50 C, 64 %). Registered 2026-09-07 as the inputs the derived microfluidic film rests on, in place of the retired 250 um 'thin-gap' geometry (Watts 2011), which was a different cell from a different paper and had never been the cell the reaction set contains.","Mo, Lu, Rughoobur, Patil, Gershenfeld, Akinwande, Buchwald & Jensen, Science 2020, 368, 1352-1357, DOI 10.1126/science.aba3823, Supporting Information","SI p. 13: '0.001"", 25 um' spacer; Table S1 (same page), column tau/min, entries 9-12 = 4; p. 3: FEP spacers 0.001-0.005 in, 50 x 50 x 3 mm glassy-carbon plates","The gap is a spacer thickness the source states is not compressed in the cell (15.2 MPa compressive strength at 5 % strain, p. 3), and the residence time is tabulated. The same table prints tau = 12 min for entries 3-8; the derived film's own row states what that range does.",
7. Reactors,delta (microfluidic cell),12.5,um,derived,"DERIVED 2026-09-07 from the two printed inputs above by the rule every flow cell in this model has always used, the Leveque entrance solution bounded by the fully-developed half-gap film. No channel width or length is needed: with u = Q/(w h) and Q tau = w h L, the Leveque group Re Sc d_h/L = 4 u h^2/(D L) reduces to 4 h^2/(D tau) exactly. At h = 25 um and tau = 4 min that group is 1.0e-11 m2/s divided by D, i.e. 0.003-0.06 over the fifty rows, so the entrance Sherwood number 1.85 (4 h^2/(D tau))^(1/3) lies far below the fully-developed value of 4 (delta = h/2) for every row and the floor binds: delta = 12.5 um, independent of D and nu.","Leveque entrance solution (Pickett & Ong, Electrochim. Acta 1974, 19, 875-882) with the half-gap floor delta <= h/2 stated in Table S1; inputs from the row above","derivation reproducible from this table: delta = D / max(1.85 (4 h^2/(D tau))^(1/3) D/(2h), D/(h/2)) = h/2 for all fifty rows","The film is the half-gap for every row and at both printed residence times, because the entrance solution would overtake the fully-developed film only for D below 1.0e-12 m2/s, three decades under any row; over Table S1's tau = 4-12 min the band therefore collapses onto the value itself, and the microfluidic column gives a column that does not move: a median of 111 mA cm-2, 36 of 50 clearing 25 mA cm-2 and 34 of 50 clearing 50 at both ends. What the column is exposed to is the half-gap rule, the same fully-developed bound that limits every channel cell in this model; the exact fully-developed Sherwood number for one active wall is somewhat above 4, so the rule errs toward a thicker film and a lower ceiling.",
7. Reactors,Levich: delta = 1.61 D^(1/3) nu^(1/6) omega^(-1/2),1.61,-,measured,"the coefficient printed BY the source for the diffusion-layer form. This row previously carried 1.613, derived as 1/0.62 from the RDE mass-transfer constant m0 = 0.62 D^(2/3) omega^(1/2) nu^(-1/6). That derivation is arithmetically fine but propagates a rounding: 0.62 is itself a 2-significant-figure value, and 1/0.62 = 1.6129 whereas 1/0.62048 = 1.6117, so 1.613 presented precision the input did not carry and disagreed with julia/correlations.jl, which computes with 1.61. Retrieved 2026-08-24 from the source PDF in papers for model/: the constant survives OCR only in the Sect. 12.4 zone-diagram passage, as delta^2/D = (1.61)^2 nu^(1/3) / (omega D^(1/3)) -- algebraically exactly delta = 1.61 D^(1/3) nu^(1/6) omega^(-1/2). Origin: Levich, Physicochemical Hydrodynamics, Prentice-Hall, 1962, for which no page could be verified; the accessible locator below is used instead","Bard & Faulkner, Electrochemical Methods: Fundamentals and Applications, 2nd ed., Wiley, 2001","p. 30, footnote 11 (cross-referring Sect. 9.3.2); coefficient confirmed in Sect. 12.4","The exact coefficient is 1.6117; the printed 1.61 is 0.11% below it, and 1.613 -- the value obtained by inverting the 2-significant-figure 0.62 -- is 0.08% above, a 0.186% spread end to end. Bounded by direct recomputation of the RDE column at all three values: median 108.49 / 108.37 / 108.29 mA cm-2, and the counts are identical in every case (36/50 clearing 25, 32/50 clearing 50). No reported number or count depends on the choice. The rotating-disc film carries no laminar-regime assertion, unlike the Leveque coefficient, which is asserted only below Re = 2300.",
7. Reactors,RDE operating point,1600,rpm,assumption,"a declared convention, not a measured quantity: 1600 rpm is the customary RDE reference speed. It is not the measured quantity of the Levich row, though it is sometimes tabulated there as though it were the quantity",declared operating point,,"delta ~ omega^(-1/2), so 400-3600 rpm spans 2x in delta and 2x in i_lim. The RDE is a reference rung rather than a preparative architecture, and it brackets the rotating cylinder from below in every solvent across that range, so the architecture ordering is unchanged.",
7. Reactors,Leveque: Sh = 1.85 (Re Sc dh/L)^(1/3),1.85,-,assumption,"laminar entrance-region correlation for parallel plates with dh = 2h. The code asserts Re < 2300 and floors delta at h/2. Since 2026-09-07 NO archetype film is computed from it: the two flow archetypes are measured films (Watkins 2023) and the microfluidic film is the half-gap floor, which this correlation is evaluated only to confirm binds. It still computes the S8.1 illustration of what intensification costs.","Pickett & Ong, 'The influence of hydrodynamic and mass transfer entrance effects on the operation of a parallel plate electrolytic cell', Electrochim. Acta 1974, 19, 875-882, DOI 10.1016/0013-4686(74)85036-X; restated in Walsh & Ponce de Leon, Electrochim. Acta 2018, 280, 121-148","Electrochim. Acta 1974, 19, 875-882 (experimental validation in this exact geometry)","Not page-anchored, which is why this row is state C rather than state A: the coefficient 1.85 is not located to an equation within either source, and a whole-article page range is not a locator. It sets no reported number. The microfluidic film would leave the half-gap floor only if the coefficient exceeded about 10 at the largest Leveque group any row reaches, so no plausible value of it moves that column, and the other six columns never see it. In the S8.1 illustration the conversion per pass scales with it directly and the pressure drop not at all, so a 10 % change in the coefficient moves the per-pass conversions by 10 % and leaves the 1 mm to 250 um ratios, which are what that section reports, unchanged.",
7. Reactors,Illustrative channel pair (S8.1),1 mm / 5 cm / 5 cm/s; 250 um / 2.5 cm / 10 cm/s,-,assumption,"the declared pair of generic laminar parallel-plate channels behind the S8.1 illustration of what thinning a gap costs (residence time, conversion per pass, pressure drop). These were the model's two flow archetypes until 2026-09-07 and are kept for that illustration alone; no archetype column is computed from them",declared illustration,,"A declared geometry that reaches no reported ceiling, count or median. The S8.1 quantities it feeds are reported as ratios between the two channels, and those ratios are set by the gap ratio alone: delta scales as h^(2/3) L^(1/3) u^(-1/3) in the entrance regime, so the 4x gap step gives a 2.5x film step at any common length and velocity, and the pressure-drop ratio 1/h^2 is 16x whatever the velocity. Changing the pair changes the absolute per-pass conversions, which S8.1 reports only as being under 5 %.",
7. Reactors,Eisenberg RCE: Sh = 0.0791 Re^0.70 Sc^0.356,0.0791,-,measured,"turbulent rotating-cylinder correlation, fitted by the limiting-current technique to the ferri/ferrocyanide couple at nickel cylinders in alkaline aqueous solution","Eisenberg, Tobias & Wilke, J. Electrochem. Soc. 1954, 101, 306-320, DOI 10.1149/1.2781252","J. Electrochem. Soc. 1954, 101, 306-320","Extrapolation flagged, and its DIRECTION matters. Eisenberg, Tobias & Wilke 1954 state their own calibration on p. 313, retrieved verbatim: 'a Schmidt number variation of 2230 to 3650 and a Reynolds number range of 112.0-162,000'. Computed over the fifty rows : Sc runs 176 (min) / 445 (median) / 19006 (max), so 44 of 50 sit BELOW the fitted floor and only 5 above the ceiling. The extrapolation is therefore predominantly to LOW Sc -- aprotic organics are low-Sc relative to aqueous ferricyanide, because their low viscosity raises D and lowers nu together -- and Re runs 6867-57953, inside the fitted range throughout. A sensitivity on a fitted correlation must preserve the fit where it was made: swapping the exponent alone leaves the coefficient 0.0791 attached to a curve that no longer reproduces the calibration data, so it is not a bound. Re-anchored at the calibration centre, the Sc^(1/3) asymptote moves per-row values by 0.667-0.755x and the RCE median 121.7 -> 85.1 mA cm-2, so on this axis the tabulated column is if anything an under-estimate rather than an upper one, and no threshold count moves.",
7. Reactors,RCE operating point,"d 1.2 cm, 3000 rpm",-,assumption,a declared laboratory operating point,declared operating point,,"Sh ~ Re^0.70 with Re ~ omega d^2, so 1000-5000 rpm spans about 3x in k_m. The rotating cylinder remains the highest rung across that range.",
7. Reactors,Thresholds 25 / 50 mA cm-2,25; 50,mA cm-2,measured,"industry-survey bins, n = 14 companies reporting scale-up current density: 10 below 25, three between 25 and 50, one above 50 mA cm-2. Already at state A before this pass and preserved unchanged","Ferretti, Cohen, Deng, Diwan, Frederick & Lehnherr, Org. Process Res. Dev. 2025, 29, 322-332",Fig. 11 (page-verified),"The thresholds themselves are sound. The exposure lies in the claim built on them, not in this row: see the delta (stirred batch) sensitivity.",
8. Voltage stack,E0 (thermodynamic + kinetic floor),2.0,V,assumption,a representative organic-electrolysis cell floor; no single reaction in the set fixes it,declared modelling choice,,"E0 is a constant offset in E_cell and does not enter the dissipation q(i) of Eq. S20 at all, so it moves no boil-off ceiling and no §S6 margin. Tested 1.5-3.0 V: E_cell shifts by the same amount, and the ohmic term dominates E_cell above ~10 mA cm-2 in every solvent in the set.",
8. Voltage stack,Tafel slope b = 2RT/F per electrode,0.0514,V,derived,"2RT/F at 298.15 K with R and F from category 1; symmetric Butler-Volmer with alpha = 1/2, inverted through asinh and applied to both electrodes","Bard & Faulkner, Electrochemical Methods: Fundamentals and Applications, 2nd ed., Wiley, 2001",ch. 3 (Butler-Volmer and Tafel forms),"The only free choice is alpha = 1/2; alpha in [0.3, 0.7] moves the activation term by under 60 mV against ohmic terms of 1-50 V in these cells.",
8. Voltage stack,i0 (exchange current density),1.0,mA cm-2,assumption,an illustrative symmetric value for both electrodes; no measured i0 exists for these couples on these electrodes in these media,declared modelling choice,,"Treating i0 as negligible holds only where ohmic heat dominates, which is not everywhere, and the split is sharp: the activation term is gap-INDEPENDENT, so it matters exactly where the ohmic term has been removed. Swept 0.01-10 mA cm-2 across all four §S6 solvents: every centimetre-gap architecture -- both batch cells, both flow cells and both rotating electrodes -- moves by at most 3 pct, because 85-98 pct of its heat is ohmic; the 25 um microfluidic moves by -35/+32 pct and the zero-gap stack by -42/+47 pct, because in a thin gap the activation term is most of q. No stated conclusion flips inside 0.01-10 mA cm-2: at the stack all four solvents still fail (margins 0.04-0.23x); at the microfluidic all four still clear (THF 2.60-4.26x, MeCN 4.02-8.09x, DMF 7.49-11.93x, aqueous NaOH 5.40-11.83x). i0 can matter only where activation heat is comparable to ohmic heat, and no verdict reported in this section sits in that regime.",
9. Thermal model,THF: cp,1.72,J g-1 K-1,derived,"Cp,liquid = 124.1 J mol-1 K-1 at 298.15 K divided by M = 72.106 g mol-1 gives 1.721 J g-1 K-1. The inherited citation (CRC viscosity/density tables) does not contain heat capacities and has been withdrawn","NIST Chemistry WebBook, SRD 69, Condensed-Phase Thermochemistry -- tetrahydrofuran, CAS 109-99-9 (primary reference Costas & Patterson 1985)",,"cp enters only the transient tau = m cp / UA, never a steady-state ceiling.",
9. Thermal model,THF: Tb,66.0,C,measured,"normal boiling point, 65-66 C","CRC Handbook of Chemistry and Physics, 97th ed. (W. M. Haynes, ed.), CRC Press, 2016","Sect. 3, 'Physical Constants of Organic Compounds', entry 'Tetrahydrofuran'","This row is display-only: the thermal model reads the CRC value from the 'T_boil: THF' row of this registry, and this entry predates it. It is kept as the internal record of the value carried before, and is omitted from the published subset so that no solvent is given two boiling points in one table.",
9. Thermal model,DMF: cp,2.05,J g-1 K-1,derived,"150.0 J mol-1 K-1 divided by M = 73.095 g mol-1 gives 2.052 J g-1 K-1. Note that this is the top of the measured spread: NIST lists 146.05 (Grolier 1993), 148.16 (Kolker 1992), 148.36 (Zegers & Somsen 1984), 150.0 (Petrov 1989) and 150.8 (de Visser & Somsen 1979) J mol-1 K-1","NIST Chemistry WebBook, SRD 69, Condensed-Phase Thermochemistry -- N,N-dimethylformamide, CAS 68-12-2",,"The measured spread 146.05-150.8 J mol-1 K-1 corresponds to cp = 2.00-2.06 J g-1 K-1, i.e. +/-1.5 pct. It affects only tau (the S6.1 accounting note), never a ceiling or a margin.",
9. Thermal model,DMF: Tb,153.0,C,measured,"T_boil = 426 +/- 1 K, the average of eight reported values, i.e. 152.9 C","NIST Chemistry WebBook, SRD 69, Condensed-Phase Thermochemistry -- N,N-dimethylformamide, Phase-Change Data","T_boil, Phase-Change Data table","This row is display-only: the thermal model reads the CRC value from the 'T_boil: DMF' row of this registry, and this entry predates it. It is kept as the internal record of the value carried before, and is omitted from the published subset so that no solvent is given two boiling points in one table.",
9. Thermal model,MeCN: cp,2.23,J g-1 K-1,derived,91.7 J mol-1 K-1 (de Visser & Somsen 1979; Kolker 1992) divided by M = 41.05 g mol-1 gives 2.234 J g-1 K-1. New row: previously unregistered,"NIST Chemistry WebBook, SRD 69, Condensed-Phase Thermochemistry -- acetonitrile, CAS 75-05-8",,Enters only the transient tau.,
9. Thermal model,aqueous electrolyte: cp,4.18,J g-1 K-1,measured,"liquid water at 25 C, used for the aqueous §S6 trace. New row: previously unregistered","CRC Handbook of Chemistry and Physics, 97th ed. (W. M. Haynes, ed.), CRC Press, 2016","Sect. 6, 'Properties of Water in the Range 0-100 C'",,
9. Thermal model,MeCN: Tb,82.0,C,assumption,the model uses 82.0 C; the tabulated normal boiling point is 81.6 C. Retained as a rounding so that the registry describes what make_figK.py actually computes,"CRC Handbook of Chemistry and Physics, 97th ed. (W. M. Haynes, ed.), CRC Press, 2016","Sect. 3, 'Physical Constants of Organic Compounds', entry 'Acetonitrile'","The +0.4 K rounding raises every MeCN ceiling by under 0.5 pct and no conclusion is affected. The tabulated 81.6 C is registered on this row as its sensitivity rather than applied. This row is display-only: the thermal model reads the CRC value from the 'T_boil: MeCN' row of this registry, and this entry predates it. It is kept as the internal record of the value carried before, and is omitted from the published subset so that no solvent is given two boiling points in one table.",
9. Thermal model,aq. NaOH/KOH: Tb,100.0,C,assumption,"the model uses the pure-water boiling point. The ebullioscopic elevation is not in fact negligible and is computable: dTb = Kb i m = 0.512 K kg mol-1 x 2 x 1.0 mol kg-1 = 1.0 K, so the correct value for 1 M NaOH is 101.0 C","CRC Handbook of Chemistry and Physics, 97th ed. (W. M. Haynes, ed.), CRC Press, 2016","Sect. 6, 'Properties of Water in the Range 0-100 C'; Sect. 5, 'Cryoscopic and Ebullioscopic Constants'","Adopting 101.0 C raises the aqueous ceiling by 1.4 pct. The aqueous reference clears every preparative architecture either way, so nothing is affected; the elevation is small but not negligible, and the computed 1.0 K is stated rather than assumed away. This row is display-only: the thermal model reads the CRC value from the 'T_boil: H2O (used for 1 M NaOH aq)' row of this registry, and this entry predates it. It is kept as the internal record of the value carried before, and is omitted from the published subset so that no solvent is given two boiling points in one table.",
9. Thermal model,Cell volume / electrode area,100 mL / 10 cm2,-,assumption,"the batch archetype the whole thermal section is built on. The inherited note, 'steady state independent of volume', is wrong and has been withdrawn: inventory and rejecting surface are physically coupled, A_ext ~ V^(2/3), so i_boil ~ V^(1/3)",declared archetype,,"Swept 50 / 100 / 500 / 1000 mL: A_ext scales as V^(2/3) and so does sigma, so the dimethylformamide passive ceiling runs 63 / 79 / 136 / 172 mA cm-2, a 2.74x span. The batch verdict does not turn on the vessel: tetrahydrofuran's ceiling runs 21 / 26 / 45 / 57 mA cm-2 over the same sweep against an unstirred transport ceiling of 8.2 mA cm-2, so transport binds before heat at every volume. No conclusion flips.",
9. Thermal model,Vessel external area,0.00996,m2,derived,"DERIVED from the declared archetype, 2026-09-13. The tabled 0.0125 m2 was the external area of a 5 cm diameter by 8 cm cylinder -- which encloses 157 mL, not the 100 mL this archetype declares -- so it credited about 3 cm of dry headspace wall as rejecting surface. The area that rejects heat from a 100 mL charge in a 5 cm vessel is the wetted wall plus the base, and it is a consequence of the declared charge and diameter rather than a free parameter: fill height = 0.1 L / (pi x 0.025^2) = 5.09 cm, A = pi x 0.05 x 0.0509 + pi x 0.025^2 = 0.00800 + 0.00196 = 0.00996 m2. Computed in figs/thermal_model.py from the declared archetype so the construction cannot drift from it",elementary geometry of the declared vessel (wetted wall + base of a right cylinder),,"The alternative is 0.0125 m2, the external area of the full 5 x 8 cm cylinder including its dry headspace wall. Working from the wetted area instead lowers every ceiling computed on this row by 10.8-11.4 pct (THF 29.5 -> 26.3, MeCN 87.8 -> 78.2, DMF 88.8 -> 79.2, aqueous NaOH 282.4 -> 250.2 mA cm-2) and changes none of the 20 architecture-solvent verdicts that rest on it. The move is conservative in the sense that matters here: less rejecting surface, lower ceilings, the boiling problem stated as slightly worse. The residual exposure is the declared 5 cm diameter, which sets how the same 100 mL is distributed between wall and base; a 4 cm vessel gives 0.01115 m2 and a 6 cm vessel 0.00920 m2, a span of 1.21x.",
9. Thermal model,h natural convection (air),7,W m-2 K-1,derived,"RE-derived. the inherited citation (Incropera Table 1.1) contains only the range 2-25 W m-2 K-1 for free convection in gases and cannot support the value 7. Computed instead from the laminar vertical-plate correlation Nu_L = 0.68 + 0.670 Ra_L^(1/4) / [1 + (0.492/Pr)^(9/16)]^(4/9), valid for Ra_L below about 1e9, with L = 0.08 m and T_inf = 298.15 K: Ra_L = 1.42e6, Nu = 18.4, h = 6.4 W m-2 K-1 at Ts = 65 C, 7.3 at 100 C and 8.2 at 153 C","Churchill & Chu, Int. J. Heat Mass Transfer 1975, 18, 1323-1329; restated as Incropera, DeWitt, Bergman & Lavine, Fundamentals of Heat and Mass Transfer, 6th ed., Wiley, 2007, Eq. 9.26-9.27, with air properties from Incropera, DeWitt, Bergman & Lavine, Fundamentals of Heat and Mass Transfer, 6th ed., Wiley, 2007, Table A.4","Int. J. Heat Mass Transfer 1975, 18, 1323-1329; Incropera 6th ed., Eq. 9.26-9.27 and Table A.4","The vertical-cylinder criterion D/L >= 35/Gr_L^(1/4) gives 0.625 < 0.93 and is not satisfied, so curvature raises Nu and the flat-plate value is a conservative underestimate.",
9. Thermal model,h radiation (linearized),6-8,W m-2 K-1,derived,"h_r = eps sigma_SB (Ts + Tsur)(Ts^2 + Tsur^2) with eps = 0.9 and Tsur = 298.15 K gives 6.6 at 65 C, 7.2 at 82 C, 7.8 at 100 C and 10.0 at 153 C. Radiation is comparable to convection over this range, so omitting it would overstate the boiling problem","Incropera, DeWitt, Bergman & Lavine, Fundamentals of Heat and Mass Transfer, 6th ed., Wiley, 2007",Eq. 1.9,See the emissivity row for the residual exposure.,
9. Thermal model,Surface emissivity eps (borosilicate),0.9,-,assumption,"used in the radiation row. New row: previously unregistered and never stated. the Incropera Table A.11 glass entry was not located for it, and it is deliberately not cited",-- (not page-verified),,"Tested eps in [0.7, 0.95]: h_ext moves over 11.5-13.3 W m-2 K-1 and every beaker ceiling by about +/-6 pct (DMF 80.3-85.8 mA cm-2). Nothing flips.",
9. Thermal model,H_EXT (external film: convection + radiation),13.0,W m-2 K-1,derived,"the sum of the two rows above evaluated at Ts = 65 C, eps = 0.9, L = 0.08 m and T_amb = 25 C: 6.36 + 6.60 = 12.96, i.e. 13.0. New row: this sum is the constant make_figK.py actually uses (H_EXT) and it had no registry row -- only its two addends did",rows 'h natural convection (air)' and 'h radiation (linearized)' of this registry,,"Held temperature-independent in the code while the real h_ext runs 13.0 (66 C) -> 14.0 (82 C) -> 15.1 (100 C) -> 18.2 (153 C), so rejection at the DMF boiling point is understated by about 40 pct. Resolving h_ext(T_b) moves ceilings by THF -0.1 pct, MeCN +3.5 pct, DMF +15.7 pct and aq. NaOH +7.3 pct; nothing flips. Note that this correction and the vessel-area correction nearly cancel for DMF (88.8 -> 91.8, i.e. +3 pct).",
9. Thermal model,UA still air (incl. radiation),0.1625,W K-1,derived,corrected value. UA = H_EXT x A_ext = 13.0 W m-2 K-1 x 0.0125 m2 = 0.1625 W K-1. The inherited 0.20 W K-1 was not reproducible from its own stated inputs (it implies h ~ 16 W m-2 K-1) and was the row through which the reverse-fitted 0.02 W cm-2 K-1 still-air coefficient entered the analysis,rows 'H_EXT' and 'Vessel external area' of this registry,,"With the wetted-area sensitivity (0.00996 m2) UA falls further to 0.129 W K-1. UA sets the transient tau = m cp / UA (22 min for a 100 mL DMF beaker) and, through U' = UA/A_elec, the steady state.",
9. Thermal model,sigma (unstirred 100 mL beaker),9.96,-,derived,"sigma = A_ext / A_elec = 0.00996 m2 / 1.0e-3 m2 = 9.96, computed in figs/thermal_model.py (SIGMA_BEAKER) from the declared archetype so that it cannot be re-tuned silently; U' = 0.01146 W cm-2 K-1. Both inputs are declared rows of this registry with their own sensitivities, and the construction between them is the citation -- the same shape as delta (unstirred batch), which is derived from a named equation evaluated at a declared operating point. Note: this does not reproduce the 0.02 W cm-2 K-1 still-air value assumed in earlier treatments -- the geometric construction lands about 43 pct below it, and no sigma consistent with the declared vessel recovers 0.02",elementary geometry of the declared vessel; see row 'Vessel external area',,Inherits the vessel-geometry exposure of that row: across the 4-6 cm diameter span sigma runs 11.15-9.20 and the beaker ceilings move by about -8/+8 pct. Nothing flips.,
9. Thermal model,sigma (stirred 100 mL beaker),9.96,-,derived,"the same vessel as the unstirred beaker; stirring changes h_int, not the external area. U' = 0.01275 W cm-2 K-1",elementary geometry of the declared vessel; see row 'Vessel external area',,"Stirring raises U' only from 0.01146 to 0.01275 W cm-2 K-1, i.e. 11 pct, because h_ext and not h_int is the limiting resistance -- the quantitative basis for the statement that stirring a beaker is nearly useless thermally.",
9. Thermal model,"sigma (recirculating flow, RDE, rotating cylinder)",9.96,-,assumption,"INHERITED from the beaker vessel. A transport archetype is fixed by its diffusion layer; a thermal archetype needs the ohmic path, the heat-rejection area ratio and the internal film, and an exemplar that measures a boundary layer need state none of them. Watkins' supporting information gives the copper foil size and the flow rates but no electrode separation and no electrode areas, and a rotating disc turns in a beaker, so these four take the registered beaker geometry rather than a housing invented for them",declared basis: the value of row 'sigma (unstirred 100 mL beaker)',,"Swept as a breaking point rather than as a band, because no source states the heat-rejection area of these cells. sigma is the OTHER unsourced geometric term, and it is the tighter of the two: 2 verdicts reverse within a factor of 2.5 of the declared value (RDE 1600 rpm in MeCN at 1.69x; RDE 1600 rpm in DMF at 1.66x). A cell with twice the outer surface per unit of electrode area is an ordinary variation, so these are published as conditional on the declared geometry rather than as findings. Everything that CLEARS needs sigma to fall by a factor of 3 to 336 before it would boil, and the tetrahydrofuran failure at the rotating cylinder needs a factor of 23, so the robust half of the section is robust on this axis too. ONE of the four has external corroboration, and it runs in the safe direction: the parallel H-cell of Table S5 is built from two polycarbonate compartments of 2 x 2 x 0.22 in with a 1 cm2 cathode (Lobaccaro, Singh, Clark, Kwon, Bell & Ager, Phys. Chem. Chem. Phys. 2016, 18, 26777-26785, and its supporting information), which gives 74.3 cm2 of outer surface over 1 cm2 of electrode, i.e. sigma = 74.3 against the 9.96 this model carries. The value used here is therefore conservative for that cell by a factor of 7.5, and adopting the sourced one would only widen a margin that already clears. It is NOT adopted, because one exemplar body is not the archetype and because that body is polycarbonate, whose wall conduction the balance omits (see the wall-conduction row). The other two rows on this value have no published body geometry at all, so they keep the beaker value.",
9. Thermal model,sigma (microfluidic 25 um),7.0,-,assumption,"the single load-bearing sigma. No source exists. The declared chip that reproduces it is a 5 x 3.5 cm footprint, 2.05 cm thick, with 1 cm plates: A_ext = 69.8 cm2 over 10 cm2 gives 6.98; a thinner 1.1 cm chip gives 5.4. New row: previously unregistered","declared chip geometry, now bracketed by the exemplar's own drawings: Mo et al., Science 2020, 368, 1352-1357, Supplementary Materials Appendix A, Fig. S20A p. 58 (the aluminium holder for the small-scale cell, 3.00 x 3.00 inch, 'Unit: inch'), with the glassy carbon plates given as 50 x 50 x 3 mm on p. 3","SM Appendix A, Fig. S20A p. 58; electrode plates p. 3","Corroborated by the exemplar, which is what this row lacked until 2026-09-13. The two outer aluminium faces alone give 2 x (3.00 in)^2 = 116 cm2, a lower bound on the rejecting area, and the channel area follows from V = Q tau at the 25 um gap with tau = 4 min (Table S1 entries 9-12) and the 5-15 uL min-1 the procedures use, i.e. 8-24 cm2. Together they bracket sigma at 4.8-14.5 for that cell and the declared 7.0 sits inside, the mid-range flow rate giving 7.3. Neither end is adopted: the bracket is wide, and the archetype's electrode is the declared 10 cm2 rather than Mo's channel. Tested sigma in [3.5, 21], half to three times the declared value. Judged against this cell's own median transport ceiling of 110.7 mA cm-2, every electrolyte clears at every point in that range (THF 2.19-7.37x, MeCN 3.51-14.51x, DMF 6.09-21.36x, aq. NaOH 4.72-22.05x), and the breaking points lie far below it -- the tightest is 0.17x the declared 7.0. This row carries no verdict that turns inside its own band. It remains the one surface-area ratio in the model with no source of any kind, which is why the band is stated.",
9. Thermal model,sigma (zero-gap PEM stack),0.8,-,assumption,"no source exists. An interior cell of a stack rejects heat only through the plate edge, so sigma = (perimeter x cell pitch) / A_elec: a square 10 cm2 cell of perimeter 12.65 cm at 8.7 mm pitch gives 1.10 and a circular one 0.98. The 8.7 mm pitch itself came from a stack design that could not be opened (403) and is deliberately not cited. new row: previously unregistered",declared stack geometry,,"Tested pitch 4-12 mm, i.e. sigma in [0.51, 1.52]: the zero-gap margin runs 0.11x-0.23x against i_design = 1000 mA cm-2, so all four solvents fail at every point in the range and the zero-gap conclusion is unconditional. Adopting sigma = 1.0 instead of 0.8 would move the margins from 0.07-0.18x to 0.08-0.21x.",
9. Thermal model,h_int (stagnant electrolyte),100,W m-2 K-1,assumption,"a declared internal film coefficient, bounded but not fixed by the tabulated ranges (free convection in liquids 50-1000; forced convection in liquids 100-20 000 W m-2 K-1). New row: previously unregistered.","Incropera, DeWitt, Bergman & Lavine, Fundamentals of Heat and Mass Transfer, 6th ed., Wiley, 2007",Table 1.1 (ranges only; the table does not license any single value),"h_int is not load-bearing anywhere. Swept 50 -> infinity (a range above 2e4, spanning the whole Incropera Table 1.1 liquid band), every boil-off ceiling moves by -5/+6 pct: the dimethylformamide ceiling runs 74.9 / 79.2 / 83.5 / 83.9 / 84.2 mA cm-2 at h_int = 50 / 100 / 800 / 2000 / infinity in the unstirred batch, and 947.3 / 1024.6 / 1105.4 / 1113.0 / 1118.1 mA cm-2 in the microfluidic 25 um, which is the thinnest-gap architecture and the one where a developing-flow correction to h_int would be largest. No conclusion in S6.1 or S6.2 is sensitive to any of the four h_int values.",
9. Thermal model,h_int (stirred electrolyte),800,W m-2 K-1,assumption,"a declared internal film coefficient, bounded but not fixed by the tabulated ranges (free convection in liquids 50-1000; forced convection in liquids 100-20 000 W m-2 K-1). New row: previously unregistered. Independently recovered from an agitated-vessel correlation: Nu = 0.36 Re_a^0.67 Pr^0.33 (mu/mu_w)^0.14 with Re_a = N D_a^2 rho / mu gives h = 669 W m-2 K-1 for DMF in a 5 cm vessel with a 2.5 cm impeller at 300 rpm, 1203 at 3 cm and 500 rpm, and 3087 at 3.5 cm and 1500 rpm.","Incropera, DeWitt, Bergman & Lavine, Fundamentals of Heat and Mass Transfer, 6th ed., Wiley, 2007; Chilton, Drew & Jebens, Ind. Eng. Chem. 1944, 36, 510-516",Table 1.1 (ranges only; the table does not license any single value),"h_int is not load-bearing anywhere. Swept 50 -> infinity (a range above 2e4, spanning the whole Incropera Table 1.1 liquid band), every boil-off ceiling moves by -5/+6 pct: the dimethylformamide ceiling runs 74.9 / 79.2 / 83.5 / 83.9 / 84.2 mA cm-2 at h_int = 50 / 100 / 800 / 2000 / infinity in the unstirred batch, and 947.3 / 1024.6 / 1105.4 / 1113.0 / 1118.1 mA cm-2 in the microfluidic 25 um, which is the thinnest-gap architecture and the one where a developing-flow correction to h_int would be largest. No conclusion in S6.1 or S6.2 is sensitive to any of the four h_int values.",
9. Thermal model,"h_int (forced flow, centimetre gap)",2000,W m-2 K-1,assumption,"a declared internal film coefficient, bounded but not fixed by the tabulated ranges (free convection in liquids 50-1000; forced convection in liquids 100-20 000 W m-2 K-1). New row: previously unregistered. Not defensible from internal-flow theory -- D_h = 10 mm laminar with Nu = 8.23 gives h ~ 132 W m-2 K-1, not 2000 -- but per the sweep opposite it does not matter: correcting 2000 to 132 moves the flow-cell DMF ceiling from 158.5 to 149.4 mA cm-2.","Incropera, DeWitt, Bergman & Lavine, Fundamentals of Heat and Mass Transfer, 6th ed., Wiley, 2007",Table 1.1 (ranges only; the table does not license any single value),"h_int is not load-bearing anywhere. Swept 50 -> infinity (a range above 2e4, spanning the whole Incropera Table 1.1 liquid band), every boil-off ceiling moves by -5/+6 pct: the dimethylformamide ceiling runs 74.9 / 79.2 / 83.5 / 83.9 / 84.2 mA cm-2 at h_int = 50 / 100 / 800 / 2000 / infinity in the unstirred batch, and 947.3 / 1024.6 / 1105.4 / 1113.0 / 1118.1 mA cm-2 in the microfluidic 25 um, which is the thinnest-gap architecture and the one where a developing-flow correction to h_int would be largest. No conclusion in S6.1 or S6.2 is sensitive to any of the four h_int values.",
9. Thermal model,"h_int (forced flow, thin gap)",5000,W m-2 K-1,assumption,"a declared internal film coefficient, bounded but not fixed by the tabulated ranges (free convection in liquids 50-1000; forced convection in liquids 100-20 000 W m-2 K-1). New row: previously unregistered.","Incropera, DeWitt, Bergman & Lavine, Fundamentals of Heat and Mass Transfer, 6th ed., Wiley, 2007",Table 1.1 (ranges only; the table does not license any single value),"h_int is not load-bearing anywhere. Swept 50 -> infinity (a range above 2e4, spanning the whole Incropera Table 1.1 liquid band), every boil-off ceiling moves by -5/+6 pct: the dimethylformamide ceiling runs 74.9 / 79.2 / 83.5 / 83.9 / 84.2 mA cm-2 at h_int = 50 / 100 / 800 / 2000 / infinity in the unstirred batch, and 947.3 / 1024.6 / 1105.4 / 1113.0 / 1118.1 mA cm-2 in the microfluidic 25 um, which is the thinnest-gap architecture and the one where a developing-flow correction to h_int would be largest. No conclusion in S6.1 or S6.2 is sensitive to any of the four h_int values.",
9. Thermal model,"Transport ceiling, used as the thermal operating point (six architectures)",8.2 / 9.3 / 16.8 / 110.7 / 108.5 / 121.7,mA cm-2,derived,"each architecture's own median limiting current over the 50-reaction set, read from the published matrix rather than declared: unstirred, stirred, recirculating flow, microfluidic, rotating disc, rotating cylinder. This replaces four declared design currents (50, 50, 100 and 500 mA cm-2) whose only basis was practice quoted for a reactor class","the median over the solved 50-reaction transport matrix, per architecture (Stage 0 for the direct and catalyst-carried entries, the EC-prime solver for the mediated ones; Tables S2 and S5)",,"Not an assumption: it moves only when the transport model moves, and the transport model's own sensitivities bound it. IT IS NOT A DESIGN CURRENT, and the distinction matters for how the figure is read. The thermal margin is the ratio of two CEILINGS -- how much current the cell can shed heat at, over how much it can supply reactant at -- so it says which limit binds first and is agnostic to whatever current an operator actually chooses. Only the cooling-duty analysis evaluates a quantity AT a current, and it evaluates it at this one, which is the strongest case the architecture can be asked to meet.",
9. Thermal model,i_design (zero-gap PEM stack),1000,mA cm-2,assumption,"the declared design current of the industrial REFERENCE, kept declared because Figure 5 reaches no Tier-4 architecture and the matrix therefore computes no ceiling for it",declared operating point,,"PEM water electrolysis operates nominally at 1.0-2.0 A cm-2 (Carmo, Fritz, Mergel & Stolten, Int. J. Hydrogen Energy 2013, 38, 4901-4934) and zero-gap CO2 electrolysis sustains A cm-2-class operation (Endrodi, Samu, Kecsenovity, Halmagyi, Sebok & Janaky, Nature Energy 2021, 6, 439-448: 420 +/- 50 mA cm-2 partial current over 200 h). Tested 500-2000 mA cm-2: the stack fails in all four electrolytes at every point, and it fails at a gap of zero as well, so its verdict rests on no geometry at all.",
9. Thermal model,Inter-electrode gap (beaker),2.0e-2 m,m,assumption,"the canonical 'beaker, 2 cm' archetype of julia/cellvoltage.jl. A 5 mm gap which is that file's tight-batch spacing rather than beaker practice, and understated beaker ohmic heat fourfold. New row: previously unregistered",declared archetype,,"Tested 1-2 cm (real beaker setups space electrodes 1-2 cm apart): q ~ L, so ceilings scale as L^-1/2 and every ceiling on this gap rises by up to 1.4x at 1 cm. 4 of the 7 archetypes share this gap (unstirred batch, stirred batch, recirculating flow, RDE 1600 rpm), because rotation and recirculation thin the diffusion layer and move no electrode. Swept as a breaking point rather than as a band, because no source states this cell's electrode separation: 4 of the 28 architecture-solvent cells reverse their verdict within a factor of 2.5 of the declared gap, and all 4 are acetonitrile or dimethylformamide at a rotating electrode (RDE 1600 rpm in MeCN at 0.57x; RDE 1600 rpm in DMF at 0.59x; rotating cyl. 3000 rpm in MeCN at 0.37x; rotating cyl. 3000 rpm in DMF at 0.39x). The tetrahydrofuran verdicts at both rotating cells need a gap below about 1.6 mm to reverse, which is no longer a beaker-scale cell, and the 4 architectures sharing this gap (unstirred batch, stirred batch, recirculating flow, RDE 1600 rpm) hold boil-off ceilings within 6.0 pct of one another while their transport ceilings span 13.2x.",
9. Thermal model,Inter-electrode gap (rotating cylinder),2.435e-2 m,m,derived,"DERIVED from the cell the rotating-cylinder correlation was built in. Eisenberg, Tobias & Wilke turn nickel rotors of 1.273, 2.48 and 5.024 cm diameter inside concentric outer cylinders of 6.07, 9.87 and 13.69 cm inside diameter, and state that those combinations span gap-to-inner-diameter ratios of 0.104 to 4.88, which the printed dimensions reproduce. At the 1.2 cm rotor this model turns, the tightest annulus that cell offers is (6.07 - 1.2)/2 = 2.44 cm. New row: previously unregistered","Eisenberg, Tobias & Wilke, J. Electrochem. Soc. 1954, 101, 306-320",p. 308 (rotor and outer-cylinder dimensions; gap ratios 0.104-4.88),"The same paper's widest annulus at this rotor is 6.25 cm, and that is the row's band. Across it the rotating-cylinder ceilings fall about 1.6x, and the tetrahydrofuran verdict holds throughout while the acetonitrile and dimethylformamide verdicts are the conditional pair reported on the beaker-gap row.",
9. Thermal model,Inter-electrode gap (microfluidic 25 um),2.5e-5 m,m,measured,"MEASURED, and the same number the transport archetype derives its 12.5 um half-gap film from: the thinnest FEP spacer of the cell the exemplar was run in. New row: previously unregistered","Mo, Rughoobur, Nambiar, Zhang, Jensen et al., Science 2020, 368, 1352-1357","supplementary material p. 13 (""the inter-electrode distance is controlled by the thickness of FEP spacer ... the thinnest FEP spacer (0.001"", 25 um)"")",,
9. Thermal model,Inter-electrode gap (zero-gap PEM stack),1.0e-4 m,m,assumption,"intended as a membrane thickness, but no named membrane with a page-anchored thickness is attached to it. Thin-gap preparative cells at 100 um do exist (a 4-methylanisole thin-gap cell, J. Appl. Electrochem. 2008, DOI 10.1007/s10800-007-9444-8), but that paper could not be opened and its contents are not asserted here. New row: previously unregistered",-- (no page-anchored source),,"Tested 50-200 um: q ~ L, so ceilings span 1.4x either way and all four solvents still fail at 1 A cm-2 across the range. Page-anchoring would require a named separator (Nafion 115, 117 or 212) with a page-anchored thickness before 100 um is published as a membrane figure.",
9. Thermal model,"kappa (0.1 M KHCO3 aq, exemplar cell-resistance check)",8.9,mS cm-1,measured,"measured at 20 C and used for one purpose only: to test the INHERITED 2 cm ohmic path of the two flow archetypes against a resistance their own exemplar reports. 0.1 M KHCO3 is 0.996 mass pct (M = 100.114 g mol-1, rho = 1.005 g mL-1), so it lands on the table's 1 mass pct column. Carried to 25 C with the same 1.5-1.9 pct/K bracket the 1 M NaOH aq row uses it is 9.57-9.75 mS cm-1. The column was read by x-coordinate, not token order: the header '1%' sits at x = 271 and the value at x = 270.8, the same discipline the interleaved NaCl/KCl columns of this table needed","CRC Handbook of Chemistry and Physics, 97th ed. (W. M. Haynes, ed.), CRC Press, 2016","'Electrical Conductivity of Aqueous Solutions', p. 5-71, potassium hydrogen carbonate (KHCO3) row, 1 mass pct column, 20 C",,
9. Thermal model,Vessel wall conduction (omitted from U'),0,m2 K W-1,assumption,the heat balance puts the internal and external films in series and carries NO conduction resistance through the vessel wall between them. That is why it is declared rather than silent: the omission is invisible for glass and is not for a machined plastic body,declared model simplification,,"A 1.5 mm borosilicate beaker wall adds L/k = 0.0014 m2 K W-1 against the external film's 1/h_ext = 0.0769, i.e. 2 pct of the series, which is below the reporting precision of every ceiling in this section. A 5.6 mm polycarbonate block -- the body of the cell the two flow archetypes are anchored to -- adds 0.0294, i.e. 28 pct, and would lower that cell's ceilings by about 15 pct. No archetype in §S6 is computed on a plastic body, so no published number moves; the bound is registered because any future architecture with a thick low-conductivity wall would need the term restored.",
9. Thermal model,Cooling band: natural convection,8e-4 - 2e-2,W cm-2 K-1,assumption,"the shaded availability band of §S6.2, reproduced from this registry's own inputs: H_EXT = 13 W m-2 K-1 times sigma in [0.8, 12.5], the figure's full sigma range, gives 1.04e-3 to 1.63e-2 W cm-2 K-1. New row: previously unregistered",rows 'H_EXT' and the four sigma rows of this registry,,"The plotted edges are rounded outward by about 25 pct relative to the derived interval, which visually credits passive cooling the model does not have. The tightened edges, 1.0e-3 to 1.6e-2 W cm-2 K-1, are registered on this row as its sensitivity rather than applied, so that the band this section reports is unchanged. No numeric conclusion depends on it.",
9. Thermal model,Cooling band: forced air,2e-2 - 8e-2,W cm-2 K-1,assumption,"forced convection in gases, 25-250 W m-2 K-1, times sigma. New row: previously unregistered","Incropera, DeWitt, Bergman & Lavine, Fundamentals of Heat and Mass Transfer, 6th ed., Wiley, 2007","Table 1.1 (forced convection, gases: 25-250 W m-2 K-1)","Over the full sigma range [0.8, 12.5] the derivable interval is 2.0e-3 to 3.1e-1 W cm-2 K-1, so the plotted band is a subset of the derivable range, drawn for sigma of about 3-8. That must be stated rather than left implicit; the band is shading only.",
9. Thermal model,Cooling band: liquid cold plate,2e-1 - 1.0,W cm-2 K-1,assumption,"laminar-to-transitional water channels: k = 0.60 W m-1 K-1 with D_h = 1-3 mm and Nu = 4.36 (circular, uniform heat flux) to 8.23 (parallel plates) gives h = 872-4938 W m-2 K-1, i.e. 0.09-0.49 W cm-2 K-1, and times sigma of about 1-2 gives 0.13-2.6. New row: previously unregistered. relabelled from 'PEM-class': the PEM attribution is what fails -- see the U' liquid cold plate row","Incropera, DeWitt, Bergman & Lavine, Fundamentals of Heat and Mass Transfer, 6th ed., Wiley, 2007",Table 8.1 and Eq. 8.53 (laminar internal flow); Eq. 8.60 (Dittus-Boelter),"sensitivity (this row is state C: the derivation yields a range that contains the plotted band but does not produce it). The derivable interval is 0.13-2.6 W cm-2 K-1 for sigma of about 1-2, against the plotted 0.2-1.0, so the plotted band is a subset drawn near the middle. One statement rests on it: S6.2 places the zero-gap cooling duty of 0.099 W cm-2 K-1 inside liquid-loop territory, i.e. it asserts a water-channel cold plate delivers it. That claim survives the whole derivable interval and does not depend on where the band was drawn: 0.099 sits below even the bottom edge, 0.13, so the cheapest cold plate in the construction still clears the duty by 1.3x, and the margin runs to 26x at the top. The conclusion is therefore insensitive to this row, unlike the forced-air band immediately above it, whose upper edge does carry a verdict.",
9. Thermal model,§S6 reference lines,none drawn,mA cm-2,assumption,"the figure drew horizontal rules at declared design currents of 50, 500 and 1000 mA cm-2 while the thermal operating point was declared. Each architecture is now judged against its own median transport ceiling, which is a different number per row, so no reference line is drawn and the row records only that the constant has left the figure",display element,,"display-only: no quantity is computed from this row, and no figure draws it.",
9. Thermal model,T_amb (§S6),25.0,C,assumption,"standard laboratory ambient, the same 298.15 K as category 1. New row: previously unregistered as a §S6 constant",declared modelling convention,,"Tested 20-30 C: (T_b - T_amb) changes by 5/128, i.e. 4 pct for DMF, so ceilings move by about 2 pct. Nothing flips.",
9. Thermal model,"Ea (kappa(T) Arrhenius upper bound, S6.3)",15,kJ mol-1,assumption,"new row: previously unregistered, and it set every number in S6.3 while appearing in no table. The thermal model evaluates kappa at 25 C while predicting cells that run at 60-153 C, so its ceilings are lower bounds; S6.3 brackets that omission rather than correcting it, because no measured kappa(T) exists for any of these four compositions. The upper end of the bracket is Arrhenius scaling, kappa(T) = kappa_25 exp[(Ea/R)(1/298.15 - 1/T_b)] with Ea = 15 kJ mol-1 (EA_UPPER = 15000.0 J mol-1 in figs/analysis_kappaT_sensitivity.py, fed into the shared i_boil() of the thermal model). it is an upper bound and not A fit: Walden/Arrhenius captures only the falling viscosity, and neglects the competing rise in ion pairing as the dielectric constant falls, which is why the literature reports that single-Arrhenius forms describe organic liquid electrolytes poorly and that vft-type forms are needed. no source was located for Ea of these electrolytes; the coefficient's only external support is the water anchor in the locator column, and it is declared here as an assumption on that basis. It enters no 25 C quantity: setting Ea = 0 recovers the whole of S6.1 and S6.2 exactly","-- (declared upper-bound coefficient; no page-anchored source for Ea itself). The water anchor that licenses it is measured: CRC Handbook of Chemistry and Physics, 97th ed. (W. M. Haynes, ed.), CRC Press, 2016","Sect. 6, 'Properties of Water in the Range 0-100 C' (eta = 0.890 mPa s at 25 C and 0.282 mPa s at 100 C)","anchor. Walden (kappa ~ 1/eta) on water gives eta(25 C)/eta(100 C) = 0.890/0.282 = 3.16 at 100 C, against 3.37 from Arrhenius at Ea = 15 kJ mol-1 at the same point -- 6.9 pct apart. That agreement is what licenses 15 kJ mol-1 as the upper-bound coefficient rather than a fitted value; the anchor depends on temperature only, so the conductivity promotions do not touch it. Bracket. The lower bound of the bracket is kappa fixed at 25 C, i.e. the model as it stands everywhere else in S6, so this row cannot make any ceiling smaller. At the upper bound the multipliers kappa(T_b)/kappa(25 C) are a function of T_b alone -- THF 2.08x, MeCN 2.63x, aq. NaOH 3.37x, DMF 6.14x -- and the unstirred-beaker ceilings run 29 -> 42, 88 -> 140, 89 -> 215 and 282 -> 478 mA cm-2. Across all 28 (architecture, solvent) pairs the bracket factor spans 1.01x-2.43x. What depends on it: 25 of the 28 pass/fail verdicts are unchanged between the two bounds. The three bound-dependent verdicts are: MeCN in the RDE 1600 rpm (83 -> 132 mA cm-2 against 108, margin 0.77x -> 1.21x); DMF in the RDE 1600 rpm (84 -> 203 mA cm-2 against 108, margin 0.77x -> 1.87x); DMF in the rotating cyl. 3000 rpm (76 -> 185 mA cm-2 against 122, margin 0.63x -> 1.52x). Every one of them is reported as bound-dependent rather than as a finding. They are also very nearly the same cells the gap sweep finds conditional, which is the honest summary: the marginal cells are marginal on every axis at once, and no cell that clears comfortably at 25 C is put at risk by the bracket. The DMF 6.14x is the least trustworthy entry -- a 128 K extrapolation against a 75 K anchor, in the solvent and temperature regime where the neglected pairing term is largest -- and no conclusion rests on it. MEASURED COMPARISON: the same CRC table that page-anchors mu(25 C) for these solvents also prints eta at 25/50/75 C, and the viscous activation energy it implies is 8.4 and 7.2 kJ mol-1 for MeCN (25-50 and 50-75 C), 7.7 for DMF and 7.7 for THF. Every row is accepted only if its eta(25 C) reproduces the registry viscosity, which water fails and is dropped. By Walden (Lambda eta ~ const) that is the right quantity to judge an Ea(kappa) bound against, so the declared 15 kJ mol-1 is 1.8-2.1x the measured range -- an upper bound by roughly a factor of two, rather than an unanchored guess.",
9. Thermal model,U' stirred bath,0.18,W cm-2 K-1,assumption,"RE-scoped. this row is inconsistent with the figure's own physics by elevenfold: make_figK.py computes the stirred beaker at U' = 0.0160 W cm-2 K-1, not 0.18. The two are not the same architecture -- the registry row assumes a stirred thermostat bath is the external boundary (h_ext 100-300 rather than 13 W m-2 K-1), whereas §S6 assumes still air. The row is retained only as the jacketed-glass reference case and is not the §S6 stirred beaker",declared architecture (bath-jacketed glass),,Enters no figure and no stated conclusion; retained for comparison. The adjacent SI sentence quoting stirred-liquid heat rejection near 0.1 W cm-2 K-1 is scoped to this row.,
9. Thermal model,U' liquid cold plate,0.30,W cm-2 K-1,derived,"RE-derived, and the inherited citation is broken. The registry cited 'Wallnoefer-Ogris et al., Front. Chem. Eng. 2024, 6, 1384772' for '2-6 W cm-2 rejected across 10-20 K gradients'. That volume and article number is a different paper -- Eichner, Amiri, Burheim & Lamb, '2D simulation of temperature distribution within a large-scale PEM electrolysis stack', Front. Chem. Eng. 2024, 6, 1384772 -- and it contradicts the claim: it reports heat flux into the anodic fluid of 3200-4200 W m-2, i.e. 0.32-0.42 W cm-2 at 2 A cm-2, in-cell gradients of 13.6-17.1 K, and a coolant heat-transfer coefficient of 45 W m-2 K-1, implying U' of about 0.026 W cm-2 K-1, an order of magnitude below the tabled 0.30. The citation was a chimera of two sources and has been withdrawn. 0.30 survives instead as the mid-laminar value of the internal-flow derivation: water with k = 0.60 W m-1 K-1, D_h = 1-3 mm and Nu = 4.36-8.23","Incropera, DeWitt, Bergman & Lavine, Fundamentals of Heat and Mass Transfer, 6th ed., Wiley, 2007",Table 8.1 and Eq. 8.53,"Derived interval 0.09-0.49 W cm-2 K-1 laminar; Dittus-Boelter at Re = 3e3-3e4, Pr = 6 and D_h = 2 mm gives 0.86-5.4 W cm-2 K-1 turbulent. 0.30 is the mid-laminar value, and the conclusion it supports -- that THF's 0.099 W cm-2 K-1 duty in a stack is within cold-plate reach -- holds across the laminar interval.",
9. Thermal model,Evaporative loss,omitted,-,assumption,"omitted on both sides of the balance. Including it would delay boiling by carrying latent heat away, but evaporation is the solvent-loss failure mode the analysis is about, so omitting it is conservative for the temperature and neutral for the failure mode",declared modelling choice,,"Including evaporation removes latent heat, so the cell runs cooler, so it takes more current to reach Tb: every i_boil reported here is a lower bound on the true ceiling. The sign alone does not make every 'this cell boils' statement conservative. A lower bound protects the passes ('does not boil at i_design' needs i_boil > i_design, and the true ceiling is higher still), and leaves the fails exposed ('boils at i_design' needs i_boil < i_design, which a higher true ceiling can overturn). The sign alone is therefore not sufficient for the fail verdicts, and they are defended separately: (i) the zero-gap PEM stack is a closed cell with no free liquid surface, so evaporative cooling is not available to it at all and its fails -- all four electrolytes, at margins 0.07x, 0.11x, 0.18x, 0.15x -- stand unaffected; (ii) the fails in open vessels are the two rotating cells (RDE 1600 rpm in THF at 0.26x; RDE 1600 rpm in MeCN at 0.77x; RDE 1600 rpm in DMF at 0.77x; rotating cyl. 3000 rpm in THF at 0.21x; rotating cyl. 3000 rpm in MeCN at 0.62x; rotating cyl. 3000 rpm in DMF at 0.63x), and they are quantified rather than left to the sign. Taking the worst, THF at the rotating cyl. 3000 rpm: at that architecture's own transport ceiling of 121.7 mA cm-2 the dissipation is 12.08 W cm-2 while the passive path removes 0.528 W cm-2 at T = Tb, so evaporation would have to carry 11.55 W cm-2, which is 96 pct of the total heat. A latent path asked to remove that share of the dissipation is not a correction to this balance but a different experiment, and it is the experiment the failure mode describes: what is being modelled is loss of solvent, which is reached either way. The omission is therefore neutral for these verdicts rather than conservative for them.",
10. Homogeneous kinetics,8 mediated rate constants k,(Table S6),M-1 s-1,assumption,"order-of-magnitude values anchored to the literature of each system, two of the eight explicitly analogy-only. Retained as assumptions because none is a measurement in the exemplar's own electrolyte",Table S6 per-row citations (verified against the primary sources),"Table S6, k-provenance column","The reaction layer x_k = sqrt(D/kC) decides whether the homogeneous step falls inside or outside the film, and enters only as sqrt(k). Measured, not argued: each k perturbed by 10x and 1/10 one row at a time with the mediated matrix re-solved moves a cell across 25 mA cm-2 on 3 of the eight rows (ACT-mediated alcohol oxidation (flow, hectogram); BQ-mediated Wacker-Tsuji oxidation; HMF -> FDCA (biomass)), the >=25 count of any architecture by at most 1 and the >=50 count by at most 1, and the architecture ordering is preserved in every case. The two analogy-only rows are flagged in Table S6.",
10. Homogeneous kinetics,"k, Ni(I)-bipyridine + aryl bromide (4 catalyst rows)",1e2,M-1 s-1,assumption,"adopted for the Ni-XEC, aryl-amination, amination-with-NH3 and biaryl-homocoupling rows, whose substrate-consuming step is oxidative addition of an aryl bromide to Ni(I)-bipyridine; the value sits inside a measured bracket -- the isolated complex [(CO2Et-bpy)NiCl]4 + PhBr gives 7.1 +/- 0.3 in THF at 26 C (3.4-56 across para substituents, Hammett rho +1.1), the amination exemplar's own voltammetry in DMF loses the Ni(II/I) return wave at 100 mV/s with 4-bromoanisole (k >~ 1e2), and pulse radiolysis of (dtbbpy)NiBr with 4-bromobenzotrifluoride bounds it below 1e4 -- and is transferred to each row's ligand, solvent and arene as a declared choice","Ting, S. I.; Williams, W. L.; Doyle, A. G. J. Am. Chem. Soc. 2022, 144, 5575-5582, Fig. 6 p. 5579 (DOI 10.1021/jacs.2c00462); Kawamata, Y. et al. J. Am. Chem. Soc. 2019, 141, 6392-6402, Fig. 2B p. 6394 (DOI 10.1021/jacs.9b01886); Till, N. A.; Oh, S.; MacMillan, D. W. C.; Bird, M. J. J. Am. Chem. Soc. 2021, 143, 9332-9337, p. 9334 (DOI 10.1021/jacs.1c04652)",S5.7,"Adopted for 4 row(s); measured bracket 10-10^4 M-1 s-1 (Table S7j). Across the seven architectures the unstirred-to-rotating-cylinder gain is 3.1-4.8x at the adopted value against 23.3-26.1x at k = 0. With every sourced row moved to the edges of its bracket at once, flow >=25 count -1 at the low edge, +0 at the high edge; anec >=25 count -1 at the low edge, +2 at the high edge; anec >=50 count -1 at the low edge, +0 at the high edge; micro >=25 count +0 at the low edge, +3 at the high edge; micro >=50 count -1 at the low edge, +2 at the high edge; rde >=25 count +0 at the low edge, +3 at the high edge; rde >=50 count -1 at the low edge, +2 at the high edge; rce >=25 count +0 at the low edge, +3 at the high edge; rce >=50 count -1 at the low edge, +2 at the high edge (the eleven-row tally, which is the whole of what the fifty-row counts can move by); the ten-of-eleven result holds at both edges: NO.",
10. Homogeneous kinetics,"k, cobalt hydride + alkene (2 catalyst rows)",7e2,M-1 s-1,assumption,"adopted for the two cobalt-electrocatalytic HAT rows (hydroamination, isomerization), whose substrate-consuming step is hydrogen-atom transfer from Co(III)-H to the alkene; the value is the finite-element fit to Co(salen) voltammetry with 4-tert-butylstyrene in DMF, and is transferred to the rows' unactivated alkenes and cathodically generated hydride as a declared choice (the hydride-formation step, rate-limiting in both cited studies, is not the model's k)","Boucher, D. G.; Pendergast, A. D.; Wu, X.; Nguyen, Z. A.; Jadhav, R. G.; Lin, S.; White, H. S.; Minteer, S. D. J. Am. Chem. Soc. 2023, 145, 17665-17677, p. 17674 (DOI 10.1021/jacs.3c03815); Wilson, C. V.; Holland, P. L. J. Am. Chem. Soc. 2024, 146, 2685-2700 (DOI 10.1021/jacs.3c12329)",S5.7,"Adopted for 2 row(s); measured bracket 100-10^4 M-1 s-1 (Table S7j). Across the seven architectures the unstirred-to-rotating-cylinder gain is 3.3-3.4x at the adopted value against 23.9-25.0x at k = 0. With every sourced row moved to the edges of its bracket at once, flow >=25 count -1 at the low edge, +0 at the high edge; anec >=25 count -1 at the low edge, +2 at the high edge; anec >=50 count -1 at the low edge, +0 at the high edge; micro >=25 count +0 at the low edge, +3 at the high edge; micro >=50 count -1 at the low edge, +2 at the high edge; rde >=25 count +0 at the low edge, +3 at the high edge; rde >=50 count -1 at the low edge, +2 at the high edge; rce >=25 count +0 at the low edge, +3 at the high edge; rce >=50 count -1 at the low edge, +2 at the high edge (the eleven-row tally, which is the whole of what the fifty-row counts can move by); the ten-of-eleven result holds at both edges: NO.",
10. Homogeneous kinetics,"k, Co(salen) aza-Wacker step (1 catalyst row)",1e1,M-1 s-1,assumption,"adopted for the Co(salen) aza-Wacker cyclization row from the exemplar's own voltammetry: with the reaction's base (Na2CO3) and 10 mM substrate the Co(II)/Co(III) wave is unchanged at 100 mV/s at room temperature, which bounds the step below ~4e1 M-1 s-1 there; the synthesis runs at reflux, for which nothing is printed, so the adopted decade is a declared choice inside the room-temperature bound","Cai, C.-Y.; Wu, Z.-J.; Liu, J.-Y. et al. Nat. Commun. 2021, 12, 3745, Supplementary Fig. 2 (DOI 10.1038/s41467-021-24125-5)",S5.7,"Adopted for 1 row(s); measured bracket 1-100 M-1 s-1 (Table S7j). Across the seven architectures the unstirred-to-rotating-cylinder gain is 6.9-6.9x at the adopted value against 23.9-23.9x at k = 0. With every sourced row moved to the edges of its bracket at once, flow >=25 count -1 at the low edge, +0 at the high edge; anec >=25 count -1 at the low edge, +2 at the high edge; anec >=50 count -1 at the low edge, +0 at the high edge; micro >=25 count +0 at the low edge, +3 at the high edge; micro >=50 count -1 at the low edge, +2 at the high edge; rde >=25 count +0 at the low edge, +3 at the high edge; rde >=50 count -1 at the low edge, +2 at the high edge; rce >=25 count +0 at the low edge, +3 at the high edge; rce >=50 count -1 at the low edge, +2 at the high edge (the eleven-row tally, which is the whole of what the fifty-row counts can move by); the ten-of-eleven result holds at both edges: NO.",
10. Homogeneous kinetics,"k, four catalyst rows with no measured constant",0 (floor); 1-10^4 swept,M-1 s-1,assumption,"the Ni(tet a) macrocycle aryl-halide cyclization, the Mn-catalyzed diazidation (an azidyl-radical step), the Cu/anthraquinone photoelectrochemical cyanation (the substrate is consumed by the photoexcited quinone) and the Rh(III) C-H alkenylation carry no measured bimolecular constant for the step the model needs, so the published matrix keeps them at k = 0 -- turned over at the electrode, no regeneration inside the film, the floor of the EC' current -- and the declared band is swept instead of a value being invented",Declared modelling choice; no literature k is claimed for these four rows,S5.7,"The published matrix runs the eleven catalyst-carried rows at k = 0, the floor of the EC' current. Re-solved as EC' problems over the declared band, the ten-of-eleven result holds for k <= 100 M-1 s-1 and fails at k = 10^3, where 5 of the eleven clear 25 mA cm-2 by k = 10^4; the largest amplification in the class is 31.5x and 45 of the 77 cells sit at their substrate cap at the top of the band. 198 of the 385 finite-k cells end on a ramp wall; at the concentration-control plateau that follows, the exhausted species is at most 1.63 pct of bulk at the electrode, so each is a lower bound tight to that fraction and no cell sits within its own tightness of a threshold. The k = 0 member of every sweep reproduces the published cell to better than 0.01 pct (worst of 77 cells).",
4. Solver species diffusivities,"D_S, substrate (catalyst-carried rows, S5.7)",1.0e-9 x (0.369 / mu),m2 s-1,assumption,"a typical small-organic diffusivity in acetonitrile, scaled as 1/mu to each row's solvent (Stokes-Einstein / Wilke-Chang scaling); the eleven substrates are the papers' model substrates and are not individually structure-resolved here",Declared rule; the mediated rows' eight page-anchored substrate diffusivities span 6.9e-10 to 1.9e-9 m2 s-1,S5.7,"Enters only through the substrate cap n_S F D_S C_S/delta and the reaction layer. 45 of the 77 cells sit at that cap at the top of the k band, where the ceiling scales linearly with D_S: a x0.5-2 band moves those cells' ceilings by the same factor and the others not at all. The k = 0 ceilings do not depend on it; of the 49 published cells carried at a sourced k, 12 sit at their substrate cap.",
11. Numerics,Film nodes N (Stage-1 / EC'),80 / 90,-,assumption,finite-volume mesh resolution. A declared solver setting with no physical content,Declared numerical setting; verified against the analytic limits of §S5.6,,Mesh independence verified: at most 1 pct drift over N = 40-160 (§S5.6).,
11. Numerics,First cell dx1,"max(0.02 um, min(x_k/50, 0.9 delta/N))",-,assumption,first-cell size matched to the reaction layer x_k. A declared solver setting with no physical content,Declared numerical setting; verified against the analytic limits of §S5.6,,Introduced to remove a hyper-stretched-mesh stall; the affected binary comparison now converges to within 0.2 pct of the analytic ceiling (§S5.6).,
11. Numerics,Residual scale c_ref (per species),"max(c_bulk, 0.01 c_max,bulk, max_x c)",-,assumption,"reference concentration in the flux D c_ref/delta that each conservation residual is divided by before the ||F||_inf test, in both solvers (the verification solver of §S5.3 and §S5.6, and the production solver, which carries Stage 1 at k = 0 and Stage 2); the last term is the species' largest concentration in the current iterate, so an electrogenerated species that is a trace in the bulk but molar at the electrode is held to the same relative tolerance as the rest. A declared solver setting with no physical content",Declared numerical setting; verified against the analytic limits of §S5.6,,"Perturbation: c_ref = max(c_bulk, 0.01 c_max,bulk) alone. The chloride ex-cell system's oxidant (0.02 mol m-3 in the bulk, 5.8 M at its carrier limit) is then normalised by a reference flux 2.9e+05 times smaller than its in-film concentration implies, so the 1e-9 tolerance asks for a relative accuracy of 3.5e-15 on that row, and the concentration-control walk stops on an existing branch at 52 pct of the analytic carrier limit on a 200 um film and 86 pct on 100 um, reaching it only on films of 50 um or less; the stop moves with nothing else (reaction off, substrate removed, mesh refined at either edge, proton mobility halved). With the in-film maximum included every film reaches 2.00x Fick, and the 48 production cells move by less than 1e-4 pct (33 bit-identical), because their oxidized mediators never exceed a few hundred mol m-3, and the 300 cells of the Stage-1 layer, re-solved in an isolated copy under the alternative scale, are bit-identical at the published precision. The verification solver of §S5.3 and §S5.6 uses the same rule; under its own alternative, max(c_bulk, 1 mol m-3), every closed-form agreement of §S5.6 is identical, the §S5.3 support-ratio sweep is byte-identical, and the illustrative concentration profiles move by at most 4e-6 relative.",
11. Numerics,Newton tolerance ||F||_inf,1e-9,-,assumption,row-scaled residual convergence criterion. A declared solver setting with no physical content,Declared numerical setting; verified against the analytic limits of §S5.6,,Tightening below 1e-9 changes no reported digit; the discrete charge-conservation check passes at 3e-12.,
11. Numerics,Log-step clamp,2.0-3.0,-,assumption,positivity-preserving damped-Newton step limit. A declared solver setting with no physical content,Declared numerical setting; verified against the analytic limits of §S5.6,,"Affects iteration count, not the converged solution.",
11. Numerics,Collapse threshold c_surf/c_bulk,1e-3,-,assumption,definition of surface depletion for electroactive species only; the crossing is bisected rather than quantized by the ramp. A declared solver setting with no physical content,Declared numerical setting; verified against the analytic limits of §S5.6,,Tested 1e-2 to 1e-4: i_lim moves by under 1 pct because the concentration profile is near-vertical at collapse.,
11. Numerics,Galvanostatic ramp growth,1.08-1.15,-,assumption,warm-started continuation step. A declared solver setting with no physical content,Declared numerical setting; verified against the analytic limits of §S5.6,,"The ramp only supplies a warm start: the reported value comes from concentration control, which reaches the collapse criterion rather than stalling at the ramp's fold, so the growth factor sets how quickly that start is found and not the answer. Doubling the mesh while refining the continuation 7.5-fold moves it by at most 0.01 pct (§S5.6).",
11. Numerics,FD Jacobian step,"1e-7 x max(|u|,1)",-,assumption,dense forward-difference Jacobian on log DOFs. A declared solver setting with no physical content,Declared numerical setting; verified against the analytic limits of §S5.6,,"The step enters the JACOBIAN, which chooses the Newton direction; it does not enter the RESIDUAL, which defines the solution. Convergence is declared on ||F||_inf < 1e-9 evaluated exactly, so a badly chosen h costs iterations or, at worst, convergence -- it cannot move the converged answer, which satisfies the same residual test either way. The value is the standard forward-difference optimum for double precision, h ~ sqrt(eps) ~ 1.5e-8, where truncation error growing as h balances round-off growing as eps/h; the total error is flat to within an order of magnitude either side. Every check passes against closed-form limits at this setting.",
11. Numerics,Trust-region negligibility NEGLIGIBLE_C,1e-10,-,assumption,"species below this fraction of their own bulk value are excluded from the Newton step-limiting norm and clamped individually instead (limit_step! In npp_ecprime.jl). Introduced 2026-08-24: rescaling the whole step by its largest component let a substrate at ~1e-22 of bulk, in a dead zone where it reacts with nothing, return Newton components of 1e9-1e12 and throttle the entire step by ~1e-12, so the boundary constraint could not move at all. Where no species is below the threshold the rule is identical to the old one. A declared solver setting with no physical content",Declared numerical setting; verified against the analytic limits of §S5.6,,"Swept over ten decades, 1e-6 to 1e-16, re-solving four cells (the two the change moved and two it must not): every value identical to 6 decimal places at every threshold. RDE and RCE, which never drive a species below 1e-3 of bulk, additionally return their pre-change values exactly. See §S5.5.",
